acc_best,acc_last,acc_mean_tail,acc_std_tail,attn_entropy,attn_mass_noise,attn_mass_other,attn_mass_sep,attn_mass_source,delay_len,err_both_source_and_noise,err_both_source_and_noise_rate,err_noise_only,err_noise_only_rate,err_other,err_other_rate,err_sep,err_sep_rate,err_source_only,err_source_only_rate,eval_acc,eval_batches,eval_correct_tokens,eval_error_rate,eval_tail,eval_total_tokens,eval_wrong_tokens,gate_max,gate_mean,gate_min,loss_best,loss_mean_tail,loss_std_tail,mask_mode,max_mem,mem_entries_total,mem_noise_entries,mem_sep_entries,mem_source_entries,model,num_steps,phase,run_mode,seed,source_survival_rate,window_size,write_mode
0.5843750238418579,0.5375000238418579,0.5334875111579895,0.015315478065938335,0.05584718380123377,0.0,0.0,0.0,1.0,40,126.9375,0.8573986418922936,0.0,0.0,0.0,0.0,0.0,0.0,21.0,0.14260135810770647,0.5376953221857548,16,172.0625,0.4623046875000001,500,320.0,147.9375,-1.0,-1.0,-1.0,0.9080642461776733,1.005356355190277,0.031135155264339666,forced,10,10,0,0,10,naive,3001,expB_memory_diagnostics,main,0,0.5,8,source-only
0.8062500357627869,0.78125,0.7735375130176544,0.01389728565635381,0.1461724890395999,0.0,0.0,0.0,1.0,40,53.375,0.8817090182198523,0.0,0.0,0.0,0.0,0.0,0.0,7.25,0.11829098178014774,0.8105468861758709,16,259.375,0.18945312499999997,500,320.0,60.625,-1.0,-1.0,-1.0,0.4730706810951233,0.5464398379325867,0.027014821070189626,forced,15,15,0,0,15,naive,3001,expB_memory_diagnostics,main,0,0.75,8,source-only
1.0,0.996874988079071,0.9955812566280365,0.004721332443996092,0.04923564265482128,0.0,0.0,0.0,1.0,40,0.0,0.0,0.0,0.0,0.0,0.0,0.0,0.0,0.0,0.0,1.0,16,320.0,0.0,500,320.0,0.0,-1.0,-1.0,-1.0,0.0024193052668124437,0.02208949006162584,0.01823386473442122,forced,20,20,0,0,20,naive,3001,expB_memory_diagnostics,main,0,1.0,8,source-only
1.0,0.996874988079071,0.9955812566280365,0.004721332443996092,0.04923564265482128,0.0,0.0,0.0,1.0,40,0.0,0.0,0.0,0.0,0.0,0.0,0.0,0.0,0.0,0.0,1.0,16,320.0,0.0,500,320.0,0.0,-1.0,-1.0,-1.0,0.0024193052668124437,0.02208949006162584,0.01823386473442122,forced,25,20,0,0,20,naive,3001,expB_memory_diagnostics,main,0,1.0,8,source-only
1.0,0.996874988079071,0.9955812566280365,0.004721332443996092,0.04923564265482128,0.0,0.0,0.0,1.0,40,0.0,0.0,0.0,0.0,0.0,0.0,0.0,0.0,0.0,0.0,1.0,16,320.0,0.0,500,320.0,0.0,-1.0,-1.0,-1.0,0.0024193052668124437,0.02208949006162584,0.01823386473442122,forced,30,20,0,0,20,naive,3001,expB_memory_diagnostics,main,0,1.0,8,source-only
0.768750011920929,0.753125011920929,0.7197625122070312,0.013056003591981197,0.06873827241361141,0.25023537036031485,0.0,0.05016945651732385,0.6995951943099499,40,62.875,0.8579201140217632,0.0,0.0,0.0,0.0,0.0,0.0,10.4375,0.14207988597823693,0.7708984464406967,16,246.6875,0.22910156250000002,500,320.0,73.3125,-1.0,-1.0,-1.0,0.5703738927841187,0.6469596430063248,0.02576383043051895,forced,50,50,40,1,9,naive,3001,expB_memory_diagnostics,main,0,0.45,8,prefix-all
0.9281250238418579,0.925000011920929,0.9031125115156173,0.009261808268315625,0.17754088435322046,0.1999240154400468,0.0,0.10036426968872547,0.6997117213904858,40,24.1875,0.8763756266707916,0.0,0.0,0.0,0.0,0.0,0.0,3.375,0.1236243733292084,0.9138672016561031,16,292.4375,0.08613281249999999,500,320.0,27.5625,-1.0,-1.0,-1.0,0.13702166080474854,0.1904570251405239,0.023514046678851905,forced,60,60,40,1,19,naive,3001,expB_memory_diagnostics,main,0,0.95,8,prefix-all
1.0,0.996874988079071,0.996531255364418,0.003431660746049854,0.11422868585214019,0.24982873816043139,0.0,0.05003841524012387,0.700132854282856,40,0.0,0.0,0.0,0.0,0.0,0.0,0.0,0.0,0.0,0.0,1.0,16,320.0,0.0,500,320.0,0.0,-1.0,-1.0,-1.0,0.0032707625068724155,0.01870526720257476,0.013816182796075875,forced,61,61,40,1,20,naive,3001,expB_memory_diagnostics,main,0,1.0,8,prefix-all
1.0,0.996874988079071,0.996531255364418,0.003431660746049854,0.11422868585214019,0.24982873816043139,0.0,0.05003841524012387,0.700132854282856,40,0.0,0.0,0.0,0.0,0.0,0.0,0.0,0.0,0.0,0.0,1.0,16,320.0,0.0,500,320.0,0.0,-1.0,-1.0,-1.0,0.0032707625068724155,0.01870526720257476,0.013816182796075875,forced,62,61,40,1,20,naive,3001,expB_memory_diagnostics,main,0,1.0,8,prefix-all
1.0,0.996874988079071,0.996531255364418,0.003431660746049854,0.11422868585214019,0.24982873816043139,0.0,0.05003841524012387,0.700132854282856,40,0.0,0.0,0.0,0.0,0.0,0.0,0.0,0.0,0.0,0.0,1.0,16,320.0,0.0,500,320.0,0.0,-1.0,-1.0,-1.0,0.0032707625068724155,0.01870526720257476,0.013816182796075875,forced,70,61,40,1,20,naive,3001,expB_memory_diagnostics,main,0,1.0,8,prefix-all
1.0,0.996874988079071,0.9955812566280365,0.004721332443996092,0.04923564265482128,0.0,0.0,0.0,1.0,40,0.0,0.0,0.0,0.0,0.0,0.0,0.0,0.0,0.0,0.0,1.0,16,320.0,0.0,500,320.0,0.0,-1.0,-1.0,-1.0,0.0024193052668124437,0.02208949006162584,0.01823386473442122,forced,20,20,0,0,20,naive,3001,expB_memory_diagnostics,main,0,1.0,8,source-pinned-noise-fifo
1.0,0.996874988079071,0.9961375056505203,0.003676753777496542,0.04330142890103161,1.0977140874501856e-05,0.0,0.0,0.9999890029430389,40,0.0,0.0,0.0,0.0,0.0,0.0,0.0,0.0,0.0,0.0,1.0,16,320.0,0.0,500,320.0,0.0,-1.0,-1.0,-1.0,0.003082664217799902,0.019686235573142766,0.01461055089778896,forced,25,25,5,0,20,naive,3001,expB_memory_diagnostics,main,0,1.0,8,source-pinned-noise-fifo
1.0,1.0,0.9958250057697297,0.004097322998792567,0.06104377913288772,1.5171624454524135e-05,0.0,0.0,0.9999848455190659,40,0.0,0.0,0.0,0.0,0.0,0.0,0.0,0.0,0.0,0.0,1.0,16,320.0,0.0,500,320.0,0.0,-1.0,-1.0,-1.0,0.0032054812181741,0.02156612927885726,0.016149268541022905,forced,30,30,10,0,20,naive,3001,expB_memory_diagnostics,main,0,1.0,8,source-pinned-noise-fifo
1.0,0.996874988079071,0.9952812587022781,0.0040911159732261925,0.0635392649564892,8.848131892591482e-05,0.0,0.0,0.9999115355312824,40,0.0,0.0,0.0,0.0,0.0,0.0,0.0,0.0,0.0,0.0,1.0,16,320.0,0.0,500,320.0,0.0,-1.0,-1.0,-1.0,0.0031481317710131407,0.024060399707406758,0.017590186423471307,forced,40,40,20,0,20,naive,3001,expB_memory_diagnostics,main,0,1.0,8,source-pinned-noise-fifo
1.0,0.996874988079071,0.9940687599182129,0.0050307527235103075,0.06871029874309897,5.495540608535521e-05,0.0,0.0,0.999945055693388,40,0.0,0.0,0.0,0.0,0.0,0.0,0.0,0.0,0.0,0.0,1.0,16,320.0,0.0,500,320.0,0.0,-1.0,-1.0,-1.0,0.00365211209282279,0.028831247438676655,0.02098790506726234,forced,60,60,40,0,20,naive,3001,expB_memory_diagnostics,main,0,1.0,8,source-pinned-noise-fifo
1.0,0.996874988079071,0.9940687599182129,0.0050307527235103075,0.06871029874309897,5.495540608535521e-05,0.0,0.0,0.999945055693388,40,0.0,0.0,0.0,0.0,0.0,0.0,0.0,0.0,0.0,0.0,1.0,16,320.0,0.0,500,320.0,0.0,-1.0,-1.0,-1.0,0.00365211209282279,0.028831247438676655,0.02098790506726234,forced,80,60,40,0,20,naive,3001,expB_memory_diagnostics,main,0,1.0,8,source-pinned-noise-fifo
1.0,0.996874988079071,0.9940687599182129,0.0050307527235103075,0.06871029874309897,5.495540608535521e-05,0.0,0.0,0.999945055693388,40,0.0,0.0,0.0,0.0,0.0,0.0,0.0,0.0,0.0,0.0,1.0,16,320.0,0.0,500,320.0,0.0,-1.0,-1.0,-1.0,0.00365211209282279,0.028831247438676655,0.02098790506726234,forced,100,60,40,0,20,naive,3001,expB_memory_diagnostics,main,0,1.0,8,source-pinned-noise-fifo
0.59375,0.518750011920929,0.5343812634944916,0.014616850351729656,0.06145511893555522,0.0,0.0,0.0,1.0,80,145.4375,0.979970090427709,0.0,0.0,0.0,0.0,0.0,0.0,2.9375,0.02002990957229099,0.5363281331956387,16,171.625,0.46367187499999996,500,320.0,148.375,-1.0,-1.0,-1.0,0.9146654009819031,0.9965957378149033,0.026158762826677555,forced,10,10,0,0,10,naive,3001,expB_memory_diagnostics,main,0,0.5,8,source-only
0.8125,0.784375011920929,0.7774625117778778,0.013346000757090573,0.15760502684861422,0.0,0.0,0.0,1.0,80,63.375,0.9938754724600087,0.0,0.0,0.0,0.0,0.0,0.0,0.375,0.006124527539991206,0.8007812686264515,16,256.25,0.19921875000000003,500,320.0,63.75,-1.0,-1.0,-1.0,0.42335090041160583,0.49069997924566267,0.026075217435459576,forced,15,15,0,0,15,naive,3001,expB_memory_diagnostics,main,0,0.75,8,source-only
1.0,1.0,0.9964750051498413,0.004116953136027854,0.0450571714900434,0.0,0.0,0.0,1.0,80,0.0,0.0,0.0,0.0,0.0,0.0,0.0,0.0,0.0,0.0,1.0,16,320.0,0.0,500,320.0,0.0,-1.0,-1.0,-1.0,0.001857853727415204,0.01861066670017317,0.01811395581194034,forced,20,20,0,0,20,naive,3001,expB_memory_diagnostics,main,0,1.0,8,source-only
1.0,1.0,0.9964750051498413,0.004116953136027854,0.0450571714900434,0.0,0.0,0.0,1.0,80,0.0,0.0,0.0,0.0,0.0,0.0,0.0,0.0,0.0,0.0,1.0,16,320.0,0.0,500,320.0,0.0,-1.0,-1.0,-1.0,0.001857853727415204,0.01861066670017317,0.01811395581194034,forced,25,20,0,0,20,naive,3001,expB_memory_diagnostics,main,0,1.0,8,source-only
1.0,1.0,0.9964750051498413,0.004116953136027854,0.0450571714900434,0.0,0.0,0.0,1.0,80,0.0,0.0,0.0,0.0,0.0,0.0,0.0,0.0,0.0,0.0,1.0,16,320.0,0.0,500,320.0,0.0,-1.0,-1.0,-1.0,0.001857853727415204,0.01861066670017317,0.01811395581194034,forced,30,20,0,0,20,naive,3001,expB_memory_diagnostics,main,0,1.0,8,source-only
0.10312499850988388,0.07500000298023224,0.054012500956654545,0.013086007833226445,3.863013908267021,1.0,0.0,0.0,0.0,80,213.625,0.7152376548753602,82.125,0.27328017461058385,0.6875,0.0023148148148148147,0.0,0.0,2.6875,0.009167355699241136,0.06523437635041773,16,20.875,0.9347656249999999,500,320.0,299.125,-1.0,-1.0,-1.0,2.9780242443084717,2.996289933681488,0.005805008836267497,forced,80,80,80,0,0,naive,3001,expB_memory_diagnostics,main,0,0.0,8,prefix-all
0.934374988079071,0.9125000238418579,0.9018062621355056,0.009063532480881344,0.16178459394723177,0.1999989002943039,0.0,0.10041686659678817,0.6995842680335045,80,29.75,0.989780745967742,0.0,0.0,0.0,0.0,0.0,0.0,0.3125,0.010219254032258065,0.9060546942055225,16,289.9375,0.0939453125,500,320.0,30.0625,-1.0,-1.0,-1.0,0.14381912350654602,0.19428166913986206,0.019277992092499713,forced,100,100,80,1,19,naive,3001,expB_memory_diagnostics,main,0,0.95,8,prefix-all
1.0,0.9937500357627869,0.9941562600135804,0.004678212804397829,0.08181754779070616,5.704929435523809e-05,0.0,0.006452507892390713,0.9934904873371124,80,0.0,0.0,0.0,0.0,0.0,0.0,0.0,0.0,0.0,0.0,1.0,16,320.0,0.0,500,320.0,0.0,-1.0,-1.0,-1.0,0.004268842749297619,0.02772717730794102,0.01805890340500393,forced,101,101,80,1,20,naive,3001,expB_memory_diagnostics,main,0,1.0,8,prefix-all
1.0,0.9937500357627869,0.9941562600135804,0.004678212804397829,0.08181754779070616,5.704929435523809e-05,0.0,0.006452507892390713,0.9934904873371124,80,0.0,0.0,0.0,0.0,0.0,0.0,0.0,0.0,0.0,0.0,1.0,16,320.0,0.0,500,320.0,0.0,-1.0,-1.0,-1.0,0.004268842749297619,0.02772717730794102,0.01805890340500393,forced,102,101,80,1,20,naive,3001,expB_memory_diagnostics,main,0,1.0,8,prefix-all
1.0,0.9937500357627869,0.9941562600135804,0.004678212804397829,0.08181754779070616,5.704929435523809e-05,0.0,0.006452507892390713,0.9934904873371124,80,0.0,0.0,0.0,0.0,0.0,0.0,0.0,0.0,0.0,0.0,1.0,16,320.0,0.0,500,320.0,0.0,-1.0,-1.0,-1.0,0.004268842749297619,0.02772717730794102,0.01805890340500393,forced,120,101,80,1,20,naive,3001,expB_memory_diagnostics,main,0,1.0,8,prefix-all
1.0,1.0,0.9964750051498413,0.004116953136027854,0.0450571714900434,0.0,0.0,0.0,1.0,80,0.0,0.0,0.0,0.0,0.0,0.0,0.0,0.0,0.0,0.0,1.0,16,320.0,0.0,500,320.0,0.0,-1.0,-1.0,-1.0,0.001857853727415204,0.01861066670017317,0.01811395581194034,forced,20,20,0,0,20,naive,3001,expB_memory_diagnostics,main,0,1.0,8,source-pinned-noise-fifo
1.0,1.0,0.9958562564849853,0.004011356284236888,0.05635516718029976,3.343508956277219e-05,0.0,0.0,0.9999665915966034,80,0.0,0.0,0.0,0.0,0.0,0.0,0.0,0.0,0.0,0.0,1.0,16,320.0,0.0,500,320.0,0.0,-1.0,-1.0,-1.0,0.002739283023402095,0.021713453389704228,0.01721408656446959,forced,25,25,5,0,20,naive,3001,expB_memory_diagnostics,main,0,1.0,8,source-pinned-noise-fifo
1.0,0.9906250238418579,0.9962750060558319,0.0035065905659366087,0.058939864160493016,1.7903477555591962e-05,0.0,0.0,0.9999821074306965,80,0.0625,0.0625,0.0,0.0,0.0,0.0,0.0,0.0,0.0,0.0,0.9998046867549419,16,319.9375,0.0001953125,500,320.0,0.0625,-1.0,-1.0,-1.0,0.003095241729170084,0.019939638920594006,0.01538067140887025,forced,30,30,10,0,20,naive,3001,expB_memory_diagnostics,main,0,1.0,8,source-pinned-noise-fifo
1.0,1.0,0.9949250075817108,0.004501102406822782,0.0525999607052654,1.1849994393742236e-05,0.0,0.0,0.9999881722033024,80,0.0,0.0,0.0,0.0,0.0,0.0,0.0,0.0,0.0,0.0,1.0,16,320.0,0.0,500,320.0,0.0,-1.0,-1.0,-1.0,0.0036806645803153515,0.02550375110981986,0.01813042222218905,forced,40,40,20,0,20,naive,3001,expB_memory_diagnostics,main,0,1.0,8,source-pinned-noise-fifo
1.0,1.0,0.9929250118732452,0.005075888660953772,0.09394737798720598,5.067538813818828e-05,0.0,0.0,0.9999493546783924,80,0.0,0.0,0.0,0.0,0.0,0.0,0.0,0.0,0.0,0.0,1.0,16,320.0,0.0,500,320.0,0.0,-1.0,-1.0,-1.0,0.005989565048366785,0.033247303563170134,0.020386286521960607,forced,60,60,40,0,20,naive,3001,expB_memory_diagnostics,main,0,1.0,8,source-pinned-noise-fifo
1.0,0.9937500357627869,0.9930750133991242,0.004862702910241869,0.07984642777591944,0.00010227869552181801,0.0,0.0,0.9998977445065975,80,0.0,0.0,0.0,0.0,0.0,0.0,0.0,0.0,0.0,0.0,1.0,16,320.0,0.0,500,320.0,0.0,-1.0,-1.0,-1.0,0.00546904094517231,0.032797825530171396,0.01990635615693649,forced,80,80,60,0,20,naive,3001,expB_memory_diagnostics,main,0,1.0,8,source-pinned-noise-fifo
1.0,1.0,0.9939625105857849,0.00485268226617168,0.08123091980814934,0.00010530737699809833,0.0,0.0,0.9998947232961655,80,0.0,0.0,0.0,0.0,0.0,0.0,0.0,0.0,0.0,0.0,1.0,16,320.0,0.0,500,320.0,0.0,-1.0,-1.0,-1.0,0.004550851881504059,0.028424488537013532,0.01915263444249184,forced,100,100,80,0,20,naive,3001,expB_memory_diagnostics,main,0,1.0,8,source-pinned-noise-fifo
0.596875011920929,0.559374988079071,0.5573812625408172,0.013373742614928042,0.10896446695551276,0.0,0.0,0.0,1.0,40,112.9375,0.8597656178074721,0.0,0.0,0.0,0.0,0.0,0.0,18.4375,0.14023438219252787,0.5894531346857548,16,188.625,0.410546875,500,320.0,131.375,0.9999933019280434,0.9966665022075176,0.9812468253076077,0.8383914232254028,0.9176223295927047,0.030702144824975915,forced,10,10,0,0,10,gated,3001,expB_memory_diagnostics,main,0,0.5,8,source-only
0.796875,0.7750000357627869,0.7717000114917755,0.0074430541879362605,0.05909933988004923,0.0,0.0,0.0,1.0,40,64.0,0.9136903872972749,0.0,0.0,0.0,0.0,0.0,0.0,6.0625,0.08630961270272504,0.7810546979308128,16,249.9375,0.21894531249999996,500,320.0,70.0625,0.9999996423721313,0.9985655546188354,0.9865420497953892,0.48798075318336487,0.5513063957095146,0.01988418120261701,forced,15,15,0,0,15,gated,3001,expB_memory_diagnostics,main,0,0.75,8,source-only
1.0,0.9906250238418579,0.9958187551498413,0.004396985334771074,0.038245099829509854,0.0,0.0,0.0,1.0,40,0.0,0.0,0.0,0.0,0.0,0.0,0.0,0.0,0.0,0.0,1.0,16,320.0,0.0,500,320.0,0.0,0.9999998807907104,0.9994028434157372,0.9964211508631706,0.0012534024426713586,0.02115551559184678,0.01973841088140431,forced,20,20,0,0,20,gated,3001,expB_memory_diagnostics,main,0,1.0,8,source-only
1.0,0.9906250238418579,0.9958187551498413,0.004396985334771074,0.038245099829509854,0.0,0.0,0.0,1.0,40,0.0,0.0,0.0,0.0,0.0,0.0,0.0,0.0,0.0,0.0,1.0,16,320.0,0.0,500,320.0,0.0,0.9999998807907104,0.9994028434157372,0.9964211508631706,0.0012534024426713586,0.02115551559184678,0.01973841088140431,forced,25,20,0,0,20,gated,3001,expB_memory_diagnostics,main,0,1.0,8,source-only
1.0,0.9906250238418579,0.9958187551498413,0.004396985334771074,0.038245099829509854,0.0,0.0,0.0,1.0,40,0.0,0.0,0.0,0.0,0.0,0.0,0.0,0.0,0.0,0.0,1.0,16,320.0,0.0,500,320.0,0.0,0.9999998807907104,0.9994028434157372,0.9964211508631706,0.0012534024426713586,0.02115551559184678,0.01973841088140431,forced,30,20,0,0,20,gated,3001,expB_memory_diagnostics,main,0,1.0,8,source-only
0.793749988079071,0.778124988079071,0.7661062617301941,0.007971065993045104,0.009585418447386473,0.25005154870450497,0.0,0.05002554529346526,0.6999229304492474,40,64.25,0.8841158857411671,0.0,0.0,0.0,0.0,0.0,0.0,8.4375,0.11588411425883309,0.772851575165987,16,247.3125,0.22714843750000002,500,320.0,72.6875,1.0,0.9941941983997822,0.9605898559093475,0.47283831238746643,0.5431010953187942,0.021673242729175472,forced,50,50,40,1,9,gated,3001,expB_memory_diagnostics,main,0,0.45,8,prefix-all
0.981249988079071,0.965624988079071,0.96155626142025,0.008598461500913021,0.12921276316046715,0.26427516527473927,0.0,0.035749584436416626,0.6999752894043922,40,2.5,0.8125,0.0,0.0,0.0,0.0,0.0,0.0,0.5,0.12499999999999999,0.9906250201165676,16,317.0,0.009375000000000001,500,320.0,3.0,1.0,0.9992740713059902,0.9943349361419678,0.054652780294418335,0.09648223367333413,0.019203825251687623,forced,60,60,40,1,19,gated,3001,expB_memory_diagnostics,main,0,0.95,8,prefix-all
1.0,1.0,0.996937503695488,0.0029836691501522314,0.10154771711677313,0.24961079936474562,0.0,0.0500155386980623,0.7003736793994904,40,0.0,0.0,0.0,0.0,0.0,0.0,0.0,0.0,0.0,0.0,1.0,16,320.0,0.0,500,320.0,0.0,1.0,0.9995028600096703,0.9974483586847782,0.002179522067308426,0.015914834244176744,0.01234031160359533,forced,61,61,40,1,20,gated,3001,expB_memory_diagnostics,main,0,1.0,8,prefix-all
1.0,1.0,0.996937503695488,0.0029836691501522314,0.10154771711677313,0.24961079936474562,0.0,0.0500155386980623,0.7003736793994904,40,0.0,0.0,0.0,0.0,0.0,0.0,0.0,0.0,0.0,0.0,1.0,16,320.0,0.0,500,320.0,0.0,1.0,0.9995028600096703,0.9974483586847782,0.002179522067308426,0.015914834244176744,0.01234031160359533,forced,62,61,40,1,20,gated,3001,expB_memory_diagnostics,main,0,1.0,8,prefix-all
1.0,1.0,0.996937503695488,0.0029836691501522314,0.10154771711677313,0.24961079936474562,0.0,0.0500155386980623,0.7003736793994904,40,0.0,0.0,0.0,0.0,0.0,0.0,0.0,0.0,0.0,0.0,1.0,16,320.0,0.0,500,320.0,0.0,1.0,0.9995028600096703,0.9974483586847782,0.002179522067308426,0.015914834244176744,0.01234031160359533,forced,70,61,40,1,20,gated,3001,expB_memory_diagnostics,main,0,1.0,8,prefix-all
1.0,0.9906250238418579,0.9958187551498413,0.004396985334771074,0.038245099829509854,0.0,0.0,0.0,1.0,40,0.0,0.0,0.0,0.0,0.0,0.0,0.0,0.0,0.0,0.0,1.0,16,320.0,0.0,500,320.0,0.0,0.9999998807907104,0.9994028434157372,0.9964211508631706,0.0012534024426713586,0.02115551559184678,0.01973841088140431,forced,20,20,0,0,20,gated,3001,expB_memory_diagnostics,main,0,1.0,8,source-pinned-noise-fifo
1.0,1.0,0.9971250032186508,0.0031770573266246133,0.028280398692004383,4.853167681062587e-06,0.0,0.0,0.9999951794743538,40,0.0,0.0,0.0,0.0,0.0,0.0,0.0,0.0,0.0,0.0,1.0,16,320.0,0.0,500,320.0,0.0,1.0,0.9994708001613617,0.9970992803573608,0.0020442150998860598,0.01589441084768623,0.014519401819020098,forced,25,25,5,0,20,gated,3001,expB_memory_diagnostics,main,0,1.0,8,source-pinned-noise-fifo
1.0,1.0,0.9966000055074692,0.0035633892519309645,0.0378109838347882,4.02872207416749e-06,0.0,0.0,0.9999959953129292,40,0.0,0.0,0.0,0.0,0.0,0.0,0.0,0.0,0.0,0.0,1.0,16,320.0,0.0,500,320.0,0.0,1.0,0.9998873881995678,0.9991325736045837,0.002543474081903696,0.018133142676670103,0.017235831692440803,forced,30,30,10,0,20,gated,3001,expB_memory_diagnostics,main,0,1.0,8,source-pinned-noise-fifo
1.0,0.9906250238418579,0.9961812545061112,0.004089703531714794,0.029498868505470455,1.267768951151993e-06,0.0,0.0,0.9999987594783306,40,0.0,0.0,0.0,0.0,0.0,0.0,0.0,0.0,0.0,0.0,1.0,16,320.0,0.0,500,320.0,0.0,1.0,0.999610673636198,0.9973480477929115,0.002115075709298253,0.019540609060786664,0.017101327498867246,forced,40,40,20,0,20,gated,3001,expB_memory_diagnostics,main,0,1.0,8,source-pinned-noise-fifo
1.0,0.9906250238418579,0.9966000044345855,0.0034689595010133894,0.060727326199412346,3.6833440162808984e-05,0.0,0.0,0.9999632090330124,40,0.125,0.125,0.0,0.0,0.0,0.0,0.0,0.0,0.0,0.0,0.9996093735098839,16,319.875,0.000390625,500,320.0,0.125,1.0,0.999245896935463,0.9912648089230061,0.0022856572177261114,0.017348694499116392,0.014270484968728294,forced,60,60,40,0,20,gated,3001,expB_memory_diagnostics,main,0,1.0,8,source-pinned-noise-fifo
1.0,0.9906250238418579,0.9966000044345855,0.0034689595010133894,0.060727326199412346,3.6833440162808984e-05,0.0,0.0,0.9999632090330124,40,0.125,0.125,0.0,0.0,0.0,0.0,0.0,0.0,0.0,0.0,0.9996093735098839,16,319.875,0.000390625,500,320.0,0.125,1.0,0.999245896935463,0.9912648089230061,0.0022856572177261114,0.017348694499116392,0.014270484968728294,forced,80,60,40,0,20,gated,3001,expB_memory_diagnostics,main,0,1.0,8,source-pinned-noise-fifo
1.0,0.9906250238418579,0.9966000044345855,0.0034689595010133894,0.060727326199412346,3.6833440162808984e-05,0.0,0.0,0.9999632090330124,40,0.125,0.125,0.0,0.0,0.0,0.0,0.0,0.0,0.0,0.0,0.9996093735098839,16,319.875,0.000390625,500,320.0,0.125,1.0,0.999245896935463,0.9912648089230061,0.0022856572177261114,0.017348694499116392,0.014270484968728294,forced,100,60,40,0,20,gated,3001,expB_memory_diagnostics,main,0,1.0,8,source-pinned-noise-fifo
0.578125,0.518750011920929,0.5301812611818314,0.010876184035222544,0.01650529948528856,0.0,0.0,0.0,1.0,80,147.25,0.9881560986221015,0.0,0.0,0.0,0.0,0.0,0.0,1.75,0.011843901377898586,0.534375011920929,16,171.0,0.465625,500,320.0,149.0,0.9999949410557747,0.9981387369334698,0.9902811236679554,0.8818073272705078,0.9490215507745743,0.024290301844340813,forced,10,10,0,0,10,gated,3001,expB_memory_diagnostics,main,0,0.5,8,source-only
0.793749988079071,0.765625,0.7629312628507614,0.008193792984445695,0.03069216280709952,0.0,0.0,0.0,1.0,80,74.1875,0.9874985182550972,0.0,0.0,0.0,0.0,0.0,0.0,0.9375,0.012501481744902797,0.7652343884110451,16,244.875,0.23476562500000003,500,320.0,75.125,0.9999994039535522,0.99898611754179,0.9924799054861069,0.3954550623893738,0.46393735373020173,0.02058498271756679,forced,15,15,0,0,15,gated,3001,expB_memory_diagnostics,main,0,0.75,8,source-only
1.0,1.0,0.9959312559366226,0.00387649794544167,0.03604382951743901,0.0,0.0,0.0,1.0,80,0.0,0.0,0.0,0.0,0.0,0.0,0.0,0.0,0.0,0.0,1.0,16,320.0,0.0,500,320.0,0.0,0.9999994337558746,0.999279297888279,0.9973153471946716,0.0024647568352520466,0.021810525899752974,0.018258363314924784,forced,20,20,0,0,20,gated,3001,expB_memory_diagnostics,main,0,1.0,8,source-only
1.0,1.0,0.9959312559366226,0.00387649794544167,0.03604382951743901,0.0,0.0,0.0,1.0,80,0.0,0.0,0.0,0.0,0.0,0.0,0.0,0.0,0.0,0.0,1.0,16,320.0,0.0,500,320.0,0.0,0.9999994337558746,0.999279297888279,0.9973153471946716,0.0024647568352520466,0.021810525899752974,0.018258363314924784,forced,25,20,0,0,20,gated,3001,expB_memory_diagnostics,main,0,1.0,8,source-only
1.0,1.0,0.9959312559366226,0.00387649794544167,0.03604382951743901,0.0,0.0,0.0,1.0,80,0.0,0.0,0.0,0.0,0.0,0.0,0.0,0.0,0.0,0.0,1.0,16,320.0,0.0,500,320.0,0.0,0.9999994337558746,0.999279297888279,0.9973153471946716,0.0024647568352520466,0.021810525899752974,0.018258363314924784,forced,30,20,0,0,20,gated,3001,expB_memory_diagnostics,main,0,1.0,8,source-only
0.13437500596046448,0.09375,0.09028125163912773,0.0140805092991096,3.503477320075035,1.0,0.0,0.0,0.0,80,233.375,0.8157295895449229,48.5625,0.1696141324259435,1.25,0.004310344827586207,0.0,0.0,2.9375,0.010345933201547166,0.10585937602445483,16,33.875,0.894140625,500,320.0,286.125,0.9994919374585152,0.9919871725142002,0.9771185629069805,2.8056442737579346,2.8882710452079774,0.04002793012537388,forced,80,80,80,0,0,gated,3001,expB_memory_diagnostics,main,0,0.0,8,prefix-all
0.9468750357627869,0.940625011920929,0.923231261253357,0.00870167637089519,0.1376216970384121,0.16797443386167288,0.0,0.09991956735029817,0.7321060225367546,80,16.5,0.9854728349673203,0.0,0.0,0.0,0.0,0.0,0.0,0.25,0.014527165032679739,0.947656262665987,16,303.25,0.05234375000000001,500,320.0,16.75,1.0,0.9990556947886944,0.9920885264873505,0.11585281044244766,0.15663327407836913,0.016706613834107195,forced,100,100,80,1,19,gated,3001,expB_memory_diagnostics,main,0,0.95,8,prefix-all
1.0,0.996874988079071,0.9956937561035156,0.004458038930734381,0.07621776685118675,0.30034998059272766,0.0,0.04999441700056195,0.6496556289494038,80,0.0,0.0,0.0,0.0,0.0,0.0,0.0,0.0,0.0,0.0,1.0,16,320.0,0.0,500,320.0,0.0,1.0,0.998884879052639,0.9914945289492607,0.0028446833603084087,0.021061249249149115,0.01942586148274219,forced,101,101,80,1,20,gated,3001,expB_memory_diagnostics,main,0,1.0,8,prefix-all
1.0,0.996874988079071,0.9956937561035156,0.004458038930734381,0.07621776685118675,0.30034998059272766,0.0,0.04999441700056195,0.6496556289494038,80,0.0,0.0,0.0,0.0,0.0,0.0,0.0,0.0,0.0,0.0,1.0,16,320.0,0.0,500,320.0,0.0,1.0,0.998884879052639,0.9914945289492607,0.0028446833603084087,0.021061249249149115,0.01942586148274219,forced,102,101,80,1,20,gated,3001,expB_memory_diagnostics,main,0,1.0,8,prefix-all
1.0,0.996874988079071,0.9956937561035156,0.004458038930734381,0.07621776685118675,0.30034998059272766,0.0,0.04999441700056195,0.6496556289494038,80,0.0,0.0,0.0,0.0,0.0,0.0,0.0,0.0,0.0,0.0,1.0,16,320.0,0.0,500,320.0,0.0,1.0,0.998884879052639,0.9914945289492607,0.0028446833603084087,0.021061249249149115,0.01942586148274219,forced,120,101,80,1,20,gated,3001,expB_memory_diagnostics,main,0,1.0,8,prefix-all
1.0,1.0,0.9959312559366226,0.00387649794544167,0.03604382951743901,0.0,0.0,0.0,1.0,80,0.0,0.0,0.0,0.0,0.0,0.0,0.0,0.0,0.0,0.0,1.0,16,320.0,0.0,500,320.0,0.0,0.9999994337558746,0.999279297888279,0.9973153471946716,0.0024647568352520466,0.021810525899752974,0.018258363314924784,forced,20,20,0,0,20,gated,3001,expB_memory_diagnostics,main,0,1.0,8,source-pinned-noise-fifo
1.0,1.0,0.9966125047206879,0.0036241069100103624,0.03601117059588432,2.0059221469637123e-05,0.0,0.0,0.9999799616634846,80,0.0,0.0,0.0,0.0,0.0,0.0,0.0,0.0,0.0,0.0,1.0,16,320.0,0.0,500,320.0,0.0,1.0,0.9992539510130882,0.9931855611503124,0.0020501413382589817,0.017558451756834983,0.014472986282130928,forced,25,25,5,0,20,gated,3001,expB_memory_diagnostics,main,0,1.0,8,source-pinned-noise-fifo
1.0,0.996874988079071,0.996662504196167,0.0035731322404993983,0.0396595629863441,4.371271266734311e-06,0.0,0.0,0.9999956488609314,80,0.0,0.0,0.0,0.0,0.0,0.0,0.0,0.0,0.0,0.0,1.0,16,320.0,0.0,500,320.0,0.0,1.0,0.9998191632330418,0.9985948204994202,0.001988212112337351,0.017503121078014373,0.015169572241828754,forced,30,30,10,0,20,gated,3001,expB_memory_diagnostics,main,0,1.0,8,source-pinned-noise-fifo
1.0,1.0,0.9953937553167344,0.005047931368200289,0.04216025699861348,2.3580341235174274e-06,0.0,0.0,0.9999976716935635,80,0.0,0.0,0.0,0.0,0.0,0.0,0.0,0.0,0.0,0.0,1.0,16,320.0,0.0,500,320.0,0.0,1.0,0.9993055872619152,0.99434494972229,0.0018270245054736733,0.024625085663283242,0.023285447953085833,forced,40,40,20,0,20,gated,3001,expB_memory_diagnostics,main,0,1.0,8,source-pinned-noise-fifo
1.0,1.0,0.9960937554836273,0.0038419622997956063,0.038562865229323506,3.340931570505745e-06,0.0,0.0,0.9999966844916344,80,0.0,0.0,0.0,0.0,0.0,0.0,0.0,0.0,0.0,0.0,1.0,16,320.0,0.0,500,320.0,0.0,0.9999983310699463,0.9986262321472168,0.9890658371150494,0.001992355566471815,0.02031906347768381,0.017527835235053996,forced,60,60,40,0,20,gated,3001,expB_memory_diagnostics,main,0,1.0,8,source-pinned-noise-fifo
1.0,0.996874988079071,0.9957500063180923,0.0039061157738010084,0.044982333201915026,6.2664126119216235e-06,0.0,0.0,0.9999937638640404,80,0.0,0.0,0.0,0.0,0.0,0.0,0.0,0.0,0.0,0.0,1.0,16,320.0,0.0,500,320.0,0.0,1.0,0.9992418922483921,0.9947117194533348,0.0031215741764754057,0.021095179928466677,0.016565152612706347,forced,80,80,60,0,20,gated,3001,expB_memory_diagnostics,main,0,1.0,8,source-pinned-noise-fifo
1.0,0.9937500357627869,0.9959625064134597,0.00377430725037836,0.1244073542766273,0.1498737931251526,0.0,0.0,0.8501262404024601,80,0.0,0.0,0.0,0.0,0.0,0.0,0.0,0.0,0.0,0.0,1.0,16,320.0,0.0,500,320.0,0.0,1.0,0.9995385967195034,0.9964255020022392,0.0022060717456042767,0.019248012789525093,0.01476329529183353,forced,100,100,80,0,20,gated,3001,expB_memory_diagnostics,main,0,1.0,8,source-pinned-noise-fifo
0.6187500357627869,0.6000000238418579,0.572337512254715,0.018285415657295714,0.18714860174804926,0.0,0.0,0.0,1.0,40,106.5625,0.8703000225440948,0.0,0.0,0.0,0.0,0.0,0.0,16.0,0.12969997745590534,0.6169922053813934,16,197.4375,0.3830078125,500,320.0,122.5625,-1.0,-1.0,-1.0,0.8578866124153137,0.9510114142894744,0.038820902579195335,forced,10,10,0,0,10,naive,3001,expB_memory_diagnostics,main,1,0.5,8,source-only
0.800000011920929,0.7718750238418579,0.7706687623262405,0.009536628961877312,0.05183972860686481,0.0,0.0,0.0,1.0,40,59.375,0.8304737476715331,0.0,0.0,0.0,0.0,0.0,0.0,12.0625,0.169526252328467,0.7767578214406967,16,248.5625,0.22324218749999997,500,320.0,71.4375,-1.0,-1.0,-1.0,0.5091970562934875,0.5719598789215088,0.020320172683200195,forced,15,15,0,0,15,naive,3001,expB_memory_diagnostics,main,1,0.75,8,source-only
1.0,0.996874988079071,0.9961875052452087,0.003691725076343197,0.07042118208482862,0.0,0.0,0.0,1.0,40,0.0,0.0,0.0,0.0,0.0,0.0,0.0,0.0,0.0,0.0,1.0,16,320.0,0.0,500,320.0,0.0,-1.0,-1.0,-1.0,0.002083714585751295,0.01905401845043525,0.014895817811675066,forced,20,20,0,0,20,naive,3001,expB_memory_diagnostics,main,1,1.0,8,source-only
1.0,0.996874988079071,0.9961875052452087,0.003691725076343197,0.07042118208482862,0.0,0.0,0.0,1.0,40,0.0,0.0,0.0,0.0,0.0,0.0,0.0,0.0,0.0,0.0,1.0,16,320.0,0.0,500,320.0,0.0,-1.0,-1.0,-1.0,0.002083714585751295,0.01905401845043525,0.014895817811675066,forced,25,20,0,0,20,naive,3001,expB_memory_diagnostics,main,1,1.0,8,source-only
1.0,0.996874988079071,0.9961875052452087,0.003691725076343197,0.07042118208482862,0.0,0.0,0.0,1.0,40,0.0,0.0,0.0,0.0,0.0,0.0,0.0,0.0,0.0,0.0,1.0,16,320.0,0.0,500,320.0,0.0,-1.0,-1.0,-1.0,0.002083714585751295,0.01905401845043525,0.014895817811675066,forced,30,20,0,0,20,naive,3001,expB_memory_diagnostics,main,1,1.0,8,source-only
0.503125011920929,0.47187501192092896,0.44135000598430635,0.01593265146528039,0.31011790223419666,0.0006182009783515241,0.0,0.15079770982265472,0.8485840857028961,40,153.1875,0.8664741091910728,0.0,0.0,0.0,0.0,0.0,0.0,23.625,0.1335258908089272,0.44746094569563866,16,143.1875,0.5525390625,500,320.0,176.8125,-1.0,-1.0,-1.0,1.1047800779342651,1.1842679088115693,0.023514869269747673,forced,50,50,40,1,9,naive,3001,expB_memory_diagnostics,main,1,0.45,8,prefix-all
0.96875,0.9437500238418579,0.9470625112056732,0.006987990853623333,0.16005360055714846,0.3006105311214924,0.0,0.05000046128407121,0.6493890322744846,40,12.0625,0.8223214285714286,0.0,0.0,0.0,0.0,0.0,0.0,2.625,0.17767857142857144,0.9541015662252903,16,305.3125,0.0458984375,500,320.0,14.6875,-1.0,-1.0,-1.0,0.0837968960404396,0.12121045181155204,0.019728211475239385,forced,60,60,40,1,19,naive,3001,expB_memory_diagnostics,main,1,0.95,8,prefix-all
1.0,0.9937500357627869,0.9958125063180924,0.0038785172677966075,0.15798831451684237,0.29861279018223286,0.0,0.04993090219795704,0.6514563299715519,40,0.0625,0.0625,0.0,0.0,0.0,0.0,0.0,0.0,0.0,0.0,0.9998046867549419,16,319.9375,0.0001953125,500,320.0,0.0625,-1.0,-1.0,-1.0,0.004015082959085703,0.02085781124047935,0.014428869958033233,forced,61,61,40,1,20,naive,3001,expB_memory_diagnostics,main,1,1.0,8,prefix-all
1.0,0.9937500357627869,0.9958125063180924,0.0038785172677966075,0.15798831451684237,0.29861279018223286,0.0,0.04993090219795704,0.6514563299715519,40,0.0625,0.0625,0.0,0.0,0.0,0.0,0.0,0.0,0.0,0.0,0.9998046867549419,16,319.9375,0.0001953125,500,320.0,0.0625,-1.0,-1.0,-1.0,0.004015082959085703,0.02085781124047935,0.014428869958033233,forced,62,61,40,1,20,naive,3001,expB_memory_diagnostics,main,1,1.0,8,prefix-all
1.0,0.9937500357627869,0.9958125063180924,0.0038785172677966075,0.15798831451684237,0.29861279018223286,0.0,0.04993090219795704,0.6514563299715519,40,0.0625,0.0625,0.0,0.0,0.0,0.0,0.0,0.0,0.0,0.0,0.9998046867549419,16,319.9375,0.0001953125,500,320.0,0.0625,-1.0,-1.0,-1.0,0.004015082959085703,0.02085781124047935,0.014428869958033233,forced,70,61,40,1,20,naive,3001,expB_memory_diagnostics,main,1,1.0,8,prefix-all
1.0,0.996874988079071,0.9961875052452087,0.003691725076343197,0.07042118208482862,0.0,0.0,0.0,1.0,40,0.0,0.0,0.0,0.0,0.0,0.0,0.0,0.0,0.0,0.0,1.0,16,320.0,0.0,500,320.0,0.0,-1.0,-1.0,-1.0,0.002083714585751295,0.01905401845043525,0.014895817811675066,forced,20,20,0,0,20,naive,3001,expB_memory_diagnostics,main,1,1.0,8,source-pinned-noise-fifo
1.0,0.9937500357627869,0.9958250072002411,0.004200884505820709,0.06455215066671371,8.397376132052159e-05,0.0,0.0,0.9999160319566727,40,0.0,0.0,0.0,0.0,0.0,0.0,0.0,0.0,0.0,0.0,1.0,16,320.0,0.0,500,320.0,0.0,-1.0,-1.0,-1.0,0.001745835179463029,0.02122715373756364,0.0177443994774625,forced,25,25,5,0,20,naive,3001,expB_memory_diagnostics,main,1,1.0,8,source-pinned-noise-fifo
1.0,0.996874988079071,0.9950187587738037,0.004156551563439059,0.09070751443505287,6.892092733323807e-05,0.0,0.0,0.99993110075593,40,0.0,0.0,0.0,0.0,0.0,0.0,0.0,0.0,0.0,0.0,1.0,16,320.0,0.0,500,320.0,0.0,-1.0,-1.0,-1.0,0.003208160400390625,0.024079596859402953,0.016465449769041438,forced,30,30,10,0,20,naive,3001,expB_memory_diagnostics,main,1,1.0,8,source-pinned-noise-fifo
1.0,0.996874988079071,0.9961750066280365,0.003678771784571755,0.061225616140291095,5.819406806040206e-05,0.0,0.0,0.9999418295919895,40,0.0,0.0,0.0,0.0,0.0,0.0,0.0,0.0,0.0,0.0,1.0,16,320.0,0.0,500,320.0,0.0,-1.0,-1.0,-1.0,0.002597952028736472,0.019849043320398777,0.014660289859529918,forced,40,40,20,0,20,naive,3001,expB_memory_diagnostics,main,1,1.0,8,source-pinned-noise-fifo
1.0,1.0,0.9947375073432922,0.004731188895827632,0.15657560992985964,0.2972160279750824,0.0,0.0,0.7027839943766594,40,0.0,0.0,0.0,0.0,0.0,0.0,0.0,0.0,0.0,0.0,1.0,16,320.0,0.0,500,320.0,0.0,-1.0,-1.0,-1.0,0.003714255290105939,0.026404526139143854,0.01877282574126138,forced,60,60,40,0,20,naive,3001,expB_memory_diagnostics,main,1,1.0,8,source-pinned-noise-fifo
1.0,1.0,0.9947375073432922,0.004731188895827632,0.15657560992985964,0.2972160279750824,0.0,0.0,0.7027839943766594,40,0.0,0.0,0.0,0.0,0.0,0.0,0.0,0.0,0.0,0.0,1.0,16,320.0,0.0,500,320.0,0.0,-1.0,-1.0,-1.0,0.003714255290105939,0.026404526139143854,0.01877282574126138,forced,80,60,40,0,20,naive,3001,expB_memory_diagnostics,main,1,1.0,8,source-pinned-noise-fifo
1.0,1.0,0.9947375073432922,0.004731188895827632,0.15657560992985964,0.2972160279750824,0.0,0.0,0.7027839943766594,40,0.0,0.0,0.0,0.0,0.0,0.0,0.0,0.0,0.0,0.0,1.0,16,320.0,0.0,500,320.0,0.0,-1.0,-1.0,-1.0,0.003714255290105939,0.026404526139143854,0.01877282574126138,forced,100,60,40,0,20,naive,3001,expB_memory_diagnostics,main,1,1.0,8,source-pinned-noise-fifo
0.621874988079071,0.5687500238418579,0.5658750119209289,0.016876619899679163,0.14280501008033752,0.0,0.0,0.0,1.0,80,123.5,0.9788156696418008,0.0,0.0,0.0,0.0,0.0,0.0,2.6875,0.021184330358199256,0.6056640669703484,16,193.8125,0.39433593749999996,500,320.0,126.1875,-1.0,-1.0,-1.0,0.8610056638717651,0.9395260109901428,0.03224371623119398,forced,10,10,0,0,10,naive,3001,expB_memory_diagnostics,main,1,0.5,8,source-only
0.800000011920929,0.762499988079071,0.7707562631368637,0.009382202531646712,0.058894146932289004,0.0,0.0,0.0,1.0,80,70.5,0.9920826691307852,0.0,0.0,0.0,0.0,0.0,0.0,0.5625,0.007917330869214869,0.7779296971857548,16,248.9375,0.2220703125,500,320.0,71.0625,-1.0,-1.0,-1.0,0.49973392486572266,0.5722837128639221,0.021724710889945327,forced,15,15,0,0,15,naive,3001,expB_memory_diagnostics,main,1,0.75,8,source-only
1.0,0.996874988079071,0.9945437570810318,0.00596005263689396,0.04230688069947064,0.0,0.0,0.0,1.0,80,0.0625,0.0625,0.0,0.0,0.0,0.0,0.0,0.0,0.0,0.0,0.9998046867549419,16,319.9375,0.0001953125,500,320.0,0.0625,-1.0,-1.0,-1.0,0.0014000942464917898,0.027923861416522415,0.02827759857572019,forced,20,20,0,0,20,naive,3001,expB_memory_diagnostics,main,1,1.0,8,source-only
1.0,0.996874988079071,0.9945437570810318,0.00596005263689396,0.04230688069947064,0.0,0.0,0.0,1.0,80,0.0625,0.0625,0.0,0.0,0.0,0.0,0.0,0.0,0.0,0.0,0.9998046867549419,16,319.9375,0.0001953125,500,320.0,0.0625,-1.0,-1.0,-1.0,0.0014000942464917898,0.027923861416522415,0.02827759857572019,forced,25,20,0,0,20,naive,3001,expB_memory_diagnostics,main,1,1.0,8,source-only
1.0,0.996874988079071,0.9945437570810318,0.00596005263689396,0.04230688069947064,0.0,0.0,0.0,1.0,80,0.0625,0.0625,0.0,0.0,0.0,0.0,0.0,0.0,0.0,0.0,0.9998046867549419,16,319.9375,0.0001953125,500,320.0,0.0625,-1.0,-1.0,-1.0,0.0014000942464917898,0.027923861416522415,0.02827759857572019,forced,30,20,0,0,20,naive,3001,expB_memory_diagnostics,main,1,1.0,8,source-only
0.09375,0.05937499925494194,0.05022500085458159,0.012429023585851339,4.241443246603012,1.0,0.0,0.0,0.0,80,202.5625,0.675513651721932,94.0,0.31277684399430616,0.0,0.0,0.0,0.0,3.5,0.01170950428376171,0.062304688384756446,16,19.9375,0.9376953125,500,320.0,300.0625,-1.0,-1.0,-1.0,2.97936749458313,2.9987830295562743,0.004958606938492159,forced,80,80,80,0,0,naive,3001,expB_memory_diagnostics,main,1,0.0,8,prefix-all
0.96875,0.9593750238418579,0.9484250112771988,0.006738692879950676,0.14350025355815887,0.24875736236572266,0.0,0.04981405707076192,0.7014285922050476,80,14.5625,0.967156862745098,0.0,0.0,0.0,0.0,0.0,0.0,0.5,0.03284313725490196,0.9529296904802322,16,304.9375,0.04707031250000001,500,320.0,15.0625,-1.0,-1.0,-1.0,0.07939870655536652,0.11668074625730515,0.018406909477300615,forced,100,100,80,1,19,naive,3001,expB_memory_diagnostics,main,1,0.95,8,prefix-all
1.0,0.996874988079071,0.9956937572956085,0.0041116119041505065,0.15827235579490662,0.29900102876126766,0.0,0.04871578956954181,0.6522831991314888,80,0.0,0.0,0.0,0.0,0.0,0.0,0.0,0.0,0.0,0.0,1.0,16,320.0,0.0,500,320.0,0.0,-1.0,-1.0,-1.0,0.0029583119321614504,0.02175803437642753,0.01616021557612902,forced,101,101,80,1,20,naive,3001,expB_memory_diagnostics,main,1,1.0,8,prefix-all
1.0,0.996874988079071,0.9956937572956085,0.0041116119041505065,0.15827235579490662,0.29900102876126766,0.0,0.04871578956954181,0.6522831991314888,80,0.0,0.0,0.0,0.0,0.0,0.0,0.0,0.0,0.0,0.0,1.0,16,320.0,0.0,500,320.0,0.0,-1.0,-1.0,-1.0,0.0029583119321614504,0.02175803437642753,0.01616021557612902,forced,102,101,80,1,20,naive,3001,expB_memory_diagnostics,main,1,1.0,8,prefix-all
1.0,0.996874988079071,0.9956937572956085,0.0041116119041505065,0.15827235579490662,0.29900102876126766,0.0,0.04871578956954181,0.6522831991314888,80,0.0,0.0,0.0,0.0,0.0,0.0,0.0,0.0,0.0,0.0,1.0,16,320.0,0.0,500,320.0,0.0,-1.0,-1.0,-1.0,0.0029583119321614504,0.02175803437642753,0.01616021557612902,forced,120,101,80,1,20,naive,3001,expB_memory_diagnostics,main,1,1.0,8,prefix-all
1.0,0.996874988079071,0.9945437570810318,0.00596005263689396,0.04230688069947064,0.0,0.0,0.0,1.0,80,0.0625,0.0625,0.0,0.0,0.0,0.0,0.0,0.0,0.0,0.0,0.9998046867549419,16,319.9375,0.0001953125,500,320.0,0.0625,-1.0,-1.0,-1.0,0.0014000942464917898,0.027923861416522415,0.02827759857572019,forced,20,20,0,0,20,naive,3001,expB_memory_diagnostics,main,1,1.0,8,source-pinned-noise-fifo
1.0,0.996874988079071,0.9952500076293945,0.004363369332114837,0.07874729903414845,0.00024213499546021922,0.0,0.0,0.9997578747570515,80,0.0,0.0,0.0,0.0,0.0,0.0,0.0,0.0,0.0,0.0,1.0,16,320.0,0.0,500,320.0,0.0,-1.0,-1.0,-1.0,0.0026854430325329304,0.023448483419138938,0.01740980598263206,forced,25,25,5,0,20,naive,3001,expB_memory_diagnostics,main,1,1.0,8,source-pinned-noise-fifo
1.0,1.0,0.9956187566518784,0.003943433491969707,0.057187339989468455,0.00011585382708290126,0.0,0.0,0.9998841732740402,80,0.0,0.0,0.0,0.0,0.0,0.0,0.0,0.0,0.0,0.0,1.0,16,320.0,0.0,500,320.0,0.0,-1.0,-1.0,-1.0,0.0027986085042357445,0.02179311699885875,0.01658462809885003,forced,30,30,10,0,20,naive,3001,expB_memory_diagnostics,main,1,1.0,8,source-pinned-noise-fifo
1.0,1.0,0.9966125042438507,0.0036402391781429223,0.0598394637927413,4.7113969003476086e-05,0.0,0.0,0.9999529235064983,80,0.0,0.0,0.0,0.0,0.0,0.0,0.0,0.0,0.0,0.0,1.0,16,320.0,0.0,500,320.0,0.0,-1.0,-1.0,-1.0,0.0028396572452038527,0.01810098337661475,0.014763209438310745,forced,40,40,20,0,20,naive,3001,expB_memory_diagnostics,main,1,1.0,8,source-pinned-noise-fifo
1.0,0.9937500357627869,0.9951000084877014,0.004109545663301621,0.09184262156486511,0.00010476107081558439,0.0,0.0,0.9998952560126781,80,0.0,0.0,0.0,0.0,0.0,0.0,0.0,0.0,0.0,0.0,1.0,16,320.0,0.0,500,320.0,0.0,-1.0,-1.0,-1.0,0.0029697678983211517,0.022932480469346046,0.015586369200352954,forced,60,60,40,0,20,naive,3001,expB_memory_diagnostics,main,1,1.0,8,source-pinned-noise-fifo
1.0,0.9937500357627869,0.997368752360344,0.0028590432807361664,0.052387998439371586,0.00015991819691407727,0.0,0.0,0.9998400956392288,80,0.0,0.0,0.0,0.0,0.0,0.0,0.0,0.0,0.0,0.0,1.0,16,320.0,0.0,500,320.0,0.0,-1.0,-1.0,-1.0,0.0014671286335214972,0.014551016509300099,0.012664385602081205,forced,80,80,60,0,20,naive,3001,expB_memory_diagnostics,main,1,1.0,8,source-pinned-noise-fifo
1.0,1.0,0.9949000101089478,0.004253409072129063,0.08226830465719104,0.00010874679810513044,0.0,0.0,0.9998912811279297,80,0.0,0.0,0.0,0.0,0.0,0.0,0.0,0.0,0.0,0.0,1.0,16,320.0,0.0,500,320.0,0.0,-1.0,-1.0,-1.0,0.0035012245643883944,0.024435434921178965,0.015941118171353262,forced,100,100,80,0,20,naive,3001,expB_memory_diagnostics,main,1,1.0,8,source-pinned-noise-fifo
0.637499988079071,0.590624988079071,0.5892312611341477,0.013695590411410791,0.10185015946626663,0.0,0.0,0.0,1.0,40,106.9375,0.8787897130082748,0.0,0.0,0.0,0.0,0.0,0.0,14.875,0.12121028699172524,0.6193359456956387,16,198.1875,0.38066406249999996,500,320.0,121.8125,1.0,0.9952361285686493,0.9797666631639004,0.8132305145263672,0.909201473236084,0.02647605441068192,forced,10,10,0,0,10,gated,3001,expB_memory_diagnostics,main,1,0.5,8,source-only
0.793749988079071,0.7750000357627869,0.7630437617301941,0.008184709945869522,0.05655883206054568,0.0,0.0,0.0,1.0,40,63.375,0.8483505689958528,0.0,0.0,0.0,0.0,0.0,0.0,11.3125,0.1516494310041471,0.7666015699505806,16,245.3125,0.23339843749999997,500,320.0,74.6875,0.9999995827674866,0.9988052733242512,0.9937835298478603,0.42164263129234314,0.4681231856942177,0.018919655374961205,forced,15,15,0,0,15,gated,3001,expB_memory_diagnostics,main,1,0.75,8,source-only
1.0,0.996874988079071,0.9966625046730041,0.0033764016646243592,0.06293660379014909,0.0,0.0,0.0,1.0,40,0.0,0.0,0.0,0.0,0.0,0.0,0.0,0.0,0.0,0.0,1.0,16,320.0,0.0,500,320.0,0.0,1.0,0.9992819912731647,0.9961341917514801,0.002044567372649908,0.017148916570004075,0.013628627263616003,forced,20,20,0,0,20,gated,3001,expB_memory_diagnostics,main,1,1.0,8,source-only
1.0,0.996874988079071,0.9966625046730041,0.0033764016646243592,0.06293660379014909,0.0,0.0,0.0,1.0,40,0.0,0.0,0.0,0.0,0.0,0.0,0.0,0.0,0.0,0.0,1.0,16,320.0,0.0,500,320.0,0.0,1.0,0.9992819912731647,0.9961341917514801,0.002044567372649908,0.017148916570004075,0.013628627263616003,forced,25,20,0,0,20,gated,3001,expB_memory_diagnostics,main,1,1.0,8,source-only
1.0,0.996874988079071,0.9966625046730041,0.0033764016646243592,0.06293660379014909,0.0,0.0,0.0,1.0,40,0.0,0.0,0.0,0.0,0.0,0.0,0.0,0.0,0.0,0.0,1.0,16,320.0,0.0,500,320.0,0.0,1.0,0.9992819912731647,0.9961341917514801,0.002044567372649908,0.017148916570004075,0.013628627263616003,forced,30,20,0,0,20,gated,3001,expB_memory_diagnostics,main,1,1.0,8,source-only
0.746874988079071,0.71875,0.7163875116109848,0.007871317553856234,0.011420944705605507,0.2001261981204152,0.0,0.09995962725952268,0.6999141983687878,40,76.875,0.8562140945592955,0.0,0.0,0.0,0.0,0.0,0.0,12.875,0.1437859054407046,0.7195312567055225,16,230.25,0.28046875,500,320.0,89.75,1.0,0.9965930096805096,0.9887008517980576,0.5558905601501465,0.6122478822469711,0.021588670602804196,forced,50,50,40,1,9,gated,3001,expB_memory_diagnostics,main,1,0.45,8,prefix-all
0.971875011920929,0.953125,0.9510937600135804,0.006062417565626551,0.12067489651963115,0.2991906311362982,0.0,0.049902677070349455,0.6509067118167877,40,9.3125,0.8034403096903098,0.0,0.0,0.0,0.0,0.0,0.0,2.1875,0.19655969030969028,0.9640625156462193,16,308.5,0.035937500000000004,500,320.0,11.5,1.0,0.9998534806072712,0.9994495175778866,0.06816548109054565,0.10495983001589775,0.016432915948426618,forced,60,60,40,1,19,gated,3001,expB_memory_diagnostics,main,1,0.95,8,prefix-all
1.0,1.0,0.9964625046253205,0.0035169359167631833,0.11435021366924047,0.24919926933944225,0.0,0.04998792544938624,0.7008128128945827,40,0.0625,0.0625,0.0,0.0,0.0,0.0,0.0,0.0,0.0,0.0,0.9998046867549419,16,319.9375,0.0001953125,500,320.0,0.0625,1.0,0.9986322931945324,0.9861024618148804,0.0026189987547695637,0.01796335736196488,0.013670167481994329,forced,61,61,40,1,20,gated,3001,expB_memory_diagnostics,main,1,1.0,8,prefix-all
1.0,1.0,0.9964625046253205,0.0035169359167631833,0.11435021366924047,0.24919926933944225,0.0,0.04998792544938624,0.7008128128945827,40,0.0625,0.0625,0.0,0.0,0.0,0.0,0.0,0.0,0.0,0.0,0.9998046867549419,16,319.9375,0.0001953125,500,320.0,0.0625,1.0,0.9986322931945324,0.9861024618148804,0.0026189987547695637,0.01796335736196488,0.013670167481994329,forced,62,61,40,1,20,gated,3001,expB_memory_diagnostics,main,1,1.0,8,prefix-all
1.0,1.0,0.9964625046253205,0.0035169359167631833,0.11435021366924047,0.24919926933944225,0.0,0.04998792544938624,0.7008128128945827,40,0.0625,0.0625,0.0,0.0,0.0,0.0,0.0,0.0,0.0,0.0,0.9998046867549419,16,319.9375,0.0001953125,500,320.0,0.0625,1.0,0.9986322931945324,0.9861024618148804,0.0026189987547695637,0.01796335736196488,0.013670167481994329,forced,70,61,40,1,20,gated,3001,expB_memory_diagnostics,main,1,1.0,8,prefix-all
1.0,0.996874988079071,0.9966625046730041,0.0033764016646243592,0.06293660379014909,0.0,0.0,0.0,1.0,40,0.0,0.0,0.0,0.0,0.0,0.0,0.0,0.0,0.0,0.0,1.0,16,320.0,0.0,500,320.0,0.0,1.0,0.9992819912731647,0.9961341917514801,0.002044567372649908,0.017148916570004075,0.013628627263616003,forced,20,20,0,0,20,gated,3001,expB_memory_diagnostics,main,1,1.0,8,source-pinned-noise-fifo
1.0,1.0,0.9948125081062317,0.004889793575203563,0.03667075373232365,5.353906283289689e-05,0.0,0.0,0.9999464675784111,40,0.0,0.0,0.0,0.0,0.0,0.0,0.0,0.0,0.0,0.0,1.0,16,320.0,0.0,500,320.0,0.0,1.0,0.9987416043877602,0.99250528216362,0.0018245266983285546,0.025750253399601207,0.021176921239375535,forced,25,25,5,0,20,gated,3001,expB_memory_diagnostics,main,1,1.0,8,source-pinned-noise-fifo
1.0,1.0,0.994812508225441,0.004503029785209313,0.03852051869034767,8.87712533881313e-06,0.0,0.0,0.9999911412596703,40,0.0,0.0,0.0,0.0,0.0,0.0,0.0,0.0,0.0,0.0,1.0,16,320.0,0.0,500,320.0,0.0,1.0,0.9990934133529663,0.9957755394279957,0.0020678762812167406,0.02497999107046053,0.017920080381541074,forced,30,30,10,0,20,gated,3001,expB_memory_diagnostics,main,1,1.0,8,source-pinned-noise-fifo
1.0,1.0,0.9968875036239624,0.0035465346273433904,0.02421770605724305,6.098551068589586e-06,0.0,0.0,0.9999939166009426,40,0.0,0.0,0.0,0.0,0.0,0.0,0.0,0.0,0.0,0.0,1.0,16,320.0,0.0,500,320.0,0.0,1.0,0.9993126392364502,0.9968922734260559,0.0013432062696665525,0.01646278554899618,0.015933750974663624,forced,40,40,20,0,20,gated,3001,expB_memory_diagnostics,main,1,1.0,8,source-pinned-noise-fifo
1.0,0.996874988079071,0.996625004529953,0.003425537487873416,0.029664034955203533,5.681386738842775e-06,0.0,0.0,0.9999943375587463,40,0.0,0.0,0.0,0.0,0.0,0.0,0.0,0.0,0.0,0.0,1.0,16,320.0,0.0,500,320.0,0.0,1.0,0.9993681125342846,0.9949595928192139,0.002189654391258955,0.018686447558924554,0.01715885242781063,forced,60,60,40,0,20,gated,3001,expB_memory_diagnostics,main,1,1.0,8,source-pinned-noise-fifo
1.0,0.996874988079071,0.996625004529953,0.003425537487873416,0.029664034955203533,5.681386738842775e-06,0.0,0.0,0.9999943375587463,40,0.0,0.0,0.0,0.0,0.0,0.0,0.0,0.0,0.0,0.0,1.0,16,320.0,0.0,500,320.0,0.0,1.0,0.9993681125342846,0.9949595928192139,0.002189654391258955,0.018686447558924554,0.01715885242781063,forced,80,60,40,0,20,gated,3001,expB_memory_diagnostics,main,1,1.0,8,source-pinned-noise-fifo
1.0,0.996874988079071,0.996625004529953,0.003425537487873416,0.029664034955203533,5.681386738842775e-06,0.0,0.0,0.9999943375587463,40,0.0,0.0,0.0,0.0,0.0,0.0,0.0,0.0,0.0,0.0,1.0,16,320.0,0.0,500,320.0,0.0,1.0,0.9993681125342846,0.9949595928192139,0.002189654391258955,0.018686447558924554,0.01715885242781063,forced,100,60,40,0,20,gated,3001,expB_memory_diagnostics,main,1,1.0,8,source-pinned-noise-fifo
0.59375,0.5531250238418579,0.5577375118732453,0.01282446950096204,0.05680103716440499,0.0,0.0,0.0,1.0,80,134.0,0.9794295142234553,0.0,0.0,0.0,0.0,0.0,0.0,2.8125,0.020570485776544696,0.5724609456956387,16,183.1875,0.4275390625,500,320.0,136.8125,0.9999650716781616,0.995277464389801,0.980036661028862,0.8518244028091431,0.9421847993135453,0.02507817247344866,forced,10,10,0,0,10,gated,3001,expB_memory_diagnostics,main,1,0.5,8,source-only
0.8687500357627869,0.8343750238418579,0.8236812616586685,0.012177045827676607,0.1960773216560483,0.0,0.0,0.0,1.0,80,46.0,0.9744548553063326,0.0,0.0,0.0,0.0,0.0,0.0,1.25,0.025545144693667494,0.8523437641561031,16,272.75,0.14765625000000002,500,320.0,47.25,1.0,0.9982133023440838,0.9935447610914707,0.31798073649406433,0.4033912550806999,0.027369562575469512,forced,15,15,0,0,15,gated,3001,expB_memory_diagnostics,main,1,0.75,8,source-only
1.0,0.996874988079071,0.9974687525033951,0.0029280010825073113,0.03890664642676711,0.0,0.0,0.0,1.0,80,0.0,0.0,0.0,0.0,0.0,0.0,0.0,0.0,0.0,0.0,1.0,16,320.0,0.0,500,320.0,0.0,1.0,0.9995316527783871,0.9977172538638115,0.001962094334885478,0.014365154998376966,0.013299370236117363,forced,20,20,0,0,20,gated,3001,expB_memory_diagnostics,main,1,1.0,8,source-only
1.0,0.996874988079071,0.9974687525033951,0.0029280010825073113,0.03890664642676711,0.0,0.0,0.0,1.0,80,0.0,0.0,0.0,0.0,0.0,0.0,0.0,0.0,0.0,0.0,1.0,16,320.0,0.0,500,320.0,0.0,1.0,0.9995316527783871,0.9977172538638115,0.001962094334885478,0.014365154998376966,0.013299370236117363,forced,25,20,0,0,20,gated,3001,expB_memory_diagnostics,main,1,1.0,8,source-only
1.0,0.996874988079071,0.9974687525033951,0.0029280010825073113,0.03890664642676711,0.0,0.0,0.0,1.0,80,0.0,0.0,0.0,0.0,0.0,0.0,0.0,0.0,0.0,0.0,1.0,16,320.0,0.0,500,320.0,0.0,1.0,0.9995316527783871,0.9977172538638115,0.001962094334885478,0.014365154998376966,0.013299370236117363,forced,30,20,0,0,20,gated,3001,expB_memory_diagnostics,main,1,1.0,8,source-only
0.13437500596046448,0.08749999850988388,0.09385625157505274,0.013916900367789423,3.427156925201416,1.0,0.0,0.0,0.0,80,206.75,0.7229504213837901,76.6875,0.267416408599222,0.875,0.0031170908436861646,0.0,0.0,1.875,0.0065160791733017325,0.10566406464204192,16,33.8125,0.8943359375000002,500,320.0,286.1875,0.9999871179461479,0.9849845841526985,0.9476807788014412,2.7601139545440674,2.871121364116669,0.04629056231756414,forced,80,80,80,0,0,gated,3001,expB_memory_diagnostics,main,1,0.0,8,prefix-all
0.9312500357627869,0.925000011920929,0.9080000120401382,0.008566375956779837,0.16101677995175123,0.19995331671088934,0.0,0.09965333621948957,0.7003933861851692,80,18.75,0.9905753968253969,0.0,0.0,0.0,0.0,0.0,0.0,0.1875,0.009424603174603174,0.9408203214406967,16,301.0625,0.0591796875,500,320.0,18.9375,1.0,0.9992301613092422,0.9943186640739441,0.13628923892974854,0.17645516526699065,0.018181315579041804,forced,100,100,80,1,19,gated,3001,expB_memory_diagnostics,main,1,0.95,8,prefix-all
1.0,0.9906250238418579,0.9952437579631805,0.004534490691350786,0.06698021991178393,0.29954857379198074,0.0,0.0499125299975276,0.6505389101803303,80,0.0,0.0,0.0,0.0,0.0,0.0,0.0,0.0,0.0,0.0,1.0,16,320.0,0.0,500,320.0,0.0,1.0,0.999610461294651,0.9954745396971703,0.0029731150716543198,0.023275933935772628,0.018737935811194758,forced,101,101,80,1,20,gated,3001,expB_memory_diagnostics,main,1,1.0,8,prefix-all
1.0,0.9906250238418579,0.9952437579631805,0.004534490691350786,0.06698021991178393,0.29954857379198074,0.0,0.0499125299975276,0.6505389101803303,80,0.0,0.0,0.0,0.0,0.0,0.0,0.0,0.0,0.0,0.0,1.0,16,320.0,0.0,500,320.0,0.0,1.0,0.999610461294651,0.9954745396971703,0.0029731150716543198,0.023275933935772628,0.018737935811194758,forced,102,101,80,1,20,gated,3001,expB_memory_diagnostics,main,1,1.0,8,prefix-all
1.0,0.9906250238418579,0.9952437579631805,0.004534490691350786,0.06698021991178393,0.29954857379198074,0.0,0.0499125299975276,0.6505389101803303,80,0.0,0.0,0.0,0.0,0.0,0.0,0.0,0.0,0.0,0.0,1.0,16,320.0,0.0,500,320.0,0.0,1.0,0.999610461294651,0.9954745396971703,0.0029731150716543198,0.023275933935772628,0.018737935811194758,forced,120,101,80,1,20,gated,3001,expB_memory_diagnostics,main,1,1.0,8,prefix-all
1.0,0.996874988079071,0.9974687525033951,0.0029280010825073113,0.03890664642676711,0.0,0.0,0.0,1.0,80,0.0,0.0,0.0,0.0,0.0,0.0,0.0,0.0,0.0,0.0,1.0,16,320.0,0.0,500,320.0,0.0,1.0,0.9995316527783871,0.9977172538638115,0.001962094334885478,0.014365154998376966,0.013299370236117363,forced,20,20,0,0,20,gated,3001,expB_memory_diagnostics,main,1,1.0,8,source-pinned-noise-fifo
1.0,1.0,0.9956375070810318,0.003922063105628163,0.026712354738265276,7.309408232458736e-06,0.0,0.0,0.999992698431015,80,0.0,0.0,0.0,0.0,0.0,0.0,0.0,0.0,0.0,0.0,1.0,16,320.0,0.0,500,320.0,0.0,1.0,0.9986417517066002,0.9961769282817841,0.0032403289806097746,0.022689835797064007,0.017002593716686214,forced,25,25,5,0,20,gated,3001,expB_memory_diagnostics,main,1,1.0,8,source-pinned-noise-fifo
1.0,1.0,0.9961812560558319,0.003666663126728434,0.04603351326659322,4.710578991762304e-06,0.0,0.0,0.999995294958353,80,0.0,0.0,0.0,0.0,0.0,0.0,0.0,0.0,0.0,0.0,1.0,16,320.0,0.0,500,320.0,0.0,1.0,0.9996814988553524,0.997483391314745,0.0027423896826803684,0.01965514263883233,0.01611844305935193,forced,30,30,10,0,20,gated,3001,expB_memory_diagnostics,main,1,1.0,8,source-pinned-noise-fifo
1.0,1.0,0.9964625037908554,0.0038812562085156752,0.03820537053979933,6.501855602891737e-05,0.0,0.0,0.9999349974095821,80,0.0,0.0,0.0,0.0,0.0,0.0,0.0,0.0,0.0,0.0,1.0,16,320.0,0.0,500,320.0,0.0,1.0,0.9993374161422253,0.9920577108860016,0.002448707353323698,0.018473813339602203,0.01741193887682542,forced,40,40,20,0,20,gated,3001,expB_memory_diagnostics,main,1,1.0,8,source-pinned-noise-fifo
1.0,0.9937500357627869,0.9956125078201294,0.004051397939516477,0.03766048443503678,4.099096400977942e-06,0.0,0.0,0.9999959282577038,80,0.0,0.0,0.0,0.0,0.0,0.0,0.0,0.0,0.0,0.0,1.0,16,320.0,0.0,500,320.0,0.0,1.0,0.9998070560395718,0.9982714168727398,0.001986630028113723,0.023182569889817387,0.018473446848462038,forced,60,60,40,0,20,gated,3001,expB_memory_diagnostics,main,1,1.0,8,source-pinned-noise-fifo
1.0,0.9906250238418579,0.9961187555789948,0.004001254982438507,0.0503915345761925,1.4433771383437488e-05,0.0,0.0,0.9999855905771255,80,0.125,0.125,0.0,0.0,0.0,0.0,0.0,0.0,0.0,0.0,0.9996093735098839,16,319.875,0.000390625,500,320.0,0.125,1.0,0.9994625449180603,0.9968069791793823,0.0028864084742963314,0.01948080654395744,0.016835998131165538,forced,80,80,60,0,20,gated,3001,expB_memory_diagnostics,main,1,1.0,8,source-pinned-noise-fifo
1.0,0.9906250238418579,0.9943500096797944,0.004621544983541935,0.04630298516713083,0.10000678198412061,0.0,0.0,0.8999932371079922,80,0.0,0.0,0.0,0.0,0.0,0.0,0.0,0.0,0.0,0.0,1.0,16,320.0,0.0,500,320.0,0.0,1.0,0.9995900616049767,0.9981361627578735,0.003917536698281765,0.025990410573780535,0.018018024632690723,forced,100,100,80,0,20,gated,3001,expB_memory_diagnostics,main,1,1.0,8,source-pinned-noise-fifo
0.578125,0.534375011920929,0.5349750119447708,0.015045223743659047,0.08117887564003468,0.0,0.0,0.0,1.0,40,121.8125,0.8608870320850113,0.0,0.0,0.0,0.0,0.0,0.0,19.625,0.13911296791498856,0.558007825165987,16,178.5625,0.44199218749999997,500,320.0,141.4375,-1.0,-1.0,-1.0,0.902470588684082,0.9719161908626557,0.023055743583538423,forced,10,10,0,0,10,naive,3001,expB_memory_diagnostics,main,2,0.5,8,source-only
0.800000011920929,0.7875000238418579,0.7684000123739243,0.01161535932953091,0.10499089490622282,0.0,0.0,0.0,1.0,40,57.6875,0.8616480487357575,0.0,0.0,0.0,0.0,0.0,0.0,9.25,0.13835195126424263,0.7908203266561031,16,253.0625,0.20917968749999996,500,320.0,66.9375,-1.0,-1.0,-1.0,0.4945821166038513,0.5509274362325668,0.025008773513653257,forced,15,15,0,0,15,naive,3001,expB_memory_diagnostics,main,2,0.75,8,source-only
1.0,1.0,0.9971437537670136,0.0033169159100583084,0.03716463572345674,0.0,0.0,0.0,1.0,40,0.0,0.0,0.0,0.0,0.0,0.0,0.0,0.0,0.0,0.0,1.0,16,320.0,0.0,500,320.0,0.0,-1.0,-1.0,-1.0,0.0008789159473963082,0.01618310264358297,0.015362114795783517,forced,20,20,0,0,20,naive,3001,expB_memory_diagnostics,main,2,1.0,8,source-only
1.0,1.0,0.9971437537670136,0.0033169159100583084,0.03716463572345674,0.0,0.0,0.0,1.0,40,0.0,0.0,0.0,0.0,0.0,0.0,0.0,0.0,0.0,0.0,1.0,16,320.0,0.0,500,320.0,0.0,-1.0,-1.0,-1.0,0.0008789159473963082,0.01618310264358297,0.015362114795783517,forced,25,20,0,0,20,naive,3001,expB_memory_diagnostics,main,2,1.0,8,source-only
1.0,1.0,0.9971437537670136,0.0033169159100583084,0.03716463572345674,0.0,0.0,0.0,1.0,40,0.0,0.0,0.0,0.0,0.0,0.0,0.0,0.0,0.0,0.0,1.0,16,320.0,0.0,500,320.0,0.0,-1.0,-1.0,-1.0,0.0008789159473963082,0.01618310264358297,0.015362114795783517,forced,30,20,0,0,20,naive,3001,expB_memory_diagnostics,main,2,1.0,8,source-only
0.7125000357627869,0.6875,0.6711875116825103,0.012895161433925108,0.10554540064185858,0.2007630355656147,0.0,0.1002138345502317,0.6990231573581696,40,90.5,0.8633793057226145,0.0,0.0,0.0,0.0,0.0,0.0,14.25,0.13662069427738543,0.6726562716066837,16,215.25,0.32734375000000004,500,320.0,104.75,-1.0,-1.0,-1.0,0.6319652199745178,0.6967374737262726,0.023108498196080872,forced,50,50,40,1,9,naive,3001,expB_memory_diagnostics,main,2,0.45,8,prefix-all
0.940625011920929,0.940625011920929,0.9105562624931336,0.010480224669844877,0.22984404116868973,0.19932708609849215,0.0,0.10064100986346602,0.7000319249927998,40,15.3125,0.8778086069954298,0.0,0.0,0.0,0.0,0.0,0.0,2.125,0.12219139300457023,0.945507824420929,16,302.5625,0.0544921875,500,320.0,17.4375,-1.0,-1.0,-1.0,0.12469968944787979,0.17680724813044071,0.01867165432250304,forced,60,60,40,1,19,naive,3001,expB_memory_diagnostics,main,2,0.95,8,prefix-all
0.9281250238418579,0.90625,0.9030437607765198,0.008021774795898372,0.047393138986080885,0.19901016540825367,0.0,0.100113017950207,0.700876846909523,40,26.5625,0.8614178730636253,0.0,0.0,0.0,0.0,0.0,0.0,4.25,0.1385821269363747,0.903710950165987,16,289.1875,0.0962890625,500,320.0,30.8125,-1.0,-1.0,-1.0,0.14539362490177155,0.1818145841360092,0.015460800476740503,forced,61,61,40,1,20,naive,3001,expB_memory_diagnostics,main,2,1.0,8,prefix-all
0.9281250238418579,0.90625,0.9030437607765198,0.008021774795898372,0.047393138986080885,0.19901016540825367,0.0,0.100113017950207,0.700876846909523,40,26.5625,0.8614178730636253,0.0,0.0,0.0,0.0,0.0,0.0,4.25,0.1385821269363747,0.903710950165987,16,289.1875,0.0962890625,500,320.0,30.8125,-1.0,-1.0,-1.0,0.14539362490177155,0.1818145841360092,0.015460800476740503,forced,62,61,40,1,20,naive,3001,expB_memory_diagnostics,main,2,1.0,8,prefix-all
0.9281250238418579,0.90625,0.9030437607765198,0.008021774795898372,0.047393138986080885,0.19901016540825367,0.0,0.100113017950207,0.700876846909523,40,26.5625,0.8614178730636253,0.0,0.0,0.0,0.0,0.0,0.0,4.25,0.1385821269363747,0.903710950165987,16,289.1875,0.0962890625,500,320.0,30.8125,-1.0,-1.0,-1.0,0.14539362490177155,0.1818145841360092,0.015460800476740503,forced,70,61,40,1,20,naive,3001,expB_memory_diagnostics,main,2,1.0,8,prefix-all
1.0,1.0,0.9971437537670136,0.0033169159100583084,0.03716463572345674,0.0,0.0,0.0,1.0,40,0.0,0.0,0.0,0.0,0.0,0.0,0.0,0.0,0.0,0.0,1.0,16,320.0,0.0,500,320.0,0.0,-1.0,-1.0,-1.0,0.0008789159473963082,0.01618310264358297,0.015362114795783517,forced,20,20,0,0,20,naive,3001,expB_memory_diagnostics,main,2,1.0,8,source-pinned-noise-fifo
1.0,1.0,0.9968312531709671,0.0036036517483583642,0.046699673403054476,5.298291284816514e-05,0.0,0.0,0.9999470263719559,40,0.0,0.0,0.0,0.0,0.0,0.0,0.0,0.0,0.0,0.0,1.0,16,320.0,0.0,500,320.0,0.0,-1.0,-1.0,-1.0,0.0023769375402480364,0.017026568963192403,0.016291667018078517,forced,25,25,5,0,20,naive,3001,expB_memory_diagnostics,main,2,1.0,8,source-pinned-noise-fifo
1.0,0.996874988079071,0.9968000041246414,0.0034565058469054255,0.05024572787806392,9.999129088100744e-05,0.0,0.0,0.9999000169336796,40,0.0,0.0,0.0,0.0,0.0,0.0,0.0,0.0,0.0,0.0,1.0,16,320.0,0.0,500,320.0,0.0,-1.0,-1.0,-1.0,0.0015409582993015647,0.017987467773491517,0.01543999233537551,forced,30,30,10,0,20,naive,3001,expB_memory_diagnostics,main,2,1.0,8,source-pinned-noise-fifo
1.0,1.0,0.9965062546730041,0.0035356295751632415,0.05968725844286382,7.766791350150015e-05,0.0,0.0,0.9999223463237286,40,0.0,0.0,0.0,0.0,0.0,0.0,0.0,0.0,0.0,0.0,1.0,16,320.0,0.0,500,320.0,0.0,-1.0,-1.0,-1.0,0.002017408609390259,0.018499307302292437,0.015447011870123864,forced,40,40,20,0,20,naive,3001,expB_memory_diagnostics,main,2,1.0,8,source-pinned-noise-fifo
1.0,1.0,0.996775004029274,0.003594387838440487,0.05539681180380285,5.2635578640547465e-05,0.0,0.0,0.9999474063515663,40,0.0,0.0,0.0,0.0,0.0,0.0,0.0,0.0,0.0,0.0,1.0,16,320.0,0.0,500,320.0,0.0,-1.0,-1.0,-1.0,0.002035098848864436,0.01737935625948012,0.01575243216061383,forced,60,60,40,0,20,naive,3001,expB_memory_diagnostics,main,2,1.0,8,source-pinned-noise-fifo
1.0,1.0,0.996775004029274,0.003594387838440487,0.05539681180380285,5.2635578640547465e-05,0.0,0.0,0.9999474063515663,40,0.0,0.0,0.0,0.0,0.0,0.0,0.0,0.0,0.0,0.0,1.0,16,320.0,0.0,500,320.0,0.0,-1.0,-1.0,-1.0,0.002035098848864436,0.01737935625948012,0.01575243216061383,forced,80,60,40,0,20,naive,3001,expB_memory_diagnostics,main,2,1.0,8,source-pinned-noise-fifo
1.0,1.0,0.996775004029274,0.003594387838440487,0.05539681180380285,5.2635578640547465e-05,0.0,0.0,0.9999474063515663,40,0.0,0.0,0.0,0.0,0.0,0.0,0.0,0.0,0.0,0.0,1.0,16,320.0,0.0,500,320.0,0.0,-1.0,-1.0,-1.0,0.002035098848864436,0.01737935625948012,0.01575243216061383,forced,100,60,40,0,20,naive,3001,expB_memory_diagnostics,main,2,1.0,8,source-pinned-noise-fifo
0.637499988079071,0.578125,0.5642125132083893,0.022041264146700733,0.12554639438167214,0.0,0.0,0.0,1.0,80,123.25,0.9889889214784858,0.0,0.0,0.0,0.0,0.0,0.0,1.375,0.011011078521514134,0.6105468831956387,16,195.375,0.38945312499999996,500,320.0,124.625,-1.0,-1.0,-1.0,0.8671123385429382,0.9647570599317551,0.032989120326837255,forced,10,10,0,0,10,naive,3001,expB_memory_diagnostics,main,2,0.5,8,source-only
0.824999988079071,0.778124988079071,0.7728937611579895,0.01363435931843005,0.12482218025252223,0.0,0.0,0.0,1.0,80,59.4375,0.9786022507205909,0.0,0.0,0.0,0.0,0.0,0.0,1.3125,0.021397749279409115,0.8101562634110451,16,259.25,0.18984375,500,320.0,60.75,-1.0,-1.0,-1.0,0.4651666283607483,0.544444785296917,0.03198517788254387,forced,15,15,0,0,15,naive,3001,expB_memory_diagnostics,main,2,0.75,8,source-only
1.0,0.996874988079071,0.9973000024557114,0.003201407137929847,0.04810813441872597,0.0,0.0,0.0,1.0,80,0.0,0.0,0.0,0.0,0.0,0.0,0.0,0.0,0.0,0.0,1.0,16,320.0,0.0,500,320.0,0.0,-1.0,-1.0,-1.0,0.0015144499484449625,0.014806832512840628,0.01346561121271021,forced,20,20,0,0,20,naive,3001,expB_memory_diagnostics,main,2,1.0,8,source-only
1.0,0.996874988079071,0.9973000024557114,0.003201407137929847,0.04810813441872597,0.0,0.0,0.0,1.0,80,0.0,0.0,0.0,0.0,0.0,0.0,0.0,0.0,0.0,0.0,1.0,16,320.0,0.0,500,320.0,0.0,-1.0,-1.0,-1.0,0.0015144499484449625,0.014806832512840628,0.01346561121271021,forced,25,20,0,0,20,naive,3001,expB_memory_diagnostics,main,2,1.0,8,source-only
1.0,0.996874988079071,0.9973000024557114,0.003201407137929847,0.04810813441872597,0.0,0.0,0.0,1.0,80,0.0,0.0,0.0,0.0,0.0,0.0,0.0,0.0,0.0,0.0,1.0,16,320.0,0.0,500,320.0,0.0,-1.0,-1.0,-1.0,0.0015144499484449625,0.014806832512840628,0.01346561121271021,forced,30,20,0,0,20,naive,3001,expB_memory_diagnostics,main,2,1.0,8,source-only
0.27812501788139343,0.2562499940395355,0.1772500029951334,0.0427882694019747,2.0292118042707443,1.0,0.0,0.0,0.0,80,185.125,0.7856534574947679,46.3125,0.19591347133817402,0.4375,0.0019021739130434783,0.0,0.0,3.875,0.01653089725401478,0.26328125689178705,16,84.25,0.73671875,500,320.0,235.75,-1.0,-1.0,-1.0,2.280977725982666,2.5926404256820677,0.15760584749135476,forced,80,80,80,0,0,naive,3001,expB_memory_diagnostics,main,2,0.0,8,prefix-all
0.9468750357627869,0.918749988079071,0.916850011229515,0.010744882477676318,0.22342191450297832,0.20034909807145596,0.0,0.10094134230166674,0.6987095847725868,80,18.125,0.9827133320433437,0.0,0.0,0.0,0.0,0.0,0.0,0.3125,0.017286667956656347,0.9423828236758709,16,301.5625,0.05761718749999999,500,320.0,18.4375,-1.0,-1.0,-1.0,0.12365535646677017,0.17248671866953372,0.019419409888681446,forced,100,100,80,1,19,naive,3001,expB_memory_diagnostics,main,2,0.95,8,prefix-all
1.0,0.9937500357627869,0.9948000067472458,0.005239476488685703,0.16203833650797606,0.30040996707975864,0.0,0.05016821762546897,0.6494218409061432,80,0.0,0.0,0.0,0.0,0.0,0.0,0.0,0.0,0.0,0.0,1.0,16,320.0,0.0,500,320.0,0.0,-1.0,-1.0,-1.0,0.002353705931454897,0.02678122030897066,0.02525783685552436,forced,101,101,80,1,20,naive,3001,expB_memory_diagnostics,main,2,1.0,8,prefix-all
1.0,0.9937500357627869,0.9948000067472458,0.005239476488685703,0.16203833650797606,0.30040996707975864,0.0,0.05016821762546897,0.6494218409061432,80,0.0,0.0,0.0,0.0,0.0,0.0,0.0,0.0,0.0,0.0,1.0,16,320.0,0.0,500,320.0,0.0,-1.0,-1.0,-1.0,0.002353705931454897,0.02678122030897066,0.02525783685552436,forced,102,101,80,1,20,naive,3001,expB_memory_diagnostics,main,2,1.0,8,prefix-all
1.0,0.9937500357627869,0.9948000067472458,0.005239476488685703,0.16203833650797606,0.30040996707975864,0.0,0.05016821762546897,0.6494218409061432,80,0.0,0.0,0.0,0.0,0.0,0.0,0.0,0.0,0.0,0.0,1.0,16,320.0,0.0,500,320.0,0.0,-1.0,-1.0,-1.0,0.002353705931454897,0.02678122030897066,0.02525783685552436,forced,120,101,80,1,20,naive,3001,expB_memory_diagnostics,main,2,1.0,8,prefix-all
1.0,0.996874988079071,0.9973000024557114,0.003201407137929847,0.04810813441872597,0.0,0.0,0.0,1.0,80,0.0,0.0,0.0,0.0,0.0,0.0,0.0,0.0,0.0,0.0,1.0,16,320.0,0.0,500,320.0,0.0,-1.0,-1.0,-1.0,0.0015144499484449625,0.014806832512840628,0.01346561121271021,forced,20,20,0,0,20,naive,3001,expB_memory_diagnostics,main,2,1.0,8,source-pinned-noise-fifo
1.0,0.9906250238418579,0.9955500071048736,0.00392833282180561,0.054367728997021914,8.986608509076177e-05,0.0,0.0,0.9999101534485817,80,0.0,0.0,0.0,0.0,0.0,0.0,0.0,0.0,0.0,0.0,1.0,16,320.0,0.0,500,320.0,0.0,-1.0,-1.0,-1.0,0.003354966640472412,0.022475239171646535,0.01637331906767698,forced,25,25,5,0,20,naive,3001,expB_memory_diagnostics,main,2,1.0,8,source-pinned-noise-fifo
1.0,0.9906250238418579,0.995243756890297,0.005009276508394142,0.04721938050352037,7.4854471222352e-05,0.0,0.0,0.9999251775443554,80,0.0,0.0,0.0,0.0,0.0,0.0,0.0,0.0,0.0,0.0,1.0,16,320.0,0.0,500,320.0,0.0,-1.0,-1.0,-1.0,0.0031218561343848705,0.024585446128156035,0.02071931508064494,forced,30,30,10,0,20,naive,3001,expB_memory_diagnostics,main,2,1.0,8,source-pinned-noise-fifo
1.0,0.981249988079071,0.9967000043392181,0.0033553497750341537,0.052192820236086845,1.8742224028756027e-05,0.0,0.0,0.9999812729656696,80,0.0,0.0,0.0,0.0,0.0,0.0,0.0,0.0,0.0,0.0,1.0,16,320.0,0.0,500,320.0,0.0,-1.0,-1.0,-1.0,0.0016364787006750703,0.016862571999197825,0.013352629077917613,forced,40,40,20,0,20,naive,3001,expB_memory_diagnostics,main,2,1.0,8,source-pinned-noise-fifo
1.0,0.996874988079071,0.9953250088691712,0.004305221322679643,0.06388770742341876,4.419632364260906e-05,0.0,0.0,0.9999558255076408,80,0.0,0.0,0.0,0.0,0.0,0.0,0.0,0.0,0.0,0.0,1.0,16,320.0,0.0,500,320.0,0.0,-1.0,-1.0,-1.0,0.002350413706153631,0.023244855977594854,0.01856945714092081,forced,60,60,40,0,20,naive,3001,expB_memory_diagnostics,main,2,1.0,8,source-pinned-noise-fifo
1.0,0.984375,0.9936687608957291,0.005252712206933304,0.07111736526712775,1.3762758101165673e-05,0.0,0.0,0.9999862797558308,80,0.0,0.0,0.0,0.0,0.0,0.0,0.0,0.0,0.0,0.0,1.0,16,320.0,0.0,500,320.0,0.0,-1.0,-1.0,-1.0,0.004840642213821411,0.03002749252784997,0.0200712387058135,forced,80,80,60,0,20,naive,3001,expB_memory_diagnostics,main,2,1.0,8,source-pinned-noise-fifo
1.0,0.996874988079071,0.9950187574625016,0.004598271765921293,0.06545258150435984,0.00012249379415152362,0.0,0.0,0.9998775273561478,80,0.0,0.0,0.0,0.0,0.0,0.0,0.0,0.0,0.0,0.0,1.0,16,320.0,0.0,500,320.0,0.0,-1.0,-1.0,-1.0,0.003810675349086523,0.025677905834279955,0.019111237530778907,forced,100,100,80,0,20,naive,3001,expB_memory_diagnostics,main,2,1.0,8,source-pinned-noise-fifo
0.578125,0.512499988079071,0.5355437616109848,0.01103179204738299,0.01401127764256671,0.0,0.0,0.0,1.0,40,127.0625,0.8762642493482143,0.0,0.0,0.0,0.0,0.0,0.0,17.9375,0.12373575065178591,0.5468750111758709,16,175.0,0.45312500000000006,500,320.0,145.0,0.9999502971768379,0.9976185634732246,0.991315558552742,0.9328524470329285,0.9896538624763489,0.021004836641611523,forced,10,10,0,0,10,gated,3001,expB_memory_diagnostics,main,2,0.5,8,source-only
0.737500011920929,0.715624988079071,0.7035375120639801,0.011425102441600152,0.1664513135328889,0.0,0.0,0.0,1.0,40,77.125,0.8449643734384112,0.0,0.0,0.0,0.0,0.0,0.0,14.1875,0.15503562656158884,0.7146484516561031,16,228.6875,0.2853515625,500,320.0,91.3125,0.9999985694885254,0.998747207224369,0.9893801882863045,0.5684944987297058,0.6334791629314422,0.02707088988640358,forced,15,15,0,0,15,gated,3001,expB_memory_diagnostics,main,2,0.75,8,source-only
1.0,1.0,0.9965062550306321,0.003496746868231118,0.02773750911001116,0.0,0.0,0.0,1.0,40,0.0,0.0,0.0,0.0,0.0,0.0,0.0,0.0,0.0,0.0,1.0,16,320.0,0.0,500,320.0,0.0,1.0,0.9997633881866932,0.9988656044006348,0.00181811791844666,0.017742311604088172,0.015057825990723656,forced,20,20,0,0,20,gated,3001,expB_memory_diagnostics,main,2,1.0,8,source-only
1.0,1.0,0.9965062550306321,0.003496746868231118,0.02773750911001116,0.0,0.0,0.0,1.0,40,0.0,0.0,0.0,0.0,0.0,0.0,0.0,0.0,0.0,0.0,1.0,16,320.0,0.0,500,320.0,0.0,1.0,0.9997633881866932,0.9988656044006348,0.00181811791844666,0.017742311604088172,0.015057825990723656,forced,25,20,0,0,20,gated,3001,expB_memory_diagnostics,main,2,1.0,8,source-only
1.0,1.0,0.9965062550306321,0.003496746868231118,0.02773750911001116,0.0,0.0,0.0,1.0,40,0.0,0.0,0.0,0.0,0.0,0.0,0.0,0.0,0.0,0.0,1.0,16,320.0,0.0,500,320.0,0.0,1.0,0.9997633881866932,0.9988656044006348,0.00181811791844666,0.017742311604088172,0.015057825990723656,forced,30,20,0,0,20,gated,3001,expB_memory_diagnostics,main,2,1.0,8,source-only
0.746874988079071,0.715624988079071,0.7168000122308731,0.008162547820438161,0.015443958982359618,0.2001312468200922,0.0,0.09989777067676187,0.6999710164964199,40,76.4375,0.8620536305522811,0.0,0.0,0.0,0.0,0.0,0.0,12.25,0.1379463694477188,0.7228515818715096,16,231.3125,0.2771484375,500,320.0,88.6875,1.0,0.9971500784158707,0.9912467002868652,0.5632807016372681,0.6139015107154846,0.02055888193542695,forced,50,50,40,1,9,gated,3001,expB_memory_diagnostics,main,2,0.45,8,prefix-all
0.9468750357627869,0.925000011920929,0.9199812628030777,0.010005255293740772,0.14872433058917522,0.2504003643989563,0.0,0.05003767483867705,0.6995619833469391,40,15.125,0.8611673561968648,0.0,0.0,0.0,0.0,0.0,0.0,2.4375,0.13883264380313529,0.9451171979308128,16,302.4375,0.0548828125,500,320.0,17.5625,1.0,0.9988071396946907,0.992470882833004,0.12347207218408585,0.16853182567656042,0.019526053647518717,forced,60,60,40,1,19,gated,3001,expB_memory_diagnostics,main,2,0.95,8,prefix-all
1.0,1.0,0.9964000059366226,0.0036669030943147977,0.12528182659298182,0.2994801327586174,0.0,0.050068912794813514,0.6504509747028351,40,0.0,0.0,0.0,0.0,0.0,0.0,0.0,0.0,0.0,0.0,1.0,16,320.0,0.0,500,320.0,0.0,0.9999980926513672,0.9990406893193722,0.9909268505871296,0.0019354866817593575,0.018244615209754556,0.01419242076439268,forced,61,61,40,1,20,gated,3001,expB_memory_diagnostics,main,2,1.0,8,prefix-all
1.0,1.0,0.9964000059366226,0.0036669030943147977,0.12528182659298182,0.2994801327586174,0.0,0.050068912794813514,0.6504509747028351,40,0.0,0.0,0.0,0.0,0.0,0.0,0.0,0.0,0.0,0.0,1.0,16,320.0,0.0,500,320.0,0.0,0.9999980926513672,0.9990406893193722,0.9909268505871296,0.0019354866817593575,0.018244615209754556,0.01419242076439268,forced,62,61,40,1,20,gated,3001,expB_memory_diagnostics,main,2,1.0,8,prefix-all
1.0,1.0,0.9964000059366226,0.0036669030943147977,0.12528182659298182,0.2994801327586174,0.0,0.050068912794813514,0.6504509747028351,40,0.0,0.0,0.0,0.0,0.0,0.0,0.0,0.0,0.0,0.0,1.0,16,320.0,0.0,500,320.0,0.0,0.9999980926513672,0.9990406893193722,0.9909268505871296,0.0019354866817593575,0.018244615209754556,0.01419242076439268,forced,70,61,40,1,20,gated,3001,expB_memory_diagnostics,main,2,1.0,8,prefix-all
1.0,1.0,0.9965062550306321,0.003496746868231118,0.02773750911001116,0.0,0.0,0.0,1.0,40,0.0,0.0,0.0,0.0,0.0,0.0,0.0,0.0,0.0,0.0,1.0,16,320.0,0.0,500,320.0,0.0,1.0,0.9997633881866932,0.9988656044006348,0.00181811791844666,0.017742311604088172,0.015057825990723656,forced,20,20,0,0,20,gated,3001,expB_memory_diagnostics,main,2,1.0,8,source-pinned-noise-fifo
1.0,0.996874988079071,0.9965875047445297,0.0036490702234839682,0.045578820863738656,5.889708404538396e-06,0.0,0.0,0.9999941252171993,40,0.0,0.0,0.0,0.0,0.0,0.0,0.0,0.0,0.0,0.0,1.0,16,320.0,0.0,500,320.0,0.0,1.0,0.9992771595716476,0.995739534497261,0.0011529240291565657,0.017537819027667864,0.015101018216013649,forced,25,25,5,0,20,gated,3001,expB_memory_diagnostics,main,2,1.0,8,source-pinned-noise-fifo
1.0,0.9937500357627869,0.9973312537670136,0.0029854429281018593,0.038844612427055836,1.6683733790046062e-06,0.0,0.0,0.9999983571469784,40,0.0,0.0,0.0,0.0,0.0,0.0,0.0,0.0,0.0,0.0,1.0,16,320.0,0.0,500,320.0,0.0,1.0,0.9997683167457581,0.998678594827652,0.001939435489475727,0.014474700754974038,0.013366484656513819,forced,30,30,10,0,20,gated,3001,expB_memory_diagnostics,main,2,1.0,8,source-pinned-noise-fifo
1.0,0.996874988079071,0.9961562551259995,0.004042127753098946,0.04241807456128299,1.163074728083302e-06,0.0,0.0,0.999998863786459,40,0.0,0.0,0.0,0.0,0.0,0.0,0.0,0.0,0.0,0.0,1.0,16,320.0,0.0,500,320.0,0.0,1.0,0.999555204063654,0.9966148361563683,0.0022667772136628628,0.02023636170942336,0.01783948941640807,forced,40,40,20,0,20,gated,3001,expB_memory_diagnostics,main,2,1.0,8,source-pinned-noise-fifo
1.0,1.0,0.9973562532663345,0.0029815158711410674,0.033480413258075714,1.1169685365075566e-05,0.0,0.0,0.999988853931427,40,0.0,0.0,0.0,0.0,0.0,0.0,0.0,0.0,0.0,0.0,1.0,16,320.0,0.0,500,320.0,0.0,1.0,0.9993600696325302,0.9957224130630493,0.0016753545496612787,0.014475600401405246,0.014045415956826082,forced,60,60,40,0,20,gated,3001,expB_memory_diagnostics,main,2,1.0,8,source-pinned-noise-fifo
1.0,1.0,0.9973562532663345,0.0029815158711410674,0.033480413258075714,1.1169685365075566e-05,0.0,0.0,0.999988853931427,40,0.0,0.0,0.0,0.0,0.0,0.0,0.0,0.0,0.0,0.0,1.0,16,320.0,0.0,500,320.0,0.0,1.0,0.9993600696325302,0.9957224130630493,0.0016753545496612787,0.014475600401405246,0.014045415956826082,forced,80,60,40,0,20,gated,3001,expB_memory_diagnostics,main,2,1.0,8,source-pinned-noise-fifo
1.0,1.0,0.9973562532663345,0.0029815158711410674,0.033480413258075714,1.1169685365075566e-05,0.0,0.0,0.999988853931427,40,0.0,0.0,0.0,0.0,0.0,0.0,0.0,0.0,0.0,0.0,1.0,16,320.0,0.0,500,320.0,0.0,1.0,0.9993600696325302,0.9957224130630493,0.0016753545496612787,0.014475600401405246,0.014045415956826082,forced,100,60,40,0,20,gated,3001,expB_memory_diagnostics,main,2,1.0,8,source-pinned-noise-fifo
0.5843750238418579,0.5562500357627869,0.5394875106811523,0.012596310561219206,0.06842408515512943,0.0,0.0,0.0,1.0,80,133.625,0.9829056323697749,0.0,0.0,0.0,0.0,0.0,0.0,2.3125,0.017094367630225114,0.5751953274011612,16,184.0625,0.42480468750000006,500,320.0,135.9375,0.9999242126941681,0.9989383965730667,0.9934910088777542,0.9143009185791016,0.9903289884328842,0.022677354894494184,forced,10,10,0,0,10,gated,3001,expB_memory_diagnostics,main,2,0.5,8,source-only
0.753125011920929,0.71875,0.7110625110864639,0.013187500445774226,0.1625508302822709,0.0,0.0,0.0,1.0,80,77.9375,0.983563481785268,0.0,0.0,0.0,0.0,0.0,0.0,1.3125,0.016436518214732077,0.752343762665987,16,240.75,0.24765625,500,320.0,79.25,0.9999998807907104,0.9932132624089718,0.960375964641571,0.6055711507797241,0.6678253436088561,0.027538589785077908,forced,15,15,0,0,15,gated,3001,expB_memory_diagnostics,main,2,0.75,8,source-only
1.0,1.0,0.9957687550783157,0.0054384666798709255,0.03778537409380078,0.0,0.0,0.0,1.0,80,0.0,0.0,0.0,0.0,0.0,0.0,0.0,0.0,0.0,0.0,1.0,16,320.0,0.0,500,320.0,0.0,1.0,0.9996240027248859,0.995912216603756,0.0021206457167863846,0.0215533436271362,0.02318795247690636,forced,20,20,0,0,20,gated,3001,expB_memory_diagnostics,main,2,1.0,8,source-only
1.0,1.0,0.9957687550783157,0.0054384666798709255,0.03778537409380078,0.0,0.0,0.0,1.0,80,0.0,0.0,0.0,0.0,0.0,0.0,0.0,0.0,0.0,0.0,1.0,16,320.0,0.0,500,320.0,0.0,1.0,0.9996240027248859,0.995912216603756,0.0021206457167863846,0.0215533436271362,0.02318795247690636,forced,25,20,0,0,20,gated,3001,expB_memory_diagnostics,main,2,1.0,8,source-only
1.0,1.0,0.9957687550783157,0.0054384666798709255,0.03778537409380078,0.0,0.0,0.0,1.0,80,0.0,0.0,0.0,0.0,0.0,0.0,0.0,0.0,0.0,0.0,1.0,16,320.0,0.0,500,320.0,0.0,1.0,0.9996240027248859,0.995912216603756,0.0021206457167863846,0.0215533436271362,0.02318795247690636,forced,30,20,0,0,20,gated,3001,expB_memory_diagnostics,main,2,1.0,8,source-only
0.24375000596046448,0.19687500596046448,0.15756250286102294,0.03380834132386244,2.238143891096115,1.0,0.0,0.0,0.0,80,180.1875,0.7301716159526896,63.0,0.25483311699262096,0.8125,0.0032875565993320255,0.0,0.0,2.875,0.011707710455357484,0.2285156287252903,16,73.125,0.771484375,500,320.0,246.875,0.9996656179428101,0.986659400165081,0.9558812715113163,2.447472333908081,2.7057944493293764,0.09946072740949709,forced,80,80,80,0,0,gated,3001,expB_memory_diagnostics,main,2,0.0,8,prefix-all
0.9437500238418579,0.918749988079071,0.9192937611341476,0.009472267778495767,0.09373473934829235,0.20002589747309685,0.0,0.09986760700121522,0.7001065313816071,80,19.375,0.9803199788687406,0.0,0.0,0.0,0.0,0.0,0.0,0.375,0.01968002113125952,0.9382812567055225,16,300.25,0.061718749999999996,500,320.0,19.75,1.0,0.9994998537003994,0.9951184652745724,0.12413740158081055,0.16598650228977202,0.017917340596857474,forced,100,100,80,1,19,gated,3001,expB_memory_diagnostics,main,2,0.95,8,prefix-all
1.0,1.0,0.9959625055789948,0.0036799827470660254,0.13711502123624086,0.2496835021302104,0.0,0.05006485618650913,0.7002516649663448,80,0.0,0.0,0.0,0.0,0.0,0.0,0.0,0.0,0.0,0.0,1.0,16,320.0,0.0,500,320.0,0.0,1.0,0.9996050596237183,0.9982244372367859,0.003381524933502078,0.02024751164810732,0.01456954532816486,forced,101,101,80,1,20,gated,3001,expB_memory_diagnostics,main,2,1.0,8,prefix-all
1.0,1.0,0.9959625055789948,0.0036799827470660254,0.13711502123624086,0.2496835021302104,0.0,0.05006485618650913,0.7002516649663448,80,0.0,0.0,0.0,0.0,0.0,0.0,0.0,0.0,0.0,0.0,1.0,16,320.0,0.0,500,320.0,0.0,1.0,0.9996050596237183,0.9982244372367859,0.003381524933502078,0.02024751164810732,0.01456954532816486,forced,102,101,80,1,20,gated,3001,expB_memory_diagnostics,main,2,1.0,8,prefix-all
1.0,1.0,0.9959625055789948,0.0036799827470660254,0.13711502123624086,0.2496835021302104,0.0,0.05006485618650913,0.7002516649663448,80,0.0,0.0,0.0,0.0,0.0,0.0,0.0,0.0,0.0,0.0,1.0,16,320.0,0.0,500,320.0,0.0,1.0,0.9996050596237183,0.9982244372367859,0.003381524933502078,0.02024751164810732,0.01456954532816486,forced,120,101,80,1,20,gated,3001,expB_memory_diagnostics,main,2,1.0,8,prefix-all
1.0,1.0,0.9957687550783157,0.0054384666798709255,0.03778537409380078,0.0,0.0,0.0,1.0,80,0.0,0.0,0.0,0.0,0.0,0.0,0.0,0.0,0.0,0.0,1.0,16,320.0,0.0,500,320.0,0.0,1.0,0.9996240027248859,0.995912216603756,0.0021206457167863846,0.0215533436271362,0.02318795247690636,forced,20,20,0,0,20,gated,3001,expB_memory_diagnostics,main,2,1.0,8,source-pinned-noise-fifo
1.0,0.996874988079071,0.9969062544107438,0.0035104384321799826,0.042907618219032884,1.7474169396791694e-05,0.0,0.0,0.9999825246632099,80,0.0,0.0,0.0,0.0,0.0,0.0,0.0,0.0,0.0,0.0,1.0,16,320.0,0.0,500,320.0,0.0,1.0,0.9995141290128231,0.9972905516624451,0.0013013279531151056,0.015969630886567755,0.014682306991738404,forced,25,25,5,0,20,gated,3001,expB_memory_diagnostics,main,2,1.0,8,source-pinned-noise-fifo
1.0,0.9937500357627869,0.9969750037193298,0.0033467711086580683,0.028603816288523376,1.3345163665690052e-05,0.0,0.0,0.9999866671860218,80,0.0,0.0,0.0,0.0,0.0,0.0,0.0,0.0,0.0,0.0,1.0,16,320.0,0.0,500,320.0,0.0,1.0,0.999653272330761,0.9979658126831055,0.002242138609290123,0.01623470527259633,0.014694516920841586,forced,30,30,10,0,20,gated,3001,expB_memory_diagnostics,main,2,1.0,8,source-pinned-noise-fifo
1.0,1.0,0.9972187526226044,0.0033099850496139745,0.029548187972977757,1.7029279320013302e-06,0.0,0.0,0.9999983236193657,80,0.0625,0.0625,0.0,0.0,0.0,0.0,0.0,0.0,0.0,0.0,0.9998046867549419,16,319.9375,0.0001953125,500,320.0,0.0625,1.0,0.9994666762650013,0.9968760833144188,0.0013248223112896085,0.01531071528303437,0.014550453927196649,forced,40,40,20,0,20,gated,3001,expB_memory_diagnostics,main,2,1.0,8,source-pinned-noise-fifo
1.0,1.0,0.9965375049114227,0.004220866243775378,0.04515579482540488,3.246060884976032e-06,0.0,0.0,0.9999967776238918,80,0.0,0.0,0.0,0.0,0.0,0.0,0.0,0.0,0.0,0.0,1.0,16,320.0,0.0,500,320.0,0.0,1.0,0.9990513361990452,0.9922130294144154,0.0016648152377456427,0.01882512875739485,0.020466415747804605,forced,60,60,40,0,20,gated,3001,expB_memory_diagnostics,main,2,1.0,8,source-pinned-noise-fifo
1.0,1.0,0.9971750025749206,0.0032517701715033304,0.036529789213091135,1.0617744010232855e-05,0.0,0.0,0.9999894052743912,80,0.0,0.0,0.0,0.0,0.0,0.0,0.0,0.0,0.0,0.0,1.0,16,320.0,0.0,500,320.0,0.0,1.0,0.999307457357645,0.993485439568758,0.0017434715991839767,0.014268337084213273,0.01275393933958623,forced,80,80,60,0,20,gated,3001,expB_memory_diagnostics,main,2,1.0,8,source-pinned-noise-fifo
1.0,1.0,0.9945125082731247,0.004541967034516133,0.05103679280728102,1.4015263730016159e-05,0.0,0.0,0.9999860264360905,80,0.0,0.0,0.0,0.0,0.0,0.0,0.0,0.0,0.0,0.0,1.0,16,320.0,0.0,500,320.0,0.0,1.0,0.999401580542326,0.996215358376503,0.002787357894703746,0.02609826434077695,0.01804935291765229,forced,100,100,80,0,20,gated,3001,expB_memory_diagnostics,main,2,1.0,8,source-pinned-noise-fifo
0.59375,0.518750011920929,0.5482312625646591,0.016084992472552476,0.07567984890192747,0.0,0.0,0.0,1.0,40,123.375,0.8925523455724435,0.0,0.0,0.0,0.0,0.0,0.0,14.8125,0.10744765442755648,0.5681640729308128,16,181.8125,0.4318359375000001,500,320.0,138.1875,-1.0,-1.0,-1.0,0.8590162992477417,0.9368613086938858,0.025217834272960916,forced,10,10,0,0,10,naive,3001,expB_memory_diagnostics,main,3,0.5,8,source-only
0.828125,0.800000011920929,0.7855062614679337,0.013487174178404412,0.11748638702556491,0.0,0.0,0.0,1.0,40,50.375,0.8746158262692705,0.0,0.0,0.0,0.0,0.0,0.0,7.3125,0.1253841737307295,0.819726575165987,16,262.3125,0.18027343750000002,500,320.0,57.6875,-1.0,-1.0,-1.0,0.43760839104652405,0.5194600988030433,0.03009263414845495,forced,15,15,0,0,15,naive,3001,expB_memory_diagnostics,main,3,0.75,8,source-only
1.0,0.9906250238418579,0.9960187554359436,0.003743375325643409,0.043294915463775396,0.0,0.0,0.0,1.0,40,0.0,0.0,0.0,0.0,0.0,0.0,0.0,0.0,0.0,0.0,1.0,16,320.0,0.0,500,320.0,0.0,-1.0,-1.0,-1.0,0.002937525976449251,0.02154912073072046,0.015882750105237438,forced,20,20,0,0,20,naive,3001,expB_memory_diagnostics,main,3,1.0,8,source-only
1.0,0.9906250238418579,0.9960187554359436,0.003743375325643409,0.043294915463775396,0.0,0.0,0.0,1.0,40,0.0,0.0,0.0,0.0,0.0,0.0,0.0,0.0,0.0,0.0,1.0,16,320.0,0.0,500,320.0,0.0,-1.0,-1.0,-1.0,0.002937525976449251,0.02154912073072046,0.015882750105237438,forced,25,20,0,0,20,naive,3001,expB_memory_diagnostics,main,3,1.0,8,source-only
1.0,0.9906250238418579,0.9960187554359436,0.003743375325643409,0.043294915463775396,0.0,0.0,0.0,1.0,40,0.0,0.0,0.0,0.0,0.0,0.0,0.0,0.0,0.0,0.0,1.0,16,320.0,0.0,500,320.0,0.0,-1.0,-1.0,-1.0,0.002937525976449251,0.02154912073072046,0.015882750105237438,forced,30,20,0,0,20,naive,3001,expB_memory_diagnostics,main,3,1.0,8,source-only
0.8031250238418579,0.7718750238418579,0.7650125119686126,0.0103915455877726,0.03141839662566781,0.25067673064768314,0.0,0.050163202453404665,0.6991600729525089,40,63.0,0.8720118619966546,0.0,0.0,0.0,0.0,0.0,0.0,9.25,0.12798813800334535,0.7742187604308128,16,247.75,0.22578125000000002,500,320.0,72.25,-1.0,-1.0,-1.0,0.493887722492218,0.5641093995571137,0.02352440548553846,forced,50,50,40,1,9,naive,3001,expB_memory_diagnostics,main,3,0.45,8,prefix-all
0.96875,0.9437500238418579,0.9426500109434128,0.019100906747065553,0.13953369576483965,0.24936062842607498,0.0,0.05090705887414515,0.6997323259711266,40,11.125,0.8650261197136198,0.0,0.0,0.0,0.0,0.0,0.0,1.6875,0.13497388028638027,0.9599609524011612,16,307.1875,0.0400390625,500,320.0,12.8125,-1.0,-1.0,-1.0,0.07296080887317657,0.11992529837787151,0.039241350925720744,forced,60,60,40,1,19,naive,3001,expB_memory_diagnostics,main,3,0.95,8,prefix-all
1.0,0.996874988079071,0.9961562547683716,0.003725300601261037,0.10772957466542721,0.24888826254755259,0.0,0.05031104129739106,0.7008007280528545,40,0.0,0.0,0.0,0.0,0.0,0.0,0.0,0.0,0.0,0.0,1.0,16,320.0,0.0,500,320.0,0.0,-1.0,-1.0,-1.0,0.0033973921090364456,0.019347791730891913,0.013427825801088101,forced,61,61,40,1,20,naive,3001,expB_memory_diagnostics,main,3,1.0,8,prefix-all
1.0,0.996874988079071,0.9961562547683716,0.003725300601261037,0.10772957466542721,0.24888826254755259,0.0,0.05031104129739106,0.7008007280528545,40,0.0,0.0,0.0,0.0,0.0,0.0,0.0,0.0,0.0,0.0,1.0,16,320.0,0.0,500,320.0,0.0,-1.0,-1.0,-1.0,0.0033973921090364456,0.019347791730891913,0.013427825801088101,forced,62,61,40,1,20,naive,3001,expB_memory_diagnostics,main,3,1.0,8,prefix-all
1.0,0.996874988079071,0.9961562547683716,0.003725300601261037,0.10772957466542721,0.24888826254755259,0.0,0.05031104129739106,0.7008007280528545,40,0.0,0.0,0.0,0.0,0.0,0.0,0.0,0.0,0.0,0.0,1.0,16,320.0,0.0,500,320.0,0.0,-1.0,-1.0,-1.0,0.0033973921090364456,0.019347791730891913,0.013427825801088101,forced,70,61,40,1,20,naive,3001,expB_memory_diagnostics,main,3,1.0,8,prefix-all
1.0,0.9906250238418579,0.9960187554359436,0.003743375325643409,0.043294915463775396,0.0,0.0,0.0,1.0,40,0.0,0.0,0.0,0.0,0.0,0.0,0.0,0.0,0.0,0.0,1.0,16,320.0,0.0,500,320.0,0.0,-1.0,-1.0,-1.0,0.002937525976449251,0.02154912073072046,0.015882750105237438,forced,20,20,0,0,20,naive,3001,expB_memory_diagnostics,main,3,1.0,8,source-pinned-noise-fifo
1.0,0.996874988079071,0.9968500040769577,0.003295252171566575,0.057260621106252074,1.3866146389318601e-05,0.0,0.0,0.9999861530959606,40,0.0,0.0,0.0,0.0,0.0,0.0,0.0,0.0,0.0,0.0,1.0,16,320.0,0.0,500,320.0,0.0,-1.0,-1.0,-1.0,0.002282484667375684,0.01797411445947364,0.014434968395174778,forced,25,25,5,0,20,naive,3001,expB_memory_diagnostics,main,3,1.0,8,source-pinned-noise-fifo
1.0,0.996874988079071,0.9962937554121017,0.0036914666341097023,0.05004291166551411,3.552773716819502e-05,0.0,0.0,0.9999644830822945,40,0.0,0.0,0.0,0.0,0.0,0.0,0.0,0.0,0.0,0.0,1.0,16,320.0,0.0,500,320.0,0.0,-1.0,-1.0,-1.0,0.002454540226608515,0.02045024461345747,0.016023169822084155,forced,30,30,10,0,20,naive,3001,expB_memory_diagnostics,main,3,1.0,8,source-pinned-noise-fifo
1.0,0.996874988079071,0.994768757224083,0.004528250692931842,0.04563777195289731,6.739998480043141e-05,0.0,0.0,0.999932624399662,40,0.0,0.0,0.0,0.0,0.0,0.0,0.0,0.0,0.0,0.0,1.0,16,320.0,0.0,500,320.0,0.0,-1.0,-1.0,-1.0,0.0028684348799288273,0.02763424735190347,0.019639419621854465,forced,40,40,20,0,20,naive,3001,expB_memory_diagnostics,main,3,1.0,8,source-pinned-noise-fifo
1.0,0.9937500357627869,0.9955937559604645,0.004067175978335257,0.0679422493558377,4.0040739804680925e-05,0.0,0.0,0.9999599643051624,40,0.0,0.0,0.0,0.0,0.0,0.0,0.0,0.0,0.0,0.0,1.0,16,320.0,0.0,500,320.0,0.0,-1.0,-1.0,-1.0,0.00396308396011591,0.024051284534856675,0.01777732856477648,forced,60,60,40,0,20,naive,3001,expB_memory_diagnostics,main,3,1.0,8,source-pinned-noise-fifo
1.0,0.9937500357627869,0.9955937559604645,0.004067175978335257,0.0679422493558377,4.0040739804680925e-05,0.0,0.0,0.9999599643051624,40,0.0,0.0,0.0,0.0,0.0,0.0,0.0,0.0,0.0,0.0,1.0,16,320.0,0.0,500,320.0,0.0,-1.0,-1.0,-1.0,0.00396308396011591,0.024051284534856675,0.01777732856477648,forced,80,60,40,0,20,naive,3001,expB_memory_diagnostics,main,3,1.0,8,source-pinned-noise-fifo
1.0,0.9937500357627869,0.9955937559604645,0.004067175978335257,0.0679422493558377,4.0040739804680925e-05,0.0,0.0,0.9999599643051624,40,0.0,0.0,0.0,0.0,0.0,0.0,0.0,0.0,0.0,0.0,1.0,16,320.0,0.0,500,320.0,0.0,-1.0,-1.0,-1.0,0.00396308396011591,0.024051284534856675,0.01777732856477648,forced,100,60,40,0,20,naive,3001,expB_memory_diagnostics,main,3,1.0,8,source-pinned-noise-fifo
0.609375,0.578125,0.5577750124931335,0.017198819131369426,0.12654703296720982,0.0,0.0,0.0,1.0,80,129.8125,0.9846113918614375,0.0,0.0,0.0,0.0,0.0,0.0,2.0,0.0153886081385624,0.5880859568715096,16,188.1875,0.4119140625,500,320.0,131.8125,-1.0,-1.0,-1.0,0.8596059679985046,0.9494700750112534,0.03397078125182914,forced,10,10,0,0,10,naive,3001,expB_memory_diagnostics,main,3,0.5,8,source-only
0.8375000357627869,0.800000011920929,0.7932687623500824,0.012818703458039619,0.15480262506753206,0.0,0.0,0.0,1.0,80,57.6875,0.9773422870408996,0.0,0.0,0.0,0.0,0.0,0.0,1.3125,0.0226577129591004,0.8156250081956387,16,261.0,0.18437499999999998,500,320.0,59.0,-1.0,-1.0,-1.0,0.4424820840358734,0.5139640423059464,0.02974040582810021,forced,15,15,0,0,15,naive,3001,expB_memory_diagnostics,main,3,0.75,8,source-only
1.0,1.0,0.9969250034093857,0.0037130180448943814,0.03425603755749762,0.0,0.0,0.0,1.0,80,0.0,0.0,0.0,0.0,0.0,0.0,0.0,0.0,0.0,0.0,1.0,16,320.0,0.0,500,320.0,0.0,-1.0,-1.0,-1.0,0.00262269820086658,0.01688940872484818,0.015723201765582867,forced,20,20,0,0,20,naive,3001,expB_memory_diagnostics,main,3,1.0,8,source-only
1.0,1.0,0.9969250034093857,0.0037130180448943814,0.03425603755749762,0.0,0.0,0.0,1.0,80,0.0,0.0,0.0,0.0,0.0,0.0,0.0,0.0,0.0,0.0,1.0,16,320.0,0.0,500,320.0,0.0,-1.0,-1.0,-1.0,0.00262269820086658,0.01688940872484818,0.015723201765582867,forced,25,20,0,0,20,naive,3001,expB_memory_diagnostics,main,3,1.0,8,source-only
1.0,1.0,0.9969250034093857,0.0037130180448943814,0.03425603755749762,0.0,0.0,0.0,1.0,80,0.0,0.0,0.0,0.0,0.0,0.0,0.0,0.0,0.0,0.0,1.0,16,320.0,0.0,500,320.0,0.0,-1.0,-1.0,-1.0,0.00262269820086658,0.01688940872484818,0.015723201765582867,forced,30,20,0,0,20,naive,3001,expB_memory_diagnostics,main,3,1.0,8,source-only
0.10625000298023224,0.05312500149011612,0.056606251034885646,0.013758876713829278,3.1721839159727097,1.0,0.0,0.0,0.0,80,235.0625,0.7893576042616122,55.5625,0.1856110546033706,2.5,0.008333425926954744,0.0,0.0,5.0,0.016697915208062495,0.06835937639698386,16,21.875,0.9316406249999999,500,320.0,298.125,-1.0,-1.0,-1.0,2.9707908630371094,2.9951599678993226,0.006145134450123471,forced,80,80,80,0,0,naive,3001,expB_memory_diagnostics,main,3,0.0,8,prefix-all
0.925000011920929,0.9000000357627869,0.9031437618732452,0.008181272061010271,0.13976960722357035,0.20021687541157007,0.0,0.09990533581003547,0.6998777985572815,80,29.25,0.9841187836021505,0.0,0.0,0.0,0.0,0.0,0.0,0.5,0.015881216397849462,0.9070312604308128,16,290.25,0.09296874999999999,500,320.0,29.75,-1.0,-1.0,-1.0,0.1478702276945114,0.18552763509750367,0.016359685061703905,forced,100,100,80,1,19,naive,3001,expB_memory_diagnostics,main,3,0.95,8,prefix-all
1.0,1.0,0.9957625074386597,0.004166055438203277,0.1267708339728415,0.3004369828850031,0.0,0.049752485705539584,0.6498105712234974,80,0.0,0.0,0.0,0.0,0.0,0.0,0.0,0.0,0.0,0.0,1.0,16,320.0,0.0,500,320.0,0.0,-1.0,-1.0,-1.0,0.002473808592185378,0.0220774251925759,0.017469091138526235,forced,101,101,80,1,20,naive,3001,expB_memory_diagnostics,main,3,1.0,8,prefix-all
1.0,1.0,0.9957625074386597,0.004166055438203277,0.1267708339728415,0.3004369828850031,0.0,0.049752485705539584,0.6498105712234974,80,0.0,0.0,0.0,0.0,0.0,0.0,0.0,0.0,0.0,0.0,1.0,16,320.0,0.0,500,320.0,0.0,-1.0,-1.0,-1.0,0.002473808592185378,0.0220774251925759,0.017469091138526235,forced,102,101,80,1,20,naive,3001,expB_memory_diagnostics,main,3,1.0,8,prefix-all
1.0,1.0,0.9957625074386597,0.004166055438203277,0.1267708339728415,0.3004369828850031,0.0,0.049752485705539584,0.6498105712234974,80,0.0,0.0,0.0,0.0,0.0,0.0,0.0,0.0,0.0,0.0,1.0,16,320.0,0.0,500,320.0,0.0,-1.0,-1.0,-1.0,0.002473808592185378,0.0220774251925759,0.017469091138526235,forced,120,101,80,1,20,naive,3001,expB_memory_diagnostics,main,3,1.0,8,prefix-all
1.0,1.0,0.9969250034093857,0.0037130180448943814,0.03425603755749762,0.0,0.0,0.0,1.0,80,0.0,0.0,0.0,0.0,0.0,0.0,0.0,0.0,0.0,0.0,1.0,16,320.0,0.0,500,320.0,0.0,-1.0,-1.0,-1.0,0.00262269820086658,0.01688940872484818,0.015723201765582867,forced,20,20,0,0,20,naive,3001,expB_memory_diagnostics,main,3,1.0,8,source-pinned-noise-fifo
1.0,1.0,0.9959875049591065,0.004068909109502686,0.06269837613217533,8.404122127103619e-05,0.0,0.0,0.9999159537255764,80,0.0,0.0,0.0,0.0,0.0,0.0,0.0,0.0,0.0,0.0,1.0,16,320.0,0.0,500,320.0,0.0,-1.0,-1.0,-1.0,0.002677733777090907,0.021327364979311824,0.015936269403781747,forced,25,25,5,0,20,naive,3001,expB_memory_diagnostics,main,3,1.0,8,source-pinned-noise-fifo
1.0,0.987500011920929,0.9951875078678131,0.004580435758869685,0.05269647785462439,2.5770385491341585e-05,0.0,0.0,0.9999742545187473,80,0.0,0.0,0.0,0.0,0.0,0.0,0.0,0.0,0.0,0.0,1.0,16,320.0,0.0,500,320.0,0.0,-1.0,-1.0,-1.0,0.0030483915470540524,0.025636947526130827,0.01953237527668621,forced,30,30,10,0,20,naive,3001,expB_memory_diagnostics,main,3,1.0,8,source-pinned-noise-fifo
1.0,1.0,0.9959312565326691,0.0036694321400812776,0.04435743624344468,4.919050525131752e-06,0.0,0.0,0.9999951012432575,80,0.0,0.0,0.0,0.0,0.0,0.0,0.0,0.0,0.0,0.0,1.0,16,320.0,0.0,500,320.0,0.0,-1.0,-1.0,-1.0,0.0032983242999762297,0.021529662535525858,0.01589976447933715,forced,40,40,20,0,20,naive,3001,expB_memory_diagnostics,main,3,1.0,8,source-pinned-noise-fifo
1.0,0.9937500357627869,0.9951187576055527,0.004439423696458076,0.07197329215705395,4.7372509698107024e-05,0.0,0.0,0.9999526478350163,80,0.0,0.0,0.0,0.0,0.0,0.0,0.0,0.0,0.0,0.0,1.0,16,320.0,0.0,500,320.0,0.0,-1.0,-1.0,-1.0,0.003119493369013071,0.024745526912622155,0.01792874488298681,forced,60,60,40,0,20,naive,3001,expB_memory_diagnostics,main,3,1.0,8,source-pinned-noise-fifo
1.0,0.996874988079071,0.9919937618970871,0.005654568444041047,0.10614294838160276,3.6244751299818745e-05,0.0,0.0,0.999963779002428,80,0.0,0.0,0.0,0.0,0.0,0.0,0.0,0.0,0.0,0.0,1.0,16,320.0,0.0,500,320.0,0.0,-1.0,-1.0,-1.0,0.0061734868213534355,0.036526608199812474,0.021477234358678935,forced,80,80,60,0,20,naive,3001,expB_memory_diagnostics,main,3,1.0,8,source-pinned-noise-fifo
1.0,0.9937500357627869,0.9945312596559525,0.004684887058482545,0.0670964983291924,0.00010933003704849398,0.0,0.0,0.999890673905611,80,0.0,0.0,0.0,0.0,0.0,0.0,0.0,0.0,0.0,0.0,1.0,16,320.0,0.0,500,320.0,0.0,-1.0,-1.0,-1.0,0.003587331622838974,0.02678199519775808,0.018175405403488106,forced,100,100,80,0,20,naive,3001,expB_memory_diagnostics,main,3,1.0,8,source-pinned-noise-fifo
0.5843750238418579,0.528124988079071,0.5422937613725662,0.013239399403603037,0.055538896238431334,0.0,0.0,0.0,1.0,40,121.6875,0.8906357597594411,0.0,0.0,0.0,0.0,0.0,0.0,14.9375,0.10936424024055877,0.5730468817055225,16,183.375,0.426953125,500,320.0,136.625,0.999997615814209,0.9929011911153793,0.9720863103866577,0.9222197532653809,0.9897715746164322,0.024065377707918983,forced,10,10,0,0,10,gated,3001,expB_memory_diagnostics,main,3,0.5,8,source-only
0.8031250238418579,0.778124988079071,0.7726562632322311,0.008403578734887892,0.059036861173808575,0.0,0.0,0.0,1.0,40,60.25,0.8626383947506853,0.0,0.0,0.0,0.0,0.0,0.0,9.75,0.13736160524931473,0.7812500111758709,16,250.0,0.21874999999999997,500,320.0,70.0,0.9999996572732925,0.9986713603138924,0.9906753525137901,0.49398916959762573,0.549479873418808,0.018412509055266476,forced,15,15,0,0,15,gated,3001,expB_memory_diagnostics,main,3,0.75,8,source-only
1.0,1.0,0.99740625166893,0.0030953202525677587,0.024356486042961478,0.0,0.0,0.0,1.0,40,0.0,0.0,0.0,0.0,0.0,0.0,0.0,0.0,0.0,0.0,1.0,16,320.0,0.0,500,320.0,0.0,1.0,0.9994946755468845,0.9964987151324749,0.0012503962498158216,0.013574955822899937,0.013682148440677708,forced,20,20,0,0,20,gated,3001,expB_memory_diagnostics,main,3,1.0,8,source-only
1.0,1.0,0.99740625166893,0.0030953202525677587,0.024356486042961478,0.0,0.0,0.0,1.0,40,0.0,0.0,0.0,0.0,0.0,0.0,0.0,0.0,0.0,0.0,1.0,16,320.0,0.0,500,320.0,0.0,1.0,0.9994946755468845,0.9964987151324749,0.0012503962498158216,0.013574955822899937,0.013682148440677708,forced,25,20,0,0,20,gated,3001,expB_memory_diagnostics,main,3,1.0,8,source-only
1.0,1.0,0.99740625166893,0.0030953202525677587,0.024356486042961478,0.0,0.0,0.0,1.0,40,0.0,0.0,0.0,0.0,0.0,0.0,0.0,0.0,0.0,0.0,1.0,16,320.0,0.0,500,320.0,0.0,1.0,0.9994946755468845,0.9964987151324749,0.0012503962498158216,0.013574955822899937,0.013682148440677708,forced,30,20,0,0,20,gated,3001,expB_memory_diagnostics,main,3,1.0,8,source-only
0.75,0.721875011920929,0.7176937615871429,0.008321984382662396,0.010291834420058876,0.2002453301101923,0.0,0.1001037722453475,0.6996509283781052,40,76.75,0.8719976049561797,0.0,0.0,0.0,0.0,0.0,0.0,11.3125,0.12800239504382022,0.7248046956956387,16,231.9375,0.2751953125,500,320.0,88.0625,0.999999888241291,0.99658327922225,0.9763601236045361,0.5503883361816406,0.6161539669036865,0.022414726153290133,forced,50,50,40,1,9,gated,3001,expB_memory_diagnostics,main,3,0.45,8,prefix-all
0.9937500357627869,0.96875,0.9725812615156174,0.008800593209557603,0.09593312069773674,5.5341376310025225e-05,0.0,1.1446470189468982e-06,0.9999435245990753,40,1.875,0.8072916666666666,0.0,0.0,0.0,0.0,0.0,0.0,0.25,0.13020833333333331,0.9933593906462193,16,317.875,0.006640625000000001,500,320.0,2.125,1.0,0.9995045028626919,0.9972364939749241,0.033287834376096725,0.0751127540692687,0.018477459063979792,forced,60,60,40,1,19,gated,3001,expB_memory_diagnostics,main,3,0.95,8,prefix-all
1.0,1.0,0.9959625053405762,0.0038000937446023082,0.02019253559410572,1.5115398241505318e-05,0.0,1.251803882951208e-05,0.9999724067747593,40,0.0,0.0,0.0,0.0,0.0,0.0,0.0,0.0,0.0,0.0,1.0,16,320.0,0.0,500,320.0,0.0,1.0,0.999387115240097,0.9968655928969383,0.0017650217050686479,0.020866814833832906,0.016797863467134036,forced,61,61,40,1,20,gated,3001,expB_memory_diagnostics,main,3,1.0,8,prefix-all
1.0,1.0,0.9959625053405762,0.0038000937446023082,0.02019253559410572,1.5115398241505318e-05,0.0,1.251803882951208e-05,0.9999724067747593,40,0.0,0.0,0.0,0.0,0.0,0.0,0.0,0.0,0.0,0.0,1.0,16,320.0,0.0,500,320.0,0.0,1.0,0.999387115240097,0.9968655928969383,0.0017650217050686479,0.020866814833832906,0.016797863467134036,forced,62,61,40,1,20,gated,3001,expB_memory_diagnostics,main,3,1.0,8,prefix-all
1.0,1.0,0.9959625053405762,0.0038000937446023082,0.02019253559410572,1.5115398241505318e-05,0.0,1.251803882951208e-05,0.9999724067747593,40,0.0,0.0,0.0,0.0,0.0,0.0,0.0,0.0,0.0,0.0,1.0,16,320.0,0.0,500,320.0,0.0,1.0,0.999387115240097,0.9968655928969383,0.0017650217050686479,0.020866814833832906,0.016797863467134036,forced,70,61,40,1,20,gated,3001,expB_memory_diagnostics,main,3,1.0,8,prefix-all
1.0,1.0,0.99740625166893,0.0030953202525677587,0.024356486042961478,0.0,0.0,0.0,1.0,40,0.0,0.0,0.0,0.0,0.0,0.0,0.0,0.0,0.0,0.0,1.0,16,320.0,0.0,500,320.0,0.0,1.0,0.9994946755468845,0.9964987151324749,0.0012503962498158216,0.013574955822899937,0.013682148440677708,forced,20,20,0,0,20,gated,3001,expB_memory_diagnostics,main,3,1.0,8,source-pinned-noise-fifo
1.0,1.0,0.9962562545537949,0.0034949591404814634,0.03856622311286628,4.59466734525904e-06,0.0,0.0,0.9999954253435135,40,0.0,0.0,0.0,0.0,0.0,0.0,0.0,0.0,0.0,0.0,1.0,16,320.0,0.0,500,320.0,0.0,1.0,0.9984967708587646,0.989631075412035,0.002172838430851698,0.019264869913924485,0.014697403323864851,forced,25,25,5,0,20,gated,3001,expB_memory_diagnostics,main,3,1.0,8,source-pinned-noise-fifo
1.0,1.0,0.9970812519788742,0.0030580938792549254,0.03807535977102816,3.340441956822815e-06,0.0,0.0,0.999996654689312,40,0.0,0.0,0.0,0.0,0.0,0.0,0.0,0.0,0.0,0.0,1.0,16,320.0,0.0,500,320.0,0.0,1.0,0.9998254515230656,0.9985280260443687,0.001230688183568418,0.015633674937998877,0.012889342067031838,forced,30,30,10,0,20,gated,3001,expB_memory_diagnostics,main,3,1.0,8,source-pinned-noise-fifo
1.0,0.996874988079071,0.9966250041723251,0.0033853913756655618,0.037442847387865186,6.85337798955743e-07,0.0,0.0,0.9999993443489075,40,0.0,0.0,0.0,0.0,0.0,0.0,0.0,0.0,0.0,0.0,1.0,16,320.0,0.0,500,320.0,0.0,1.0,0.9991103075444698,0.993775486946106,0.0018923720344901085,0.017962751984130592,0.015897286685422462,forced,40,40,20,0,20,gated,3001,expB_memory_diagnostics,main,3,1.0,8,source-pinned-noise-fifo
1.0,1.0,0.9963750052452087,0.0038709566956660734,0.04887330112978816,3.0942488393748135e-06,0.0,0.0,0.9999969191849232,40,0.0,0.0,0.0,0.0,0.0,0.0,0.0,0.0,0.0,0.0,1.0,16,320.0,0.0,500,320.0,0.0,1.0,0.9996689893305302,0.998720932751894,0.001540963537991047,0.018578342548105867,0.015502995282394546,forced,60,60,40,0,20,gated,3001,expB_memory_diagnostics,main,3,1.0,8,source-pinned-noise-fifo
1.0,1.0,0.9963750052452087,0.0038709566956660734,0.04887330112978816,3.0942488393748135e-06,0.0,0.0,0.9999969191849232,40,0.0,0.0,0.0,0.0,0.0,0.0,0.0,0.0,0.0,0.0,1.0,16,320.0,0.0,500,320.0,0.0,1.0,0.9996689893305302,0.998720932751894,0.001540963537991047,0.018578342548105867,0.015502995282394546,forced,80,60,40,0,20,gated,3001,expB_memory_diagnostics,main,3,1.0,8,source-pinned-noise-fifo
1.0,1.0,0.9963750052452087,0.0038709566956660734,0.04887330112978816,3.0942488393748135e-06,0.0,0.0,0.9999969191849232,40,0.0,0.0,0.0,0.0,0.0,0.0,0.0,0.0,0.0,0.0,1.0,16,320.0,0.0,500,320.0,0.0,1.0,0.9996689893305302,0.998720932751894,0.001540963537991047,0.018578342548105867,0.015502995282394546,forced,100,60,40,0,20,gated,3001,expB_memory_diagnostics,main,3,1.0,8,source-pinned-noise-fifo
0.6000000238418579,0.559374988079071,0.5449312617778778,0.014018373810134814,0.07795478776097298,0.0,0.0,0.0,1.0,80,131.6875,0.9792316003660358,0.0,0.0,0.0,0.0,0.0,0.0,2.75,0.020768399633964187,0.5798828303813934,16,185.5625,0.42011718750000004,500,320.0,134.4375,0.9998636245727539,0.9983471520245075,0.9900891818106174,0.8998903036117554,0.9834090268611908,0.02593375492014034,forced,10,10,0,0,10,gated,3001,expB_memory_diagnostics,main,3,0.5,8,source-only
0.8031250238418579,0.7562500238418579,0.7716125108003616,0.008839355802853057,0.05953694903291762,0.0,0.0,0.0,1.0,80,69.5625,0.9778213120251168,0.0,0.0,0.0,0.0,0.0,0.0,1.5625,0.022178687974883267,0.7777343839406967,16,248.875,0.222265625,500,320.0,71.125,1.0,0.9986559823155403,0.9915349781513214,0.4958468973636627,0.5558913084864616,0.01967886896508723,forced,15,15,0,0,15,gated,3001,expB_memory_diagnostics,main,3,0.75,8,source-only
1.0,0.996874988079071,0.9978000012636185,0.002732150457328317,0.028557034209370613,0.0,0.0,0.0,1.0,80,0.0,0.0,0.0,0.0,0.0,0.0,0.0,0.0,0.0,0.0,1.0,16,320.0,0.0,500,320.0,0.0,1.0,0.9994194284081459,0.9977339692413807,0.0014591432409361005,0.012158483927603811,0.011783198436010302,forced,20,20,0,0,20,gated,3001,expB_memory_diagnostics,main,3,1.0,8,source-only
1.0,0.996874988079071,0.9978000012636185,0.002732150457328317,0.028557034209370613,0.0,0.0,0.0,1.0,80,0.0,0.0,0.0,0.0,0.0,0.0,0.0,0.0,0.0,0.0,1.0,16,320.0,0.0,500,320.0,0.0,1.0,0.9994194284081459,0.9977339692413807,0.0014591432409361005,0.012158483927603811,0.011783198436010302,forced,25,20,0,0,20,gated,3001,expB_memory_diagnostics,main,3,1.0,8,source-only
1.0,0.996874988079071,0.9978000012636185,0.002732150457328317,0.028557034209370613,0.0,0.0,0.0,1.0,80,0.0,0.0,0.0,0.0,0.0,0.0,0.0,0.0,0.0,0.0,1.0,16,320.0,0.0,500,320.0,0.0,1.0,0.9994194284081459,0.9977339692413807,0.0014591432409361005,0.012158483927603811,0.011783198436010302,forced,30,20,0,0,20,gated,3001,expB_memory_diagnostics,main,3,1.0,8,source-only
0.15312500298023224,0.13125000894069672,0.10944375152885914,0.013017985133902087,3.3823802322149277,1.0,0.0,0.0,0.0,80,209.375,0.7473715391488814,64.8125,0.23105437660427644,2.4375,0.008821047904759197,0.0,0.0,3.5625,0.012753036342082975,0.12441406538709998,16,39.8125,0.8755859374999999,500,320.0,280.1875,0.9996553659439087,0.98876628652215,0.9718761555850506,2.6767935752868652,2.7586156244277955,0.025125449820183228,forced,80,80,80,0,0,gated,3001,expB_memory_diagnostics,main,3,0.0,8,prefix-all
0.9906250238418579,0.9625000357627869,0.9644125119447708,0.007916468692333381,0.15419370122253895,0.1935958592221141,0.0,0.05004491750150919,0.7563592456281185,80,2.9375,1.0,0.0,0.0,0.0,0.0,0.0,0.0,0.0,0.0,0.9908203333616257,16,317.0625,0.009179687499999999,500,320.0,2.9375,1.0,0.999604731798172,0.9979955479502678,0.04743548482656479,0.08994104204326868,0.017303679874009565,forced,100,100,80,1,19,gated,3001,expB_memory_diagnostics,main,3,0.95,8,prefix-all
1.0,0.9937500357627869,0.9958625050783158,0.003896884828384235,0.07004262180998921,0.269108671694994,0.0,0.030929012107662857,0.6999623440206051,80,0.0,0.0,0.0,0.0,0.0,0.0,0.0,0.0,0.0,0.0,1.0,16,320.0,0.0,500,320.0,0.0,1.0,0.9994133748114109,0.9963726662099361,0.002135789254680276,0.020254552550148217,0.01510129639951648,forced,101,101,80,1,20,gated,3001,expB_memory_diagnostics,main,3,1.0,8,prefix-all
1.0,0.9937500357627869,0.9958625050783158,0.003896884828384235,0.07004262180998921,0.269108671694994,0.0,0.030929012107662857,0.6999623440206051,80,0.0,0.0,0.0,0.0,0.0,0.0,0.0,0.0,0.0,0.0,1.0,16,320.0,0.0,500,320.0,0.0,1.0,0.9994133748114109,0.9963726662099361,0.002135789254680276,0.020254552550148217,0.01510129639951648,forced,102,101,80,1,20,gated,3001,expB_memory_diagnostics,main,3,1.0,8,prefix-all
1.0,0.9937500357627869,0.9958625050783158,0.003896884828384235,0.07004262180998921,0.269108671694994,0.0,0.030929012107662857,0.6999623440206051,80,0.0,0.0,0.0,0.0,0.0,0.0,0.0,0.0,0.0,0.0,1.0,16,320.0,0.0,500,320.0,0.0,1.0,0.9994133748114109,0.9963726662099361,0.002135789254680276,0.020254552550148217,0.01510129639951648,forced,120,101,80,1,20,gated,3001,expB_memory_diagnostics,main,3,1.0,8,prefix-all
1.0,0.996874988079071,0.9978000012636185,0.002732150457328317,0.028557034209370613,0.0,0.0,0.0,1.0,80,0.0,0.0,0.0,0.0,0.0,0.0,0.0,0.0,0.0,0.0,1.0,16,320.0,0.0,500,320.0,0.0,1.0,0.9994194284081459,0.9977339692413807,0.0014591432409361005,0.012158483927603811,0.011783198436010302,forced,20,20,0,0,20,gated,3001,expB_memory_diagnostics,main,3,1.0,8,source-pinned-noise-fifo
1.0,1.0,0.9959625058174133,0.004034432669371265,0.0315576697466895,9.499114366917638e-05,0.0,0.0,0.9999050535261631,80,0.0,0.0,0.0,0.0,0.0,0.0,0.0,0.0,0.0,0.0,1.0,16,320.0,0.0,500,320.0,0.0,0.9999997615814209,0.9989081919193268,0.9971287921071053,0.002699893433600664,0.020385419537313283,0.016050204654520943,forced,25,25,5,0,20,gated,3001,expB_memory_diagnostics,main,3,1.0,8,source-pinned-noise-fifo
1.0,0.9937500357627869,0.9953812565803528,0.0044078107549600214,0.056410253746435046,4.712676599183396e-06,0.0,0.0,0.9999953024089336,80,0.0,0.0,0.0,0.0,0.0,0.0,0.0,0.0,0.0,0.0,1.0,16,320.0,0.0,500,320.0,0.0,1.0,0.9990937188267708,0.9946435354650021,0.0024910736829042435,0.022790416880976407,0.01756032405136223,forced,30,30,10,0,20,gated,3001,expB_memory_diagnostics,main,3,1.0,8,source-pinned-noise-fifo
1.0,0.987500011920929,0.9961812565326691,0.0038333299169817166,0.048408103408291936,1.4437655920573889e-05,0.0,0.0,0.9999855868518353,80,0.0,0.0,0.0,0.0,0.0,0.0,0.0,0.0,0.0,0.0,1.0,16,320.0,0.0,500,320.0,0.0,1.0,0.9995411150157452,0.9960395991802216,0.0017858908977359533,0.01964189455565065,0.016800048813321988,forced,40,40,20,0,20,gated,3001,expB_memory_diagnostics,main,3,1.0,8,source-pinned-noise-fifo
1.0,1.0,0.9954812564849853,0.004210149092079222,0.05231637670658529,7.2646278397314745e-06,0.0,0.0,0.9999927692115307,80,0.0,0.0,0.0,0.0,0.0,0.0,0.0,0.0,0.0,0.0,1.0,16,320.0,0.0,500,320.0,0.0,1.0,0.99955864995718,0.9979756250977516,0.0028052006382495165,0.022890630473382773,0.018341428968570876,forced,60,60,40,0,20,gated,3001,expB_memory_diagnostics,main,3,1.0,8,source-pinned-noise-fifo
1.0,0.9937500357627869,0.9957500063180923,0.003896101850167339,0.06368081201799214,2.6225791771139484e-05,0.0,0.0,0.9999737925827503,80,0.0,0.0,0.0,0.0,0.0,0.0,0.0,0.0,0.0,0.0,1.0,16,320.0,0.0,500,320.0,0.0,1.0,0.9993864819407463,0.9962742328643799,0.002761140000075102,0.020015780547168106,0.015733366249075453,forced,80,80,60,0,20,gated,3001,expB_memory_diagnostics,main,3,1.0,8,source-pinned-noise-fifo
1.0,0.9906250238418579,0.995650007367134,0.0039010317514068023,0.05692418199032545,1.2522676968274027e-05,0.0,0.0,0.9999875016510487,80,0.0,0.0,0.0,0.0,0.0,0.0,0.0,0.0,0.0,0.0,1.0,16,320.0,0.0,500,320.0,0.0,1.0,0.999663557857275,0.998363308608532,0.002669172827154398,0.02164692048262805,0.015411390163881957,forced,100,100,80,0,20,gated,3001,expB_memory_diagnostics,main,3,1.0,8,source-pinned-noise-fifo
0.6187500357627869,0.6000000238418579,0.5596187623739243,0.01859622408529419,0.16121226642280817,0.0,0.0,0.0,1.0,40,101.3125,0.8630084752146402,0.0,0.0,0.0,0.0,0.0,0.0,16.125,0.13699152478535975,0.6330078281462193,16,202.5625,0.3669921875,500,320.0,117.4375,-1.0,-1.0,-1.0,0.8766300082206726,0.9628844338655472,0.02990771286077466,forced,10,10,0,0,10,naive,3001,expB_memory_diagnostics,main,4,0.5,8,source-only
0.8218750357627869,0.793749988079071,0.7750812621116638,0.013019414347018962,0.11455856636166573,0.0,0.0,0.0,1.0,40,52.25,0.8807604601667868,0.0,0.0,0.0,0.0,0.0,0.0,7.1875,0.11923953983321323,0.8142578266561031,16,260.5625,0.1857421875,500,320.0,59.4375,-1.0,-1.0,-1.0,0.45738276839256287,0.5357635913491249,0.02546003449054624,forced,15,15,0,0,15,naive,3001,expB_memory_diagnostics,main,4,0.75,8,source-only
1.0,0.996874988079071,0.9952937580347061,0.004539277057342643,0.05417176894843578,0.0,0.0,0.0,1.0,40,0.0,0.0,0.0,0.0,0.0,0.0,0.0,0.0,0.0,0.0,1.0,16,320.0,0.0,500,320.0,0.0,-1.0,-1.0,-1.0,0.0029733413830399513,0.02325237757479772,0.018804836467333354,forced,20,20,0,0,20,naive,3001,expB_memory_diagnostics,main,4,1.0,8,source-only
1.0,0.996874988079071,0.9952937580347061,0.004539277057342643,0.05417176894843578,0.0,0.0,0.0,1.0,40,0.0,0.0,0.0,0.0,0.0,0.0,0.0,0.0,0.0,0.0,1.0,16,320.0,0.0,500,320.0,0.0,-1.0,-1.0,-1.0,0.0029733413830399513,0.02325237757479772,0.018804836467333354,forced,25,20,0,0,20,naive,3001,expB_memory_diagnostics,main,4,1.0,8,source-only
1.0,0.996874988079071,0.9952937580347061,0.004539277057342643,0.05417176894843578,0.0,0.0,0.0,1.0,40,0.0,0.0,0.0,0.0,0.0,0.0,0.0,0.0,0.0,0.0,1.0,16,320.0,0.0,500,320.0,0.0,-1.0,-1.0,-1.0,0.0029733413830399513,0.02325237757479772,0.018804836467333354,forced,30,20,0,0,20,naive,3001,expB_memory_diagnostics,main,4,1.0,8,source-only
0.765625,0.7093750238418579,0.7174125126600266,0.012729463242274532,0.03443937061820179,0.20019475184381008,0.0,0.10020337114110589,0.6996018961071968,40,75.6875,0.8653889268521645,0.0,0.0,0.0,0.0,0.0,0.0,11.75,0.13461107314783557,0.7267578132450581,16,232.5625,0.2732421875,500,320.0,87.4375,-1.0,-1.0,-1.0,0.5719793438911438,0.6394494729042053,0.023883234191379117,forced,50,50,40,1,9,naive,3001,expB_memory_diagnostics,main,4,0.45,8,prefix-all
0.887499988079071,0.8687500357627869,0.8539937621355057,0.010685815467003562,0.16985025443136692,0.20260967873036861,0.0,0.10032542096450925,0.6970649100840092,40,39.5625,0.8558679692427991,0.0,0.0,0.0,0.0,0.0,0.0,6.6875,0.14413203075720107,0.8554687686264515,16,273.75,0.14453125000000003,500,320.0,46.25,-1.0,-1.0,-1.0,0.2203536480665207,0.2639299368858337,0.01844112776955188,forced,60,60,40,1,19,naive,3001,expB_memory_diagnostics,main,4,0.95,8,prefix-all
0.965624988079071,0.953125,0.9485125108957291,0.006018704329696934,0.05270464438945055,0.24898150004446507,0.0,0.05003624060191214,0.7009822763502598,40,12.75,0.8535894405839259,0.0,0.0,0.0,0.0,0.0,0.0,2.1875,0.14641055941607414,0.9533203169703484,16,305.0625,0.0466796875,500,320.0,14.9375,-1.0,-1.0,-1.0,0.0792464166879654,0.12201165135204792,0.020200772630190933,forced,61,61,40,1,20,naive,3001,expB_memory_diagnostics,main,4,1.0,8,prefix-all
0.965624988079071,0.953125,0.9485125108957291,0.006018704329696934,0.05270464438945055,0.24898150004446507,0.0,0.05003624060191214,0.7009822763502598,40,12.75,0.8535894405839259,0.0,0.0,0.0,0.0,0.0,0.0,2.1875,0.14641055941607414,0.9533203169703484,16,305.0625,0.0466796875,500,320.0,14.9375,-1.0,-1.0,-1.0,0.0792464166879654,0.12201165135204792,0.020200772630190933,forced,62,61,40,1,20,naive,3001,expB_memory_diagnostics,main,4,1.0,8,prefix-all
0.965624988079071,0.953125,0.9485125108957291,0.006018704329696934,0.05270464438945055,0.24898150004446507,0.0,0.05003624060191214,0.7009822763502598,40,12.75,0.8535894405839259,0.0,0.0,0.0,0.0,0.0,0.0,2.1875,0.14641055941607414,0.9533203169703484,16,305.0625,0.0466796875,500,320.0,14.9375,-1.0,-1.0,-1.0,0.0792464166879654,0.12201165135204792,0.020200772630190933,forced,70,61,40,1,20,naive,3001,expB_memory_diagnostics,main,4,1.0,8,prefix-all
1.0,0.996874988079071,0.9952937580347061,0.004539277057342643,0.05417176894843578,0.0,0.0,0.0,1.0,40,0.0,0.0,0.0,0.0,0.0,0.0,0.0,0.0,0.0,0.0,1.0,16,320.0,0.0,500,320.0,0.0,-1.0,-1.0,-1.0,0.0029733413830399513,0.02325237757479772,0.018804836467333354,forced,20,20,0,0,20,naive,3001,expB_memory_diagnostics,main,4,1.0,8,source-pinned-noise-fifo
1.0,0.9937500357627869,0.9958312560319901,0.004067829038694356,0.04095221613533795,8.958136987757825e-06,0.0,0.0,0.9999910593032837,40,0.0,0.0,0.0,0.0,0.0,0.0,0.0,0.0,0.0,0.0,1.0,16,320.0,0.0,500,320.0,0.0,-1.0,-1.0,-1.0,0.0030784662812948227,0.021398926447145642,0.01693589385154574,forced,25,25,5,0,20,naive,3001,expB_memory_diagnostics,main,4,1.0,8,source-pinned-noise-fifo
1.0,1.0,0.9969000047445298,0.0033598175224456147,0.0407666084356606,9.295526388086728e-05,0.0,0.0,0.9999070577323437,40,0.0,0.0,0.0,0.0,0.0,0.0,0.0,0.0,0.0,0.0,1.0,16,320.0,0.0,500,320.0,0.0,-1.0,-1.0,-1.0,0.0018718944629654288,0.016918196119600905,0.01502215587560429,forced,30,30,10,0,20,naive,3001,expB_memory_diagnostics,main,4,1.0,8,source-pinned-noise-fifo
1.0,1.0,0.9956312563419342,0.004112182498082139,0.04753043549135327,3.074376832046255e-05,0.0,0.0,0.999969270080328,40,0.0,0.0,0.0,0.0,0.0,0.0,0.0,0.0,0.0,0.0,1.0,16,320.0,0.0,500,320.0,0.0,-1.0,-1.0,-1.0,0.0030166928190737963,0.02332395434053615,0.017925545899091656,forced,40,40,20,0,20,naive,3001,expB_memory_diagnostics,main,4,1.0,8,source-pinned-noise-fifo
1.0,0.9906250238418579,0.994325009226799,0.004790673620881238,0.07686862396076322,4.4216107426109375e-05,0.0,0.0,0.9999558068811893,40,0.0,0.0,0.0,0.0,0.0,0.0,0.0,0.0,0.0,0.0,1.0,16,320.0,0.0,500,320.0,0.0,-1.0,-1.0,-1.0,0.004833299666643143,0.02765663515590131,0.0177021026945797,forced,60,60,40,0,20,naive,3001,expB_memory_diagnostics,main,4,1.0,8,source-pinned-noise-fifo
1.0,0.9906250238418579,0.994325009226799,0.004790673620881238,0.07686862396076322,4.4216107426109375e-05,0.0,0.0,0.9999558068811893,40,0.0,0.0,0.0,0.0,0.0,0.0,0.0,0.0,0.0,0.0,1.0,16,320.0,0.0,500,320.0,0.0,-1.0,-1.0,-1.0,0.004833299666643143,0.02765663515590131,0.0177021026945797,forced,80,60,40,0,20,naive,3001,expB_memory_diagnostics,main,4,1.0,8,source-pinned-noise-fifo
1.0,0.9906250238418579,0.994325009226799,0.004790673620881238,0.07686862396076322,4.4216107426109375e-05,0.0,0.0,0.9999558068811893,40,0.0,0.0,0.0,0.0,0.0,0.0,0.0,0.0,0.0,0.0,1.0,16,320.0,0.0,500,320.0,0.0,-1.0,-1.0,-1.0,0.004833299666643143,0.02765663515590131,0.0177021026945797,forced,100,60,40,0,20,naive,3001,expB_memory_diagnostics,main,4,1.0,8,source-pinned-noise-fifo
0.6000000238418579,0.5718750357627869,0.5394687623381614,0.016333052512602454,0.2203117525205016,0.0,0.0,0.0,1.0,80,131.9375,0.9820477885333213,0.0,0.0,0.0,0.0,0.0,0.0,2.375,0.0179522114666788,0.5802734531462193,16,185.6875,0.4197265625,500,320.0,134.3125,-1.0,-1.0,-1.0,0.8822810053825378,0.9723954447507859,0.02912622362484316,forced,10,10,0,0,10,naive,3001,expB_memory_diagnostics,main,4,0.5,8,source-only
0.8343750238418579,0.8125,0.7956250118017196,0.01230155025028769,0.1496647736057639,0.0,0.0,0.0,1.0,80,58.0,0.9819135662431941,0.0,0.0,0.0,0.0,0.0,0.0,1.0625,0.018086433756805808,0.8154297098517418,16,260.9375,0.18457031250000003,500,320.0,59.0625,-1.0,-1.0,-1.0,0.416776180267334,0.49799115091562274,0.02633075814818111,forced,15,15,0,0,15,naive,3001,expB_memory_diagnostics,main,4,0.75,8,source-only
1.0,0.9937500357627869,0.995043759226799,0.004000239252009033,0.06456425646319985,0.0,0.0,0.0,1.0,80,0.0,0.0,0.0,0.0,0.0,0.0,0.0,0.0,0.0,0.0,1.0,16,320.0,0.0,500,320.0,0.0,-1.0,-1.0,-1.0,0.0037162546068429947,0.024591590899042785,0.01658591883090454,forced,20,20,0,0,20,naive,3001,expB_memory_diagnostics,main,4,1.0,8,source-only
1.0,0.9937500357627869,0.995043759226799,0.004000239252009033,0.06456425646319985,0.0,0.0,0.0,1.0,80,0.0,0.0,0.0,0.0,0.0,0.0,0.0,0.0,0.0,0.0,1.0,16,320.0,0.0,500,320.0,0.0,-1.0,-1.0,-1.0,0.0037162546068429947,0.024591590899042785,0.01658591883090454,forced,25,20,0,0,20,naive,3001,expB_memory_diagnostics,main,4,1.0,8,source-only
1.0,0.9937500357627869,0.995043759226799,0.004000239252009033,0.06456425646319985,0.0,0.0,0.0,1.0,80,0.0,0.0,0.0,0.0,0.0,0.0,0.0,0.0,0.0,0.0,1.0,16,320.0,0.0,500,320.0,0.0,-1.0,-1.0,-1.0,0.0037162546068429947,0.024591590899042785,0.01658591883090454,forced,30,20,0,0,20,naive,3001,expB_memory_diagnostics,main,4,1.0,8,source-only
0.12812499701976776,0.10625000298023224,0.07703125127777458,0.015412144000652215,3.501229479908943,1.0,0.0,0.0,0.0,80,244.5625,0.8489055043835968,37.4375,0.12990511474759017,1.625,0.005630935499212007,0.0,0.0,4.5,0.015558445369600934,0.09960937686264515,16,31.875,0.9003906250000001,500,320.0,288.125,-1.0,-1.0,-1.0,2.9051733016967773,2.9592769384384154,0.020757320165032893,forced,80,80,80,0,0,naive,3001,expB_memory_diagnostics,main,4,0.0,8,prefix-all
0.981249988079071,0.9437500238418579,0.9587125127315521,0.00823664627406843,0.10108717298135161,0.0001252795505024551,0.0,0.00018002477827394614,0.9996947161853313,80,3.625,0.9791666666666666,0.0,0.0,0.0,0.0,0.0,0.0,0.0625,0.020833333333333332,0.9884765781462193,16,316.3125,0.011523437500000002,500,320.0,3.6875,-1.0,-1.0,-1.0,0.05791299790143967,0.10291283106803895,0.020483967900762925,forced,100,100,80,1,19,naive,3001,expB_memory_diagnostics,main,4,0.95,8,prefix-all
1.0,1.0,0.996250004529953,0.0037603936600159324,0.05526094394735992,0.00020045342080265982,0.0,0.00021761614789284067,0.9995819628238678,80,0.0,0.0,0.0,0.0,0.0,0.0,0.0,0.0,0.0,0.0,1.0,16,320.0,0.0,500,320.0,0.0,-1.0,-1.0,-1.0,0.002397362608462572,0.019025459040421994,0.015511324353951599,forced,101,101,80,1,20,naive,3001,expB_memory_diagnostics,main,4,1.0,8,prefix-all
1.0,1.0,0.996250004529953,0.0037603936600159324,0.05526094394735992,0.00020045342080265982,0.0,0.00021761614789284067,0.9995819628238678,80,0.0,0.0,0.0,0.0,0.0,0.0,0.0,0.0,0.0,0.0,1.0,16,320.0,0.0,500,320.0,0.0,-1.0,-1.0,-1.0,0.002397362608462572,0.019025459040421994,0.015511324353951599,forced,102,101,80,1,20,naive,3001,expB_memory_diagnostics,main,4,1.0,8,prefix-all
1.0,1.0,0.996250004529953,0.0037603936600159324,0.05526094394735992,0.00020045342080265982,0.0,0.00021761614789284067,0.9995819628238678,80,0.0,0.0,0.0,0.0,0.0,0.0,0.0,0.0,0.0,0.0,1.0,16,320.0,0.0,500,320.0,0.0,-1.0,-1.0,-1.0,0.002397362608462572,0.019025459040421994,0.015511324353951599,forced,120,101,80,1,20,naive,3001,expB_memory_diagnostics,main,4,1.0,8,prefix-all
1.0,0.9937500357627869,0.995043759226799,0.004000239252009033,0.06456425646319985,0.0,0.0,0.0,1.0,80,0.0,0.0,0.0,0.0,0.0,0.0,0.0,0.0,0.0,0.0,1.0,16,320.0,0.0,500,320.0,0.0,-1.0,-1.0,-1.0,0.0037162546068429947,0.024591590899042785,0.01658591883090454,forced,20,20,0,0,20,naive,3001,expB_memory_diagnostics,main,4,1.0,8,source-pinned-noise-fifo
1.0,0.996874988079071,0.9954062569141388,0.0039492537556791545,0.04024611273780465,2.2315246837933955e-05,0.0,0.0,0.999977707862854,80,0.0,0.0,0.0,0.0,0.0,0.0,0.0,0.0,0.0,0.0,1.0,16,320.0,0.0,500,320.0,0.0,-1.0,-1.0,-1.0,0.002876656362786889,0.02294079217221588,0.016794629590750603,forced,25,25,5,0,20,naive,3001,expB_memory_diagnostics,main,4,1.0,8,source-pinned-noise-fifo
1.0,0.996874988079071,0.9944437593221664,0.004817679973530259,0.052830014610663056,3.278287601915508e-05,0.0,0.0,0.9999672509729862,80,0.0,0.0,0.0,0.0,0.0,0.0,0.0,0.0,0.0,0.0,1.0,16,320.0,0.0,500,320.0,0.0,-1.0,-1.0,-1.0,0.003408330725505948,0.029036560737527906,0.0207398460718199,forced,30,30,10,0,20,naive,3001,expB_memory_diagnostics,main,4,1.0,8,source-pinned-noise-fifo
1.0,1.0,0.994943757891655,0.004537246161715752,0.06250754790380597,7.209440991573501e-05,0.0,0.0,0.9999279119074345,80,0.0,0.0,0.0,0.0,0.0,0.0,0.0,0.0,0.0,0.0,1.0,16,320.0,0.0,500,320.0,0.0,-1.0,-1.0,-1.0,0.0036901638377457857,0.025357240481767802,0.019794429630942644,forced,40,40,20,0,20,naive,3001,expB_memory_diagnostics,main,4,1.0,8,source-pinned-noise-fifo
1.0,0.996874988079071,0.9954187576770782,0.00434007964773504,0.07850146573036909,5.026415169595566e-05,0.0,0.0,0.9999497607350349,80,0.0,0.0,0.0,0.0,0.0,0.0,0.0,0.0,0.0,0.0,1.0,16,320.0,0.0,500,320.0,0.0,-1.0,-1.0,-1.0,0.003756361547857523,0.022703925053589046,0.01761001732234215,forced,60,60,40,0,20,naive,3001,expB_memory_diagnostics,main,4,1.0,8,source-pinned-noise-fifo
1.0,1.0,0.9949937590360641,0.004605097023913878,0.07351178349927068,0.0001422673540218966,0.0,0.0,0.9998577535152435,80,0.0,0.0,0.0,0.0,0.0,0.0,0.0,0.0,0.0,0.0,1.0,16,320.0,0.0,500,320.0,0.0,-1.0,-1.0,-1.0,0.003149861004203558,0.023631013604812325,0.018443223856486116,forced,80,80,60,0,20,naive,3001,expB_memory_diagnostics,main,4,1.0,8,source-pinned-noise-fifo
1.0,1.0,0.9945250097513199,0.004603931436164009,0.06592473317869008,0.0002730226797211799,0.0,0.0,0.9997270032763481,80,0.0,0.0,0.0,0.0,0.0,0.0,0.0,0.0,0.0,0.0,1.0,16,320.0,0.0,500,320.0,0.0,-1.0,-1.0,-1.0,0.0026687311474233866,0.027419163506943733,0.019586964559944808,forced,100,100,80,0,20,naive,3001,expB_memory_diagnostics,main,4,1.0,8,source-pinned-noise-fifo
0.59375,0.534375011920929,0.5531312611103057,0.01188732758369672,0.05345988902263343,0.0,0.0,0.0,1.0,40,120.1875,0.8734201151563034,0.0,0.0,0.0,0.0,0.0,0.0,17.375,0.12657988484369664,0.5701172016561031,16,182.4375,0.42988281249999993,500,320.0,137.5625,0.9999972581863403,0.9969501867890358,0.9884443208575249,0.8895915746688843,0.95428196144104,0.02196507990399996,forced,10,10,0,0,10,gated,3001,expB_memory_diagnostics,main,4,0.5,8,source-only
0.793749988079071,0.7718750238418579,0.7641187620162964,0.00789189358952866,0.04920932184904814,0.0,0.0,0.0,1.0,40,64.9375,0.8769423461807311,0.0,0.0,0.0,0.0,0.0,0.0,9.125,0.12305765381926903,0.7685547024011612,16,245.9375,0.23144531249999997,500,320.0,74.0625,1.0,0.9990149810910225,0.9892840012907982,0.4120379388332367,0.4652596269249916,0.019213992439629946,forced,15,15,0,0,15,gated,3001,expB_memory_diagnostics,main,4,0.75,8,source-only
1.0,1.0,0.9957250069379806,0.0040463239564599495,0.03679986693896353,0.0,0.0,0.0,1.0,40,0.0,0.0,0.0,0.0,0.0,0.0,0.0,0.0,0.0,0.0,1.0,16,320.0,0.0,500,320.0,0.0,1.0,0.9992550127208233,0.995347160845995,0.0024542382452636957,0.02186592355975881,0.018259253484576573,forced,20,20,0,0,20,gated,3001,expB_memory_diagnostics,main,4,1.0,8,source-only
1.0,1.0,0.9957250069379806,0.0040463239564599495,0.03679986693896353,0.0,0.0,0.0,1.0,40,0.0,0.0,0.0,0.0,0.0,0.0,0.0,0.0,0.0,0.0,1.0,16,320.0,0.0,500,320.0,0.0,1.0,0.9992550127208233,0.995347160845995,0.0024542382452636957,0.02186592355975881,0.018259253484576573,forced,25,20,0,0,20,gated,3001,expB_memory_diagnostics,main,4,1.0,8,source-only
1.0,1.0,0.9957250069379806,0.0040463239564599495,0.03679986693896353,0.0,0.0,0.0,1.0,40,0.0,0.0,0.0,0.0,0.0,0.0,0.0,0.0,0.0,0.0,1.0,16,320.0,0.0,500,320.0,0.0,1.0,0.9992550127208233,0.995347160845995,0.0024542382452636957,0.02186592355975881,0.018259253484576573,forced,30,20,0,0,20,gated,3001,expB_memory_diagnostics,main,4,1.0,8,source-only
0.793749988079071,0.7718750238418579,0.7650250110626221,0.00794459280981738,0.009992702514864504,0.25013602897524834,0.0,0.05000674235634506,0.6998572573065758,40,62.875,0.8642643923102797,0.0,0.0,0.0,0.0,0.0,0.0,9.875,0.13573560768972032,0.772656261920929,16,247.25,0.22734374999999998,500,320.0,72.75,1.0,0.9983190894126892,0.9888212941586971,0.4840473532676697,0.5390568352937698,0.020551985336902633,forced,50,50,40,1,9,gated,3001,expB_memory_diagnostics,main,4,0.45,8,prefix-all
0.949999988079071,0.925000011920929,0.9272062611579895,0.008718449290860006,0.1619458431378007,0.20000424329191446,0.0,0.10127852344885468,0.6987172476947308,40,13.9375,0.8671849956244306,0.0,0.0,0.0,0.0,0.0,0.0,2.125,0.1328150043755694,0.9498046971857548,16,303.9375,0.05019531249999999,500,320.0,16.0625,1.0,0.9997780248522758,0.9989994764328003,0.10970902442932129,0.1524345926940441,0.018520297157640878,forced,60,60,40,1,19,gated,3001,expB_memory_diagnostics,main,4,0.95,8,prefix-all
0.9593750238418579,0.9468750357627869,0.9490250084400177,0.004986946621442195,0.13252727407962084,0.20050766598433256,0.0,0.09999821288511157,0.6994941532611847,40,13.125,0.8683236034798536,0.0,0.0,0.0,0.0,0.0,0.0,2.0,0.1316763965201465,0.9527343735098839,16,304.875,0.047265625000000006,500,320.0,15.125,1.0,0.9992370046675205,0.9917030073702335,0.06998919695615768,0.10160568948090076,0.015734682022407326,forced,61,61,40,1,20,gated,3001,expB_memory_diagnostics,main,4,1.0,8,prefix-all
0.9593750238418579,0.9468750357627869,0.9490250084400177,0.004986946621442195,0.13252727407962084,0.20050766598433256,0.0,0.09999821288511157,0.6994941532611847,40,13.125,0.8683236034798536,0.0,0.0,0.0,0.0,0.0,0.0,2.0,0.1316763965201465,0.9527343735098839,16,304.875,0.047265625000000006,500,320.0,15.125,1.0,0.9992370046675205,0.9917030073702335,0.06998919695615768,0.10160568948090076,0.015734682022407326,forced,62,61,40,1,20,gated,3001,expB_memory_diagnostics,main,4,1.0,8,prefix-all
0.9593750238418579,0.9468750357627869,0.9490250084400177,0.004986946621442195,0.13252727407962084,0.20050766598433256,0.0,0.09999821288511157,0.6994941532611847,40,13.125,0.8683236034798536,0.0,0.0,0.0,0.0,0.0,0.0,2.0,0.1316763965201465,0.9527343735098839,16,304.875,0.047265625000000006,500,320.0,15.125,1.0,0.9992370046675205,0.9917030073702335,0.06998919695615768,0.10160568948090076,0.015734682022407326,forced,70,61,40,1,20,gated,3001,expB_memory_diagnostics,main,4,1.0,8,prefix-all
1.0,1.0,0.9957250069379806,0.0040463239564599495,0.03679986693896353,0.0,0.0,0.0,1.0,40,0.0,0.0,0.0,0.0,0.0,0.0,0.0,0.0,0.0,0.0,1.0,16,320.0,0.0,500,320.0,0.0,1.0,0.9992550127208233,0.995347160845995,0.0024542382452636957,0.02186592355975881,0.018259253484576573,forced,20,20,0,0,20,gated,3001,expB_memory_diagnostics,main,4,1.0,8,source-pinned-noise-fifo
1.0,1.0,0.9959937554597854,0.003970679450843521,0.032670841785147786,1.72959822748453e-05,0.0,0.0,0.999982725828886,40,0.0,0.0,0.0,0.0,0.0,0.0,0.0,0.0,0.0,0.0,1.0,16,320.0,0.0,500,320.0,0.0,1.0,0.9995665587484837,0.9983832463622093,0.0023706243373453617,0.019667868527118118,0.017051112054867673,forced,25,25,5,0,20,gated,3001,expB_memory_diagnostics,main,4,1.0,8,source-pinned-noise-fifo
1.0,1.0,0.9969125037193298,0.003428752909689133,0.02622822963166982,6.0909478349913115e-06,0.0,0.0,0.9999939128756523,40,0.0,0.0,0.0,0.0,0.0,0.0,0.0,0.0,0.0,0.0,1.0,16,320.0,0.0,500,320.0,0.0,1.0,0.9990381523966789,0.9906468130648136,0.0018444722518324852,0.016119010903406887,0.014627544008980588,forced,30,30,10,0,20,gated,3001,expB_memory_diagnostics,main,4,1.0,8,source-pinned-noise-fifo
1.0,0.996874988079071,0.9969937539100647,0.0031631262250160805,0.02885644300840795,5.156332440492406e-05,0.0,0.0,0.999948475509882,40,0.0,0.0,0.0,0.0,0.0,0.0,0.0,0.0,0.0,0.0,1.0,16,320.0,0.0,500,320.0,0.0,1.0,0.9992256574332714,0.9952819906175137,0.0010148846777155995,0.015408544237725436,0.013521592071578586,forced,40,40,20,0,20,gated,3001,expB_memory_diagnostics,main,4,1.0,8,source-pinned-noise-fifo
1.0,0.987500011920929,0.9957812579870224,0.003942324162911627,0.04925699811428785,4.203083108222927e-06,0.0,0.0,0.9999958276748657,40,0.0,0.0,0.0,0.0,0.0,0.0,0.0,0.0,0.0,0.0,1.0,16,320.0,0.0,500,320.0,0.0,1.0,0.9997187331318855,0.9983664155006409,0.0017345823580399156,0.02084943804354407,0.015287053692913112,forced,60,60,40,0,20,gated,3001,expB_memory_diagnostics,main,4,1.0,8,source-pinned-noise-fifo
1.0,0.987500011920929,0.9957812579870224,0.003942324162911627,0.04925699811428785,4.203083108222927e-06,0.0,0.0,0.9999958276748657,40,0.0,0.0,0.0,0.0,0.0,0.0,0.0,0.0,0.0,0.0,1.0,16,320.0,0.0,500,320.0,0.0,1.0,0.9997187331318855,0.9983664155006409,0.0017345823580399156,0.02084943804354407,0.015287053692913112,forced,80,60,40,0,20,gated,3001,expB_memory_diagnostics,main,4,1.0,8,source-pinned-noise-fifo
1.0,0.987500011920929,0.9957812579870224,0.003942324162911627,0.04925699811428785,4.203083108222927e-06,0.0,0.0,0.9999958276748657,40,0.0,0.0,0.0,0.0,0.0,0.0,0.0,0.0,0.0,0.0,1.0,16,320.0,0.0,500,320.0,0.0,1.0,0.9997187331318855,0.9983664155006409,0.0017345823580399156,0.02084943804354407,0.015287053692913112,forced,100,60,40,0,20,gated,3001,expB_memory_diagnostics,main,4,1.0,8,source-pinned-noise-fifo
0.6031250357627869,0.5562500357627869,0.555256262421608,0.012135657455406394,0.06156769534572959,0.0,0.0,0.0,1.0,80,133.3125,0.9793995284080381,0.0,0.0,0.0,0.0,0.0,0.0,2.8125,0.02060047159196181,0.574609387665987,16,183.875,0.425390625,500,320.0,136.125,0.9999998807907104,0.9991299211978912,0.9965035989880562,0.8620618581771851,0.9442492723464966,0.02476519948180112,forced,10,10,0,0,10,gated,3001,expB_memory_diagnostics,main,4,0.5,8,source-only
0.8031250238418579,0.768750011920929,0.7724437617063522,0.008348416634086595,0.047060192096978426,0.0,0.0,0.0,1.0,80,68.9375,0.9806045444493587,0.0,0.0,0.0,0.0,0.0,0.0,1.375,0.01939545555064131,0.7802734524011612,16,249.6875,0.2197265625,500,320.0,70.3125,0.9999998807907104,0.9990176372230053,0.993040643632412,0.4884815216064453,0.5448565464615822,0.01891470887887626,forced,15,15,0,0,15,gated,3001,expB_memory_diagnostics,main,4,0.75,8,source-only
1.0,1.0,0.9965437539815902,0.003911567982059021,0.0415302412584424,0.0,0.0,0.0,1.0,80,0.0,0.0,0.0,0.0,0.0,0.0,0.0,0.0,0.0,0.0,1.0,16,320.0,0.0,500,320.0,0.0,1.0,0.9993405528366566,0.9966907016932964,0.0018325602868571877,0.018319360823137686,0.016985997981420645,forced,20,20,0,0,20,gated,3001,expB_memory_diagnostics,main,4,1.0,8,source-only
1.0,1.0,0.9965437539815902,0.003911567982059021,0.0415302412584424,0.0,0.0,0.0,1.0,80,0.0,0.0,0.0,0.0,0.0,0.0,0.0,0.0,0.0,0.0,1.0,16,320.0,0.0,500,320.0,0.0,1.0,0.9993405528366566,0.9966907016932964,0.0018325602868571877,0.018319360823137686,0.016985997981420645,forced,25,20,0,0,20,gated,3001,expB_memory_diagnostics,main,4,1.0,8,source-only
1.0,1.0,0.9965437539815902,0.003911567982059021,0.0415302412584424,0.0,0.0,0.0,1.0,80,0.0,0.0,0.0,0.0,0.0,0.0,0.0,0.0,0.0,0.0,1.0,16,320.0,0.0,500,320.0,0.0,1.0,0.9993405528366566,0.9966907016932964,0.0018325602868571877,0.018319360823137686,0.016985997981420645,forced,30,20,0,0,20,gated,3001,expB_memory_diagnostics,main,4,1.0,8,source-only
0.359375,0.3531250059604645,0.27442500546574594,0.05728749450845511,3.0362355411052704,1.0,0.0,0.0,0.0,80,148.125,0.6978088618344203,63.5,0.2983765841749694,0.0,0.0,0.0,0.0,0.8125,0.0038145539906103286,0.33613281697034836,16,107.5625,0.6638671875,500,320.0,212.4375,0.9999690055847168,0.9828926920890808,0.9486258365213871,2.1210665702819824,2.33609273147583,0.1760524785260557,forced,80,80,80,0,0,gated,3001,expB_memory_diagnostics,main,4,0.0,8,prefix-all
0.9906250238418579,0.96875,0.9710812621116638,0.008145098892464606,0.09078791178762913,0.10023357160389423,0.0,0.05127589963376522,0.8484905324876308,80,1.3125,0.625,0.0,0.0,0.0,0.0,0.0,0.0,0.0625,0.0625,0.9957031235098839,16,318.625,0.0042968749999999995,500,320.0,1.375,1.0,0.9993428513407707,0.9951096624135971,0.039570052176713943,0.0756513239517808,0.0166912863129575,forced,100,100,80,1,19,gated,3001,expB_memory_diagnostics,main,4,0.95,8,prefix-all
1.0,0.9906250238418579,0.9968437546491623,0.003321763750369681,0.044230504194274545,0.24375889357179403,0.0,0.050026760902255774,0.7062143795192242,80,0.0625,0.0625,0.0,0.0,0.0,0.0,0.0,0.0,0.0,0.0,0.9998046867549419,16,319.9375,0.0001953125,500,320.0,0.0625,1.0,0.99967822432518,0.9984061270952225,0.002723199548199773,0.016428790866862983,0.01316927449569133,forced,101,101,80,1,20,gated,3001,expB_memory_diagnostics,main,4,1.0,8,prefix-all
1.0,0.9906250238418579,0.9968437546491623,0.003321763750369681,0.044230504194274545,0.24375889357179403,0.0,0.050026760902255774,0.7062143795192242,80,0.0625,0.0625,0.0,0.0,0.0,0.0,0.0,0.0,0.0,0.0,0.9998046867549419,16,319.9375,0.0001953125,500,320.0,0.0625,1.0,0.99967822432518,0.9984061270952225,0.002723199548199773,0.016428790866862983,0.01316927449569133,forced,102,101,80,1,20,gated,3001,expB_memory_diagnostics,main,4,1.0,8,prefix-all
1.0,0.9906250238418579,0.9968437546491623,0.003321763750369681,0.044230504194274545,0.24375889357179403,0.0,0.050026760902255774,0.7062143795192242,80,0.0625,0.0625,0.0,0.0,0.0,0.0,0.0,0.0,0.0,0.0,0.9998046867549419,16,319.9375,0.0001953125,500,320.0,0.0625,1.0,0.99967822432518,0.9984061270952225,0.002723199548199773,0.016428790866862983,0.01316927449569133,forced,120,101,80,1,20,gated,3001,expB_memory_diagnostics,main,4,1.0,8,prefix-all
1.0,1.0,0.9965437539815902,0.003911567982059021,0.0415302412584424,0.0,0.0,0.0,1.0,80,0.0,0.0,0.0,0.0,0.0,0.0,0.0,0.0,0.0,0.0,1.0,16,320.0,0.0,500,320.0,0.0,1.0,0.9993405528366566,0.9966907016932964,0.0018325602868571877,0.018319360823137686,0.016985997981420645,forced,20,20,0,0,20,gated,3001,expB_memory_diagnostics,main,4,1.0,8,source-pinned-noise-fifo
1.0,0.996874988079071,0.995887506723404,0.004127054925399227,0.047504932852461934,3.12325198592589e-05,0.0,0.0,0.9999687857925892,80,0.0,0.0,0.0,0.0,0.0,0.0,0.0,0.0,0.0,0.0,1.0,16,320.0,0.0,500,320.0,0.0,1.0,0.9991576187312603,0.9947260022163391,0.0020685256458818913,0.021786832842975855,0.019211394385733913,forced,25,25,5,0,20,gated,3001,expB_memory_diagnostics,main,4,1.0,8,source-pinned-noise-fifo
1.0,1.0,0.9959937570095062,0.003950954049335194,0.03797968756407499,2.1622992250058815e-06,0.0,0.0,0.9999978393316269,80,0.0,0.0,0.0,0.0,0.0,0.0,0.0,0.0,0.0,0.0,1.0,16,320.0,0.0,500,320.0,0.0,1.0,0.9993491321802139,0.9956986904144287,0.0023594286758452654,0.02134247296443209,0.01772198719582356,forced,30,30,10,0,20,gated,3001,expB_memory_diagnostics,main,4,1.0,8,source-pinned-noise-fifo
1.0,1.0,0.997068753004074,0.0030780061806804293,0.02779092697892338,3.3391130273230374e-05,0.0,0.0,0.9999666176736355,80,0.0,0.0,0.0,0.0,0.0,0.0,0.0,0.0,0.0,0.0,1.0,16,320.0,0.0,500,320.0,0.0,1.0,0.9994409307837486,0.9961039498448372,0.0016013648128136992,0.016149278677767144,0.013694993492983757,forced,40,40,20,0,20,gated,3001,expB_memory_diagnostics,main,4,1.0,8,source-pinned-noise-fifo
1.0,0.9906250238418579,0.9955937581062317,0.004009135089438488,0.03627539984881878,3.9187315081790075e-06,0.0,0.0,0.9999961033463478,80,0.0,0.0,0.0,0.0,0.0,0.0,0.0,0.0,0.0,0.0,1.0,16,320.0,0.0,500,320.0,0.0,1.0,0.9998132400214672,0.999046828597784,0.001468207687139511,0.022781125485897065,0.01713492801088369,forced,60,60,40,0,20,gated,3001,expB_memory_diagnostics,main,4,1.0,8,source-pinned-noise-fifo
1.0,0.9906250238418579,0.9950000089406967,0.0044502374757531705,0.05527690821327269,8.003528762401402e-06,0.0,0.0,0.9999920353293419,80,0.0,0.0,0.0,0.0,0.0,0.0,0.0,0.0,0.0,0.0,1.0,16,320.0,0.0,500,320.0,0.0,1.0,0.9990794211626053,0.9953780546784401,0.0034944124054163694,0.024204323552548885,0.017443775174888796,forced,80,80,60,0,20,gated,3001,expB_memory_diagnostics,main,4,1.0,8,source-pinned-noise-fifo
1.0,1.0,0.995400006532669,0.004425168036282921,0.05031102942302823,1.4800942665260663e-05,0.0,0.0,0.999985221773386,80,0.0,0.0,0.0,0.0,0.0,0.0,0.0,0.0,0.0,0.0,1.0,16,320.0,0.0,500,320.0,0.0,1.0,0.9995846599340439,0.9975893497467041,0.0026205875910818577,0.023002178311347963,0.019062425097797715,forced,100,100,80,0,20,gated,3001,expB_memory_diagnostics,main,4,1.0,8,source-pinned-noise-fifo
0.59375,0.5250000357627869,0.5314250108599663,0.014712367834051606,0.05785747338086367,0.0,0.0,0.0,1.0,40,130.25,0.8763325158489127,0.0,0.0,0.0,0.0,0.0,0.0,18.375,0.12366748415108729,0.5355468913912773,16,171.375,0.464453125,500,320.0,148.625,-1.0,-1.0,-1.0,0.913482666015625,0.9893992906808853,0.024205898851158043,forced,10,10,0,0,10,naive,3001,expB_memory_diagnostics,main,5,0.5,8,source-only
0.828125,0.796875,0.7817250131368637,0.01725863124562182,0.23842682410031557,0.0,0.0,0.0,1.0,40,44.6875,0.8717713922711412,0.0,0.0,0.0,0.0,0.0,0.0,6.5,0.1282286077288589,0.8400390706956387,16,268.8125,0.15996093749999998,500,320.0,51.1875,-1.0,-1.0,-1.0,0.4052196443080902,0.5072437073588372,0.0328893514104749,forced,15,15,0,0,15,naive,3001,expB_memory_diagnostics,main,5,0.75,8,source-only
1.0,1.0,0.9969062544107438,0.003521548357912033,0.03255697211716324,0.0,0.0,0.0,1.0,40,0.0,0.0,0.0,0.0,0.0,0.0,0.0,0.0,0.0,0.0,1.0,16,320.0,0.0,500,320.0,0.0,-1.0,-1.0,-1.0,0.0017856359481811523,0.0173591876369901,0.015675054156108138,forced,20,20,0,0,20,naive,3001,expB_memory_diagnostics,main,5,1.0,8,source-only
1.0,1.0,0.9969062544107438,0.003521548357912033,0.03255697211716324,0.0,0.0,0.0,1.0,40,0.0,0.0,0.0,0.0,0.0,0.0,0.0,0.0,0.0,0.0,1.0,16,320.0,0.0,500,320.0,0.0,-1.0,-1.0,-1.0,0.0017856359481811523,0.0173591876369901,0.015675054156108138,forced,25,20,0,0,20,naive,3001,expB_memory_diagnostics,main,5,1.0,8,source-only
1.0,1.0,0.9969062544107438,0.003521548357912033,0.03255697211716324,0.0,0.0,0.0,1.0,40,0.0,0.0,0.0,0.0,0.0,0.0,0.0,0.0,0.0,0.0,1.0,16,320.0,0.0,500,320.0,0.0,-1.0,-1.0,-1.0,0.0017856359481811523,0.0173591876369901,0.015675054156108138,forced,30,20,0,0,20,naive,3001,expB_memory_diagnostics,main,5,1.0,8,source-only
0.7406250238418579,0.690625011920929,0.6814250122308732,0.01992487504614325,0.04231659276410937,0.20048155263066292,0.0,0.09981088060885668,0.6997075788676739,40,78.5625,0.8825001530891443,0.0,0.0,0.0,0.0,0.0,0.0,10.4375,0.1174998469108557,0.7218750156462193,16,231.0,0.278125,500,320.0,89.0,-1.0,-1.0,-1.0,0.5946304798126221,0.7039771150350571,0.03433488562366232,forced,50,50,40,1,9,naive,3001,expB_memory_diagnostics,main,5,0.45,8,prefix-all
0.9281250238418579,0.909375011920929,0.9014687613248825,0.007524112854825698,0.10847857780754566,0.24976162891834974,0.0,0.05006479471921921,0.7001736052334309,40,26.6875,0.8818030820503954,0.0,0.0,0.0,0.0,0.0,0.0,3.5625,0.11819691794960474,0.9054687544703484,16,289.75,0.09453125,500,320.0,30.25,-1.0,-1.0,-1.0,0.15166768431663513,0.19799610456824301,0.016853188239383653,forced,60,60,40,1,19,naive,3001,expB_memory_diagnostics,main,5,0.95,8,prefix-all
1.0,0.9937500357627869,0.9962437554597855,0.003988740274690384,0.1251412509009242,0.3011876605451107,0.0,0.050253408728167415,0.648558959364891,40,0.0,0.0,0.0,0.0,0.0,0.0,0.0,0.0,0.0,0.0,1.0,16,320.0,0.0,500,320.0,0.0,-1.0,-1.0,-1.0,0.002578645246103406,0.019394198139663785,0.015637154828979944,forced,61,61,40,1,20,naive,3001,expB_memory_diagnostics,main,5,1.0,8,prefix-all
1.0,0.9937500357627869,0.9962437554597855,0.003988740274690384,0.1251412509009242,0.3011876605451107,0.0,0.050253408728167415,0.648558959364891,40,0.0,0.0,0.0,0.0,0.0,0.0,0.0,0.0,0.0,0.0,1.0,16,320.0,0.0,500,320.0,0.0,-1.0,-1.0,-1.0,0.002578645246103406,0.019394198139663785,0.015637154828979944,forced,62,61,40,1,20,naive,3001,expB_memory_diagnostics,main,5,1.0,8,prefix-all
1.0,0.9937500357627869,0.9962437554597855,0.003988740274690384,0.1251412509009242,0.3011876605451107,0.0,0.050253408728167415,0.648558959364891,40,0.0,0.0,0.0,0.0,0.0,0.0,0.0,0.0,0.0,0.0,1.0,16,320.0,0.0,500,320.0,0.0,-1.0,-1.0,-1.0,0.002578645246103406,0.019394198139663785,0.015637154828979944,forced,70,61,40,1,20,naive,3001,expB_memory_diagnostics,main,5,1.0,8,prefix-all
1.0,1.0,0.9969062544107438,0.003521548357912033,0.03255697211716324,0.0,0.0,0.0,1.0,40,0.0,0.0,0.0,0.0,0.0,0.0,0.0,0.0,0.0,0.0,1.0,16,320.0,0.0,500,320.0,0.0,-1.0,-1.0,-1.0,0.0017856359481811523,0.0173591876369901,0.015675054156108138,forced,20,20,0,0,20,naive,3001,expB_memory_diagnostics,main,5,1.0,8,source-pinned-noise-fifo
1.0,1.0,0.9958125070333481,0.004046112012595924,0.047210091492161155,1.1149446152103337e-05,0.0,0.0,0.9999888800084591,40,0.0,0.0,0.0,0.0,0.0,0.0,0.0,0.0,0.0,0.0,1.0,16,320.0,0.0,500,320.0,0.0,-1.0,-1.0,-1.0,0.0032960064709186554,0.0217506912490353,0.015966848053492223,forced,25,25,5,0,20,naive,3001,expB_memory_diagnostics,main,5,1.0,8,source-pinned-noise-fifo
1.0,0.9906250238418579,0.9960000061988831,0.003900110749556489,0.04709113133139908,9.751738048180414e-06,0.0,0.0,0.999990276992321,40,0.0,0.0,0.0,0.0,0.0,0.0,0.0,0.0,0.0,0.0,1.0,16,320.0,0.0,500,320.0,0.0,-1.0,-1.0,-1.0,0.002489788457751274,0.020607008719351144,0.01637735017190242,forced,30,30,10,0,20,naive,3001,expB_memory_diagnostics,main,5,1.0,8,source-pinned-noise-fifo
1.0,0.9906250238418579,0.9947125089168548,0.004740459389743718,0.043287265580147505,8.941276860241487e-06,0.0,0.0,0.9999910704791546,40,0.0,0.0,0.0,0.0,0.0,0.0,0.0,0.0,0.0,0.0,1.0,16,320.0,0.0,500,320.0,0.0,-1.0,-1.0,-1.0,0.0030789771117269993,0.026831885463092477,0.020037853866442693,forced,40,40,20,0,20,naive,3001,expB_memory_diagnostics,main,5,1.0,8,source-pinned-noise-fifo
1.0,0.9937500357627869,0.994425009727478,0.004711746264355275,0.055266774259507656,8.127865584128813e-06,0.0,0.0,0.9999919012188911,40,0.0,0.0,0.0,0.0,0.0,0.0,0.0,0.0,0.0,0.0,1.0,16,320.0,0.0,500,320.0,0.0,-1.0,-1.0,-1.0,0.002814993029460311,0.02804923727363348,0.020028548877047626,forced,60,60,40,0,20,naive,3001,expB_memory_diagnostics,main,5,1.0,8,source-pinned-noise-fifo
1.0,0.9937500357627869,0.994425009727478,0.004711746264355275,0.055266774259507656,8.127865584128813e-06,0.0,0.0,0.9999919012188911,40,0.0,0.0,0.0,0.0,0.0,0.0,0.0,0.0,0.0,0.0,1.0,16,320.0,0.0,500,320.0,0.0,-1.0,-1.0,-1.0,0.002814993029460311,0.02804923727363348,0.020028548877047626,forced,80,60,40,0,20,naive,3001,expB_memory_diagnostics,main,5,1.0,8,source-pinned-noise-fifo
1.0,0.9937500357627869,0.994425009727478,0.004711746264355275,0.055266774259507656,8.127865584128813e-06,0.0,0.0,0.9999919012188911,40,0.0,0.0,0.0,0.0,0.0,0.0,0.0,0.0,0.0,0.0,1.0,16,320.0,0.0,500,320.0,0.0,-1.0,-1.0,-1.0,0.002814993029460311,0.02804923727363348,0.020028548877047626,forced,100,60,40,0,20,naive,3001,expB_memory_diagnostics,main,5,1.0,8,source-pinned-noise-fifo
0.6000000238418579,0.5625,0.5406625131368638,0.014828399064803018,0.15004178509116173,0.0,0.0,0.0,1.0,80,133.8125,0.9871110516311197,0.0,0.0,0.0,0.0,0.0,0.0,1.75,0.012888948368880385,0.576367199420929,16,184.4375,0.42363281250000007,500,320.0,135.5625,-1.0,-1.0,-1.0,0.8862937688827515,0.9840877064466477,0.026390263836183935,forced,10,10,0,0,10,naive,3001,expB_memory_diagnostics,main,5,0.5,8,source-only
0.8375000357627869,0.793749988079071,0.8015062625408172,0.010645970510111787,0.13593833800405264,0.0,0.0,0.0,1.0,80,56.5625,0.9608270915771623,0.0,0.0,0.0,0.0,0.0,0.0,2.3125,0.039172908422837764,0.8160156384110451,16,261.125,0.183984375,500,320.0,58.875,-1.0,-1.0,-1.0,0.4234495759010315,0.48566532689332964,0.024403929085459096,forced,15,15,0,0,15,naive,3001,expB_memory_diagnostics,main,5,0.75,8,source-only
1.0,1.0,0.995762506365776,0.004208037720155837,0.04973575077019632,0.0,0.0,0.0,1.0,80,0.0,0.0,0.0,0.0,0.0,0.0,0.0,0.0,0.0,0.0,1.0,16,320.0,0.0,500,320.0,0.0,-1.0,-1.0,-1.0,0.002603511093184352,0.02178190914262086,0.018829453471143853,forced,20,20,0,0,20,naive,3001,expB_memory_diagnostics,main,5,1.0,8,source-only
1.0,1.0,0.995762506365776,0.004208037720155837,0.04973575077019632,0.0,0.0,0.0,1.0,80,0.0,0.0,0.0,0.0,0.0,0.0,0.0,0.0,0.0,0.0,1.0,16,320.0,0.0,500,320.0,0.0,-1.0,-1.0,-1.0,0.002603511093184352,0.02178190914262086,0.018829453471143853,forced,25,20,0,0,20,naive,3001,expB_memory_diagnostics,main,5,1.0,8,source-only
1.0,1.0,0.995762506365776,0.004208037720155837,0.04973575077019632,0.0,0.0,0.0,1.0,80,0.0,0.0,0.0,0.0,0.0,0.0,0.0,0.0,0.0,0.0,1.0,16,320.0,0.0,500,320.0,0.0,-1.0,-1.0,-1.0,0.002603511093184352,0.02178190914262086,0.018829453471143853,forced,30,20,0,0,20,naive,3001,expB_memory_diagnostics,main,5,1.0,8,source-only
0.12187500298023224,0.06875000149011612,0.055006251087412236,0.012978195857520079,3.9799164831638336,1.0,0.0,0.0,0.0,80,218.5625,0.7313021027162848,78.25,0.2607452651139993,1.25,0.0041390728476821195,0.0,0.0,1.125,0.0038135593220338985,0.06503906287252903,16,20.8125,0.9349609375,500,320.0,299.1875,-1.0,-1.0,-1.0,2.977513551712036,2.9958366918563843,0.0051994043647772825,forced,80,80,80,0,0,naive,3001,expB_memory_diagnostics,main,5,0.0,8,prefix-all
0.965624988079071,0.949999988079071,0.942906262755394,0.008322773099913562,0.13811398018151522,0.20050399471074343,0.0,0.10025396710261703,0.6992420740425587,80,15.3125,0.9755208333333334,0.0,0.0,0.0,0.0,0.0,0.0,0.375,0.024479166666666663,0.9509765580296516,16,304.3125,0.049023437499999996,500,320.0,15.6875,-1.0,-1.0,-1.0,0.08559755235910416,0.13047614689171314,0.022541469323417482,forced,100,100,80,1,19,naive,3001,expB_memory_diagnostics,main,5,0.95,8,prefix-all
0.96875,0.965624988079071,0.9471250123977661,0.007401433873704918,0.16996859945356846,0.2001981707289815,0.0,0.10005096672102809,0.6997508890926838,80,15.0625,0.9710193452380953,0.0,0.0,0.0,0.0,0.0,0.0,0.4375,0.02898065476190476,0.9515624940395355,16,304.5,0.0484375,500,320.0,15.5,-1.0,-1.0,-1.0,0.07234697043895721,0.11170098841190339,0.020663319480470087,forced,101,101,80,1,20,naive,3001,expB_memory_diagnostics,main,5,1.0,8,prefix-all
0.96875,0.965624988079071,0.9471250123977661,0.007401433873704918,0.16996859945356846,0.2001981707289815,0.0,0.10005096672102809,0.6997508890926838,80,15.0625,0.9710193452380953,0.0,0.0,0.0,0.0,0.0,0.0,0.4375,0.02898065476190476,0.9515624940395355,16,304.5,0.0484375,500,320.0,15.5,-1.0,-1.0,-1.0,0.07234697043895721,0.11170098841190339,0.020663319480470087,forced,102,101,80,1,20,naive,3001,expB_memory_diagnostics,main,5,1.0,8,prefix-all
0.96875,0.965624988079071,0.9471250123977661,0.007401433873704918,0.16996859945356846,0.2001981707289815,0.0,0.10005096672102809,0.6997508890926838,80,15.0625,0.9710193452380953,0.0,0.0,0.0,0.0,0.0,0.0,0.4375,0.02898065476190476,0.9515624940395355,16,304.5,0.0484375,500,320.0,15.5,-1.0,-1.0,-1.0,0.07234697043895721,0.11170098841190339,0.020663319480470087,forced,120,101,80,1,20,naive,3001,expB_memory_diagnostics,main,5,1.0,8,prefix-all
1.0,1.0,0.995762506365776,0.004208037720155837,0.04973575077019632,0.0,0.0,0.0,1.0,80,0.0,0.0,0.0,0.0,0.0,0.0,0.0,0.0,0.0,0.0,1.0,16,320.0,0.0,500,320.0,0.0,-1.0,-1.0,-1.0,0.002603511093184352,0.02178190914262086,0.018829453471143853,forced,20,20,0,0,20,naive,3001,expB_memory_diagnostics,main,5,1.0,8,source-pinned-noise-fifo
1.0,0.9937500357627869,0.9955875067710876,0.004176581988915854,0.052094453712925315,0.0003315924577691476,0.0,0.0,0.9996684193611145,80,0.0,0.0,0.0,0.0,0.0,0.0,0.0,0.0,0.0,0.0,1.0,16,320.0,0.0,500,320.0,0.0,-1.0,-1.0,-1.0,0.003264571772888303,0.022912908575031907,0.018490005412810963,forced,25,25,5,0,20,naive,3001,expB_memory_diagnostics,main,5,1.0,8,source-pinned-noise-fifo
1.0,0.996874988079071,0.9949312592744828,0.004196245749198213,0.04974711639806628,7.841471710889891e-05,0.0,0.0,0.9999215826392174,80,0.0,0.0,0.0,0.0,0.0,0.0,0.0,0.0,0.0,0.0,1.0,16,320.0,0.0,500,320.0,0.0,-1.0,-1.0,-1.0,0.0036276220344007015,0.02563815260399133,0.017056657861231502,forced,30,30,10,0,20,naive,3001,expB_memory_diagnostics,main,5,1.0,8,source-pinned-noise-fifo
1.0,0.9906250238418579,0.9941312606334687,0.00504579425268437,0.0605233246460557,2.8649744876929617e-05,0.0,0.0,0.9999713897705078,80,0.0,0.0,0.0,0.0,0.0,0.0,0.0,0.0,0.0,0.0,1.0,16,320.0,0.0,500,320.0,0.0,-1.0,-1.0,-1.0,0.004309122916311026,0.029244410755112766,0.020665159859799487,forced,40,40,20,0,20,naive,3001,expB_memory_diagnostics,main,5,1.0,8,source-pinned-noise-fifo
1.0,1.0,0.9949062587022781,0.004362809714149379,0.06498658563941717,5.6903384347606334e-05,0.0,0.0,0.9999431222677231,80,0.0,0.0,0.0,0.0,0.0,0.0,0.0,0.0,0.0,0.0,1.0,16,320.0,0.0,500,320.0,0.0,-1.0,-1.0,-1.0,0.0038554705679416656,0.02524518065713346,0.018278342315554332,forced,60,60,40,0,20,naive,3001,expB_memory_diagnostics,main,5,1.0,8,source-pinned-noise-fifo
1.0,0.9906250238418579,0.9929125114679337,0.005738584727842124,0.07804592326283455,8.219709798140684e-05,0.0,0.0,0.9999178387224674,80,0.0,0.0,0.0,0.0,0.0,0.0,0.0,0.0,0.0,0.0,1.0,16,320.0,0.0,500,320.0,0.0,-1.0,-1.0,-1.0,0.003981014713644981,0.03208694780152291,0.021824985052302435,forced,80,80,60,0,20,naive,3001,expB_memory_diagnostics,main,5,1.0,8,source-pinned-noise-fifo
1.0,0.9937500357627869,0.9944687572717666,0.005120704075228517,0.06711729243397713,5.412783002611832e-05,0.0,0.0,0.9999458938837051,80,0.0625,0.0625,0.0,0.0,0.0,0.0,0.0,0.0,0.0,0.0,0.9998046867549419,16,319.9375,0.0001953125,500,320.0,0.0625,-1.0,-1.0,-1.0,0.0027257357724010944,0.02682099678600207,0.020870259631532297,forced,100,100,80,0,20,naive,3001,expB_memory_diagnostics,main,5,1.0,8,source-pinned-noise-fifo
0.590624988079071,0.5375000238418579,0.5497812612056732,0.013296902613392095,0.05593805690295994,0.0,0.0,0.0,1.0,40,115.25,0.8673143730450187,0.0,0.0,0.0,0.0,0.0,0.0,17.625,0.13268562695498143,0.5847656428813934,16,187.125,0.41523437499999993,500,320.0,132.875,0.999990701675415,0.9959725923836231,0.9773184657096863,0.9327607154846191,1.0064178615808488,0.026965903324134552,forced,10,10,0,0,10,gated,3001,expB_memory_diagnostics,main,5,0.5,8,source-only
0.765625,0.71875,0.7150250118970871,0.013388405042230031,0.1612945133820176,0.0,0.0,0.0,1.0,40,68.0,0.8706622892792724,0.0,0.0,0.0,0.0,0.0,0.0,10.0625,0.1293377107207278,0.756054699420929,16,241.9375,0.2439453125,500,320.0,78.0625,0.9999983310699463,0.9943206049501896,0.9635123386979103,0.5823096036911011,0.6520346854925155,0.026878990018088755,forced,15,15,0,0,15,gated,3001,expB_memory_diagnostics,main,5,0.75,8,source-only
1.0,1.0,0.9969437531232834,0.003504336006402677,0.03095741558354348,0.0,0.0,0.0,1.0,40,0.0,0.0,0.0,0.0,0.0,0.0,0.0,0.0,0.0,0.0,1.0,16,320.0,0.0,500,320.0,0.0,1.0,0.9992139339447021,0.9953720420598984,0.002255802508443594,0.015758007674477995,0.014651509523311138,forced,20,20,0,0,20,gated,3001,expB_memory_diagnostics,main,5,1.0,8,source-only
1.0,1.0,0.9969437531232834,0.003504336006402677,0.03095741558354348,0.0,0.0,0.0,1.0,40,0.0,0.0,0.0,0.0,0.0,0.0,0.0,0.0,0.0,0.0,1.0,16,320.0,0.0,500,320.0,0.0,1.0,0.9992139339447021,0.9953720420598984,0.002255802508443594,0.015758007674477995,0.014651509523311138,forced,25,20,0,0,20,gated,3001,expB_memory_diagnostics,main,5,1.0,8,source-only
1.0,1.0,0.9969437531232834,0.003504336006402677,0.03095741558354348,0.0,0.0,0.0,1.0,40,0.0,0.0,0.0,0.0,0.0,0.0,0.0,0.0,0.0,0.0,1.0,16,320.0,0.0,500,320.0,0.0,1.0,0.9992139339447021,0.9953720420598984,0.002255802508443594,0.015758007674477995,0.014651509523311138,forced,30,20,0,0,20,gated,3001,expB_memory_diagnostics,main,5,1.0,8,source-only
0.7562500238418579,0.7281250357627869,0.7228375109434128,0.00981923287773042,0.03694209014065564,0.20005590841174126,0.0,0.09274105029180646,0.7072030492126942,40,70.625,0.8580269781737914,0.0,0.0,0.0,0.0,0.0,0.0,11.6875,0.14197302182620855,0.7427734471857548,16,237.6875,0.2572265625,500,320.0,82.3125,0.9999994859099388,0.9991000853478909,0.996364414691925,0.5513863563537598,0.6114727604389191,0.023560343389977537,forced,50,50,40,1,9,gated,3001,expB_memory_diagnostics,main,5,0.45,8,prefix-all
0.96875,0.9593750238418579,0.9512625101804734,0.006525776982886107,0.11873758537694812,0.3000318668782711,0.0,0.04997046384960413,0.6499976962804794,40,11.0625,0.8903450715950718,0.0,0.0,0.0,0.0,0.0,0.0,1.375,0.10965492840492841,0.9611328281462193,16,307.5625,0.03886718749999999,500,320.0,12.4375,0.9999998807907104,0.9994613453745842,0.9969692267477512,0.07716479152441025,0.10914358687400817,0.022316401399832462,forced,60,60,40,1,19,gated,3001,expB_memory_diagnostics,main,5,0.95,8,prefix-all
1.0,0.9937500357627869,0.9965062546730041,0.0034799496056109754,0.1183772562071681,0.29928431287407875,0.0,0.05009079771116376,0.6506249234080315,40,0.0,0.0,0.0,0.0,0.0,0.0,0.0,0.0,0.0,0.0,1.0,16,320.0,0.0,500,320.0,0.0,1.0,0.9995238706469536,0.9947004690766335,0.0019799743313342333,0.017551582999527453,0.014158860205581353,forced,61,61,40,1,20,gated,3001,expB_memory_diagnostics,main,5,1.0,8,prefix-all
1.0,0.9937500357627869,0.9965062546730041,0.0034799496056109754,0.1183772562071681,0.29928431287407875,0.0,0.05009079771116376,0.6506249234080315,40,0.0,0.0,0.0,0.0,0.0,0.0,0.0,0.0,0.0,0.0,1.0,16,320.0,0.0,500,320.0,0.0,1.0,0.9995238706469536,0.9947004690766335,0.0019799743313342333,0.017551582999527453,0.014158860205581353,forced,62,61,40,1,20,gated,3001,expB_memory_diagnostics,main,5,1.0,8,prefix-all
1.0,0.9937500357627869,0.9965062546730041,0.0034799496056109754,0.1183772562071681,0.29928431287407875,0.0,0.05009079771116376,0.6506249234080315,40,0.0,0.0,0.0,0.0,0.0,0.0,0.0,0.0,0.0,0.0,1.0,16,320.0,0.0,500,320.0,0.0,1.0,0.9995238706469536,0.9947004690766335,0.0019799743313342333,0.017551582999527453,0.014158860205581353,forced,70,61,40,1,20,gated,3001,expB_memory_diagnostics,main,5,1.0,8,prefix-all
1.0,1.0,0.9969437531232834,0.003504336006402677,0.03095741558354348,0.0,0.0,0.0,1.0,40,0.0,0.0,0.0,0.0,0.0,0.0,0.0,0.0,0.0,0.0,1.0,16,320.0,0.0,500,320.0,0.0,1.0,0.9992139339447021,0.9953720420598984,0.002255802508443594,0.015758007674477995,0.014651509523311138,forced,20,20,0,0,20,gated,3001,expB_memory_diagnostics,main,5,1.0,8,source-pinned-noise-fifo
1.0,1.0,0.99658125436306,0.0035591501395202617,0.03621743922121823,5.2488423847307786e-06,0.0,0.0,0.9999947734177113,40,0.0,0.0,0.0,0.0,0.0,0.0,0.0,0.0,0.0,0.0,1.0,16,320.0,0.0,500,320.0,0.0,1.0,0.9985781311988831,0.992015540599823,0.002369158435612917,0.01824739280855283,0.015821450780565224,forced,25,25,5,0,20,gated,3001,expB_memory_diagnostics,main,5,1.0,8,source-pinned-noise-fifo
1.0,0.9937500357627869,0.997043753862381,0.0034729388624674985,0.02667940070386976,9.22479227938311e-06,0.0,0.0,0.9999907948076725,40,0.0,0.0,0.0,0.0,0.0,0.0,0.0,0.0,0.0,0.0,1.0,16,320.0,0.0,500,320.0,0.0,1.0,0.9983865097165108,0.9934786446392536,0.001443873392418027,0.0160190585963428,0.016087253907433464,forced,30,30,10,0,20,gated,3001,expB_memory_diagnostics,main,5,1.0,8,source-pinned-noise-fifo
1.0,1.0,0.9980562499761582,0.0026352348830250266,0.030937022296711802,4.121987160488061e-06,0.0,0.0,0.9999958947300911,40,0.0,0.0,0.0,0.0,0.0,0.0,0.0,0.0,0.0,0.0,1.0,16,320.0,0.0,500,320.0,0.0,1.0,0.9994749985635281,0.9966614209115505,0.000982045428827405,0.011012634373269976,0.01210510716816397,forced,40,40,20,0,20,gated,3001,expB_memory_diagnostics,main,5,1.0,8,source-pinned-noise-fifo
1.0,0.9937500357627869,0.9968625037670136,0.003638952011199841,0.0881823031231761,0.19909116998314857,0.0,0.0,0.8009088523685932,40,0.0,0.0,0.0,0.0,0.0,0.0,0.0,0.0,0.0,0.0,1.0,16,320.0,0.0,500,320.0,0.0,1.0,0.9995568655431271,0.9962295889854431,0.0014402922242879868,0.01658154505235143,0.014997386609596493,forced,60,60,40,0,20,gated,3001,expB_memory_diagnostics,main,5,1.0,8,source-pinned-noise-fifo
1.0,0.9937500357627869,0.9968625037670136,0.003638952011199841,0.0881823031231761,0.19909116998314857,0.0,0.0,0.8009088523685932,40,0.0,0.0,0.0,0.0,0.0,0.0,0.0,0.0,0.0,0.0,1.0,16,320.0,0.0,500,320.0,0.0,1.0,0.9995568655431271,0.9962295889854431,0.0014402922242879868,0.01658154505235143,0.014997386609596493,forced,80,60,40,0,20,gated,3001,expB_memory_diagnostics,main,5,1.0,8,source-pinned-noise-fifo
1.0,0.9937500357627869,0.9968625037670136,0.003638952011199841,0.0881823031231761,0.19909116998314857,0.0,0.0,0.8009088523685932,40,0.0,0.0,0.0,0.0,0.0,0.0,0.0,0.0,0.0,0.0,1.0,16,320.0,0.0,500,320.0,0.0,1.0,0.9995568655431271,0.9962295889854431,0.0014402922242879868,0.01658154505235143,0.014997386609596493,forced,100,60,40,0,20,gated,3001,expB_memory_diagnostics,main,5,1.0,8,source-pinned-noise-fifo
0.590624988079071,0.550000011920929,0.5507750111818314,0.013189756693826356,0.058202597545459867,0.0,0.0,0.0,1.0,80,133.375,0.978126212474484,0.0,0.0,0.0,0.0,0.0,0.0,3.0,0.021873787525516133,0.5738281384110451,16,183.625,0.4261718750000001,500,320.0,136.375,0.999998927116394,0.9961892664432526,0.9740924499928951,0.8838628530502319,0.9704136543273926,0.02823948717928619,forced,10,10,0,0,10,gated,3001,expB_memory_diagnostics,main,5,0.5,8,source-only
0.796875,0.7562500238418579,0.7658750121593475,0.008563640193149894,0.04667167644947767,0.0,0.0,0.0,1.0,80,72.125,0.9779093000780202,0.0,0.0,0.0,0.0,0.0,0.0,1.625,0.022090699921979685,0.7695312574505806,16,246.25,0.23046874999999997,500,320.0,73.75,1.0,0.9987740591168404,0.9919214807450771,0.4093068540096283,0.4719147388339043,0.020722841865964906,forced,15,15,0,0,15,gated,3001,expB_memory_diagnostics,main,5,0.75,8,source-only
1.0,1.0,0.9972250026464462,0.0031552448793438015,0.023889544769190252,0.0,0.0,0.0,1.0,80,0.0,0.0,0.0,0.0,0.0,0.0,0.0,0.0,0.0,0.0,1.0,16,320.0,0.0,500,320.0,0.0,1.0,0.9988641254603863,0.9893340282142162,0.0013935168972238898,0.015214410703396424,0.014588919128560933,forced,20,20,0,0,20,gated,3001,expB_memory_diagnostics,main,5,1.0,8,source-only
1.0,1.0,0.9972250026464462,0.0031552448793438015,0.023889544769190252,0.0,0.0,0.0,1.0,80,0.0,0.0,0.0,0.0,0.0,0.0,0.0,0.0,0.0,0.0,1.0,16,320.0,0.0,500,320.0,0.0,1.0,0.9988641254603863,0.9893340282142162,0.0013935168972238898,0.015214410703396424,0.014588919128560933,forced,25,20,0,0,20,gated,3001,expB_memory_diagnostics,main,5,1.0,8,source-only
1.0,1.0,0.9972250026464462,0.0031552448793438015,0.023889544769190252,0.0,0.0,0.0,1.0,80,0.0,0.0,0.0,0.0,0.0,0.0,0.0,0.0,0.0,0.0,1.0,16,320.0,0.0,500,320.0,0.0,1.0,0.9988641254603863,0.9893340282142162,0.0013935168972238898,0.015214410703396424,0.014588919128560933,forced,30,20,0,0,20,gated,3001,expB_memory_diagnostics,main,5,1.0,8,source-only
0.15000000596046448,0.11874999850988388,0.09920625142753124,0.015027801208148592,3.4540158063173294,1.0,0.0,0.0,0.0,80,193.5,0.6935975487048689,83.3125,0.29674910311626723,1.75,0.0060790273556231,0.0,0.0,1.0,0.003574320823240861,0.12636719038709998,16,40.4375,0.8736328125,500,320.0,279.5625,0.9997088313102722,0.9771097116172314,0.9423984661698341,2.7311999797821045,2.835607657432556,0.042896662008841444,forced,80,80,80,0,0,gated,3001,expB_memory_diagnostics,main,5,0.0,8,prefix-all
0.953125,0.9375,0.9224625120162964,0.009115499311282037,0.14596793800592422,0.1730692544952035,0.0,0.10005157580599189,0.7268791906535625,80,16.75,0.981796364379085,0.0,0.0,0.0,0.0,0.0,0.0,0.3125,0.018203635620915034,0.9466797038912773,16,302.9375,0.053320312499999994,500,320.0,17.0625,1.0,0.9993010088801384,0.9941339530050755,0.12040505558252335,0.1606753064095974,0.01706142172307339,forced,100,100,80,1,19,gated,3001,expB_memory_diagnostics,main,5,0.95,8,prefix-all
1.0,1.0,0.9965562554597854,0.003353503348100393,0.09550143498927355,0.2992786169052124,0.0,0.05026201531291008,0.6504593938589096,80,0.0,0.0,0.0,0.0,0.0,0.0,0.0,0.0,0.0,0.0,1.0,16,320.0,0.0,500,320.0,0.0,0.9999998807907104,0.9991346821188927,0.9926533252000809,0.00200271001085639,0.017515311049763112,0.012710337070278096,forced,101,101,80,1,20,gated,3001,expB_memory_diagnostics,main,5,1.0,8,prefix-all
1.0,1.0,0.9965562554597854,0.003353503348100393,0.09550143498927355,0.2992786169052124,0.0,0.05026201531291008,0.6504593938589096,80,0.0,0.0,0.0,0.0,0.0,0.0,0.0,0.0,0.0,0.0,1.0,16,320.0,0.0,500,320.0,0.0,0.9999998807907104,0.9991346821188927,0.9926533252000809,0.00200271001085639,0.017515311049763112,0.012710337070278096,forced,102,101,80,1,20,gated,3001,expB_memory_diagnostics,main,5,1.0,8,prefix-all
1.0,1.0,0.9965562554597854,0.003353503348100393,0.09550143498927355,0.2992786169052124,0.0,0.05026201531291008,0.6504593938589096,80,0.0,0.0,0.0,0.0,0.0,0.0,0.0,0.0,0.0,0.0,1.0,16,320.0,0.0,500,320.0,0.0,0.9999998807907104,0.9991346821188927,0.9926533252000809,0.00200271001085639,0.017515311049763112,0.012710337070278096,forced,120,101,80,1,20,gated,3001,expB_memory_diagnostics,main,5,1.0,8,prefix-all
1.0,1.0,0.9972250026464462,0.0031552448793438015,0.023889544769190252,0.0,0.0,0.0,1.0,80,0.0,0.0,0.0,0.0,0.0,0.0,0.0,0.0,0.0,0.0,1.0,16,320.0,0.0,500,320.0,0.0,1.0,0.9988641254603863,0.9893340282142162,0.0013935168972238898,0.015214410703396424,0.014588919128560933,forced,20,20,0,0,20,gated,3001,expB_memory_diagnostics,main,5,1.0,8,source-pinned-noise-fifo
1.0,1.0,0.9975312535762787,0.0031028814970732667,0.019236812135204673,8.095591351775511e-05,0.0,0.0,0.9999190643429756,80,0.0,0.0,0.0,0.0,0.0,0.0,0.0,0.0,0.0,0.0,1.0,16,320.0,0.0,500,320.0,0.0,0.9999998807907104,0.9987067319452763,0.9907690323889256,0.0010394572746008635,0.013404778747586533,0.013672629185439296,forced,25,25,5,0,20,gated,3001,expB_memory_diagnostics,main,5,1.0,8,source-pinned-noise-fifo
1.0,1.0,0.9959250073432923,0.003932506904701148,0.030006354907527566,1.573647227814945e-05,0.0,0.0,0.9999842941761017,80,0.0,0.0,0.0,0.0,0.0,0.0,0.0,0.0,0.0,0.0,1.0,16,320.0,0.0,500,320.0,0.0,1.0,0.9983294606208801,0.9918822646141052,0.0025580725632607937,0.021454748935997487,0.017233910582417078,forced,30,30,10,0,20,gated,3001,expB_memory_diagnostics,main,5,1.0,8,source-pinned-noise-fifo
1.0,0.9937500357627869,0.9953937569856643,0.004389836521356355,0.05689339688979089,0.0018272616582635237,0.0,0.0,0.9981727488338947,80,0.0,0.0,0.0,0.0,0.0,0.0,0.0,0.0,0.0,0.0,1.0,16,320.0,0.0,500,320.0,0.0,1.0,0.9997924827039242,0.9991160519421101,0.002231856109574437,0.023028069955762474,0.018635439485073013,forced,40,40,20,0,20,gated,3001,expB_memory_diagnostics,main,5,1.0,8,source-pinned-noise-fifo
1.0,0.9906250238418579,0.995993756055832,0.004323885272745902,0.056521113496273756,4.6626547828054754e-05,0.0,0.0,0.9999533928930759,80,0.0,0.0,0.0,0.0,0.0,0.0,0.0,0.0,0.0,0.0,1.0,16,320.0,0.0,500,320.0,0.0,1.0,0.9992499388754368,0.9937117174267769,0.0013889825204387307,0.020096131032099947,0.01774943545346251,forced,60,60,40,0,20,gated,3001,expB_memory_diagnostics,main,5,1.0,8,source-pinned-noise-fifo
1.0,1.0,0.996318755030632,0.0038046908787097533,0.06107756868004799,8.596988124054405e-06,0.0,0.0,0.9999914541840553,80,0.0,0.0,0.0,0.0,0.0,0.0,0.0,0.0,0.0,0.0,1.0,16,320.0,0.0,500,320.0,0.0,1.0,0.999174453318119,0.9963046796619892,0.002138538984581828,0.01737857611523941,0.014553661528579754,forced,80,80,60,0,20,gated,3001,expB_memory_diagnostics,main,5,1.0,8,source-pinned-noise-fifo
1.0,1.0,0.9965625039339066,0.0035767169518650934,0.09572222037240863,0.29974200762808323,0.0,0.0,0.700258020311594,80,0.0,0.0,0.0,0.0,0.0,0.0,0.0,0.0,0.0625,0.0625,0.9998046867549419,16,319.9375,0.0001953125,500,320.0,0.0625,0.9999999105930328,0.9994270317256451,0.9950847774744034,0.002219697693362832,0.017318393705878406,0.013031716998058293,forced,100,100,80,0,20,gated,3001,expB_memory_diagnostics,main,5,1.0,8,source-pinned-noise-fifo
0.609375,0.565625011920929,0.560575010895729,0.014625716194412037,0.0723353922367096,0.0,0.0,0.0,1.0,40,116.5,0.8796572110647356,0.0,0.0,0.0,0.0,0.0,0.0,15.9375,0.12034278893526436,0.5861328206956387,16,187.5625,0.41386718749999996,500,320.0,132.4375,-1.0,-1.0,-1.0,0.9165279269218445,0.9995862784385681,0.02569650256201262,forced,10,10,0,0,10,naive,3001,expB_memory_diagnostics,main,6,0.5,8,source-only
0.796875,0.765625,0.7645312612056732,0.011055393240288123,0.075999790802598,0.0,0.0,0.0,1.0,40,64.0625,0.8870921495683506,0.0,0.0,0.0,0.0,0.0,0.0,8.1875,0.11290785043164955,0.7742187567055225,16,247.75,0.22578125,500,320.0,72.25,-1.0,-1.0,-1.0,0.44726091623306274,0.5215331188440323,0.023867448975789532,forced,15,15,0,0,15,naive,3001,expB_memory_diagnostics,main,6,0.75,8,source-only
1.0,0.996874988079071,0.9951812579631806,0.004727152992853405,0.05015821265988052,0.0,0.0,0.0,1.0,40,0.0,0.0,0.0,0.0,0.0,0.0,0.0,0.0,0.0,0.0,1.0,16,320.0,0.0,500,320.0,0.0,-1.0,-1.0,-1.0,0.0032362639904022217,0.02590623105596751,0.02148658159044686,forced,20,20,0,0,20,naive,3001,expB_memory_diagnostics,main,6,1.0,8,source-only
1.0,0.996874988079071,0.9951812579631806,0.004727152992853405,0.05015821265988052,0.0,0.0,0.0,1.0,40,0.0,0.0,0.0,0.0,0.0,0.0,0.0,0.0,0.0,0.0,1.0,16,320.0,0.0,500,320.0,0.0,-1.0,-1.0,-1.0,0.0032362639904022217,0.02590623105596751,0.02148658159044686,forced,25,20,0,0,20,naive,3001,expB_memory_diagnostics,main,6,1.0,8,source-only
1.0,0.996874988079071,0.9951812579631806,0.004727152992853405,0.05015821265988052,0.0,0.0,0.0,1.0,40,0.0,0.0,0.0,0.0,0.0,0.0,0.0,0.0,0.0,0.0,1.0,16,320.0,0.0,500,320.0,0.0,-1.0,-1.0,-1.0,0.0032362639904022217,0.02590623105596751,0.02148658159044686,forced,30,20,0,0,20,naive,3001,expB_memory_diagnostics,main,6,1.0,8,source-only
0.703125,0.6656250357627869,0.6688875118494034,0.012233912391234216,0.025045097223483026,0.15026761312037706,0.0,0.14965302217751741,0.7000793665647507,40,90.875,0.8833161926846731,0.0,0.0,0.0,0.0,0.0,0.0,12.0625,0.11668380731532697,0.6783203147351742,16,217.0625,0.3216796875,500,320.0,102.9375,-1.0,-1.0,-1.0,0.6693660616874695,0.7241177468299865,0.022780011908205843,forced,50,50,40,1,9,naive,3001,expB_memory_diagnostics,main,6,0.45,8,prefix-all
0.9375,0.918749988079071,0.9063375113010407,0.00975641478908482,0.1782928891479969,0.19970392156392336,0.0,0.10049752937629819,0.6997985728085041,40,17.3125,0.8813676941071484,0.0,0.0,0.0,0.0,0.0,0.0,2.3125,0.11863230589285158,0.9386718794703484,16,300.375,0.06132812500000001,500,320.0,19.625,-1.0,-1.0,-1.0,0.13997229933738708,0.18526127538084983,0.01717855090652587,forced,60,60,40,1,19,naive,3001,expB_memory_diagnostics,main,6,0.95,8,prefix-all
1.0,0.996874988079071,0.9963187552690506,0.00420461589429096,0.10541196214035153,0.300876846536994,0.0,0.0497001432813704,0.649423036724329,40,0.1875,0.1875,0.0,0.0,0.0,0.0,0.0,0.0,0.0,0.0,0.9994140602648258,16,319.8125,0.0005859375000000001,500,320.0,0.1875,-1.0,-1.0,-1.0,0.002177537651732564,0.01918625654326752,0.017582224766347406,forced,61,61,40,1,20,naive,3001,expB_memory_diagnostics,main,6,1.0,8,prefix-all
1.0,0.996874988079071,0.9963187552690506,0.00420461589429096,0.10541196214035153,0.300876846536994,0.0,0.0497001432813704,0.649423036724329,40,0.1875,0.1875,0.0,0.0,0.0,0.0,0.0,0.0,0.0,0.0,0.9994140602648258,16,319.8125,0.0005859375000000001,500,320.0,0.1875,-1.0,-1.0,-1.0,0.002177537651732564,0.01918625654326752,0.017582224766347406,forced,62,61,40,1,20,naive,3001,expB_memory_diagnostics,main,6,1.0,8,prefix-all
1.0,0.996874988079071,0.9963187552690506,0.00420461589429096,0.10541196214035153,0.300876846536994,0.0,0.0497001432813704,0.649423036724329,40,0.1875,0.1875,0.0,0.0,0.0,0.0,0.0,0.0,0.0,0.0,0.9994140602648258,16,319.8125,0.0005859375000000001,500,320.0,0.1875,-1.0,-1.0,-1.0,0.002177537651732564,0.01918625654326752,0.017582224766347406,forced,70,61,40,1,20,naive,3001,expB_memory_diagnostics,main,6,1.0,8,prefix-all
1.0,0.996874988079071,0.9951812579631806,0.004727152992853405,0.05015821265988052,0.0,0.0,0.0,1.0,40,0.0,0.0,0.0,0.0,0.0,0.0,0.0,0.0,0.0,0.0,1.0,16,320.0,0.0,500,320.0,0.0,-1.0,-1.0,-1.0,0.0032362639904022217,0.02590623105596751,0.02148658159044686,forced,20,20,0,0,20,naive,3001,expB_memory_diagnostics,main,6,1.0,8,source-pinned-noise-fifo
1.0,1.0,0.9954187582731246,0.004022442224017301,0.0676382901147008,4.9377212235413026e-05,0.0,0.0,0.9999506361782551,40,0.0,0.0,0.0,0.0,0.0,0.0,0.0,0.0,0.0,0.0,1.0,16,320.0,0.0,500,320.0,0.0,-1.0,-1.0,-1.0,0.0031537539325654507,0.023421018488239496,0.01657951983552868,forced,25,25,5,0,20,naive,3001,expB_memory_diagnostics,main,6,1.0,8,source-pinned-noise-fifo
1.0,0.996874988079071,0.9959375059604645,0.003930540056863058,0.055655943462625146,7.476668270101072e-05,0.0,0.0,0.9999252371490002,40,0.0,0.0,0.0,0.0,0.0,0.0,0.0,0.0,0.0,0.0,1.0,16,320.0,0.0,500,320.0,0.0,-1.0,-1.0,-1.0,0.003029368817806244,0.021444399317726494,0.016797759136958013,forced,30,30,10,0,20,naive,3001,expB_memory_diagnostics,main,6,1.0,8,source-pinned-noise-fifo
1.0,0.9937500357627869,0.9961750049591065,0.004185420503158331,0.04972476582042873,0.00013351434381547733,0.0,0.0,0.9998665004968643,40,0.0,0.0,0.0,0.0,0.0,0.0,0.0,0.0,0.0,0.0,1.0,16,320.0,0.0,500,320.0,0.0,-1.0,-1.0,-1.0,0.0027344890404492617,0.020960544045083226,0.019799824309486885,forced,40,40,20,0,20,naive,3001,expB_memory_diagnostics,main,6,1.0,8,source-pinned-noise-fifo
1.0,1.0,0.995293757557869,0.004421578651923731,0.06277701654471457,0.00010303842327630264,0.0,0.0,0.9998969882726669,40,0.0,0.0,0.0,0.0,0.0,0.0,0.0,0.0,0.0,0.0,1.0,16,320.0,0.0,500,320.0,0.0,-1.0,-1.0,-1.0,0.003068797755986452,0.023868492112960667,0.017277739478359946,forced,60,60,40,0,20,naive,3001,expB_memory_diagnostics,main,6,1.0,8,source-pinned-noise-fifo
1.0,1.0,0.995293757557869,0.004421578651923731,0.06277701654471457,0.00010303842327630264,0.0,0.0,0.9998969882726669,40,0.0,0.0,0.0,0.0,0.0,0.0,0.0,0.0,0.0,0.0,1.0,16,320.0,0.0,500,320.0,0.0,-1.0,-1.0,-1.0,0.003068797755986452,0.023868492112960667,0.017277739478359946,forced,80,60,40,0,20,naive,3001,expB_memory_diagnostics,main,6,1.0,8,source-pinned-noise-fifo
1.0,1.0,0.995293757557869,0.004421578651923731,0.06277701654471457,0.00010303842327630264,0.0,0.0,0.9998969882726669,40,0.0,0.0,0.0,0.0,0.0,0.0,0.0,0.0,0.0,0.0,1.0,16,320.0,0.0,500,320.0,0.0,-1.0,-1.0,-1.0,0.003068797755986452,0.023868492112960667,0.017277739478359946,forced,100,60,40,0,20,naive,3001,expB_memory_diagnostics,main,6,1.0,8,source-pinned-noise-fifo
0.6187500357627869,0.5562500357627869,0.5598312619924545,0.017946504863788793,0.15099503006786108,0.0,0.0,0.0,1.0,80,126.6875,0.9907922118769359,0.0,0.0,0.0,0.0,0.0,0.0,1.1875,0.00920778812306412,0.6003906354308128,16,192.125,0.399609375,500,320.0,127.875,-1.0,-1.0,-1.0,0.871617317199707,0.9455103257894516,0.02854687850206446,forced,10,10,0,0,10,naive,3001,expB_memory_diagnostics,main,6,0.5,8,source-only
0.8187500238418579,0.793749988079071,0.7834500124454499,0.012162789354343756,0.1555433189496398,0.0,0.0,0.0,1.0,80,59.875,0.9812979999159456,0.0,0.0,0.0,0.0,0.0,0.0,1.125,0.01870200008405447,0.8093750141561031,16,259.0,0.19062500000000004,500,320.0,61.0,-1.0,-1.0,-1.0,0.40418291091918945,0.47733698427677157,0.025300894520135665,forced,15,15,0,0,15,naive,3001,expB_memory_diagnostics,main,6,0.75,8,source-only
1.0,0.9937500357627869,0.9959937561750412,0.003975594910156829,0.04576599318534136,0.0,0.0,0.0,1.0,80,0.0,0.0,0.0,0.0,0.0,0.0,0.0,0.0,0.0,0.0,1.0,16,320.0,0.0,500,320.0,0.0,-1.0,-1.0,-1.0,0.0027156914584338665,0.02057141004689038,0.01689806572782964,forced,20,20,0,0,20,naive,3001,expB_memory_diagnostics,main,6,1.0,8,source-only
1.0,0.9937500357627869,0.9959937561750412,0.003975594910156829,0.04576599318534136,0.0,0.0,0.0,1.0,80,0.0,0.0,0.0,0.0,0.0,0.0,0.0,0.0,0.0,0.0,1.0,16,320.0,0.0,500,320.0,0.0,-1.0,-1.0,-1.0,0.0027156914584338665,0.02057141004689038,0.01689806572782964,forced,25,20,0,0,20,naive,3001,expB_memory_diagnostics,main,6,1.0,8,source-only
1.0,0.9937500357627869,0.9959937561750412,0.003975594910156829,0.04576599318534136,0.0,0.0,0.0,1.0,80,0.0,0.0,0.0,0.0,0.0,0.0,0.0,0.0,0.0,0.0,1.0,16,320.0,0.0,500,320.0,0.0,-1.0,-1.0,-1.0,0.0027156914584338665,0.02057141004689038,0.01689806572782964,forced,30,20,0,0,20,naive,3001,expB_memory_diagnostics,main,6,1.0,8,source-only
0.16250000894069672,0.15937499701976776,0.09868125153332949,0.02630498670572943,2.768142208456993,1.0,0.0,0.0,0.0,80,240.8125,0.8903240720852541,25.125,0.09285591454031804,0.0,0.0,0.0,0.0,4.5625,0.016820013374427983,0.15468750335276127,16,49.5,0.8453124999999999,500,320.0,270.5,-1.0,-1.0,-1.0,2.6293187141418457,2.865195439338684,0.09784978164584873,forced,80,80,80,0,0,naive,3001,expB_memory_diagnostics,main,6,0.0,8,prefix-all
0.9375,0.90625,0.9050812619924545,0.009889095032792195,0.17152392864227295,0.19881023559719324,0.0,0.10107605904340744,0.700113732367754,80,18.0625,0.9633805331343063,0.0,0.0,0.0,0.0,0.0,0.0,0.6875,0.036619466865693645,0.9414062611758709,16,301.25,0.05859374999999998,500,320.0,18.75,-1.0,-1.0,-1.0,0.13780000805854797,0.1922250434756279,0.02006124536893253,forced,100,100,80,1,19,naive,3001,expB_memory_diagnostics,main,6,0.95,8,prefix-all
0.925000011920929,0.90625,0.9025250126123429,0.0076311027234777845,0.1458071917295456,0.20014267694205046,0.0,0.10002354392781854,0.6998338103294373,80,30.9375,0.9818127306856104,0.0,0.0,0.0,0.0,0.0,0.0,0.5625,0.018187269314389725,0.9015625156462193,16,288.5,0.09843750000000001,500,320.0,31.5,-1.0,-1.0,-1.0,0.1437222957611084,0.1952895245552063,0.017544971295740692,forced,101,101,80,1,20,naive,3001,expB_memory_diagnostics,main,6,1.0,8,prefix-all
0.925000011920929,0.90625,0.9025250126123429,0.0076311027234777845,0.1458071917295456,0.20014267694205046,0.0,0.10002354392781854,0.6998338103294373,80,30.9375,0.9818127306856104,0.0,0.0,0.0,0.0,0.0,0.0,0.5625,0.018187269314389725,0.9015625156462193,16,288.5,0.09843750000000001,500,320.0,31.5,-1.0,-1.0,-1.0,0.1437222957611084,0.1952895245552063,0.017544971295740692,forced,102,101,80,1,20,naive,3001,expB_memory_diagnostics,main,6,1.0,8,prefix-all
0.925000011920929,0.90625,0.9025250126123429,0.0076311027234777845,0.1458071917295456,0.20014267694205046,0.0,0.10002354392781854,0.6998338103294373,80,30.9375,0.9818127306856104,0.0,0.0,0.0,0.0,0.0,0.0,0.5625,0.018187269314389725,0.9015625156462193,16,288.5,0.09843750000000001,500,320.0,31.5,-1.0,-1.0,-1.0,0.1437222957611084,0.1952895245552063,0.017544971295740692,forced,120,101,80,1,20,naive,3001,expB_memory_diagnostics,main,6,1.0,8,prefix-all
1.0,0.9937500357627869,0.9959937561750412,0.003975594910156829,0.04576599318534136,0.0,0.0,0.0,1.0,80,0.0,0.0,0.0,0.0,0.0,0.0,0.0,0.0,0.0,0.0,1.0,16,320.0,0.0,500,320.0,0.0,-1.0,-1.0,-1.0,0.0027156914584338665,0.02057141004689038,0.01689806572782964,forced,20,20,0,0,20,naive,3001,expB_memory_diagnostics,main,6,1.0,8,source-pinned-noise-fifo
1.0,0.9906250238418579,0.996250006556511,0.003847675981852419,0.06572592468000948,2.6983610382558254e-05,0.0,0.0,0.9999730288982391,80,0.0,0.0,0.0,0.0,0.0,0.0,0.0,0.0,0.0,0.0,1.0,16,320.0,0.0,500,320.0,0.0,-1.0,-1.0,-1.0,0.0031443671323359013,0.019369335675612092,0.014752861290378689,forced,25,25,5,0,20,naive,3001,expB_memory_diagnostics,main,6,1.0,8,source-pinned-noise-fifo
1.0,0.9937500357627869,0.9954125076532364,0.004317669047096424,0.06623499467968941,0.00015079081822477747,0.0,0.0,0.99984922260046,80,0.0,0.0,0.0,0.0,0.0,0.0,0.0,0.0,0.0,0.0,1.0,16,320.0,0.0,500,320.0,0.0,-1.0,-1.0,-1.0,0.003194556338712573,0.023617470521945506,0.01859219178952485,forced,30,30,10,0,20,naive,3001,expB_memory_diagnostics,main,6,1.0,8,source-pinned-noise-fifo
1.0,0.996874988079071,0.9951750091314315,0.004298501238568892,0.060689571779221296,8.740520206629299e-05,0.0,0.0,0.9999126084148884,80,0.0,0.0,0.0,0.0,0.0,0.0,0.0,0.0,0.0,0.0,1.0,16,320.0,0.0,500,320.0,0.0,-1.0,-1.0,-1.0,0.003551462199538946,0.024766032432671635,0.0186695493327764,forced,40,40,20,0,20,naive,3001,expB_memory_diagnostics,main,6,1.0,8,source-pinned-noise-fifo
1.0,1.0,0.9958937562704087,0.004111954052469918,0.055409788619726896,2.4256518258880533e-05,0.0,0.0,0.9999757707118988,80,0.0,0.0,0.0,0.0,0.0,0.0,0.0,0.0,0.0,0.0,1.0,16,320.0,0.0,500,320.0,0.0,-1.0,-1.0,-1.0,0.002683385508134961,0.020923643598798662,0.01670294464996009,forced,60,60,40,0,20,naive,3001,expB_memory_diagnostics,main,6,1.0,8,source-pinned-noise-fifo
1.0,0.996874988079071,0.9945812582969665,0.004920497901732058,0.07488819491118193,3.241337151393964e-05,0.0,0.0,0.9999676197767258,80,0.0,0.0,0.0,0.0,0.0,0.0,0.0,0.0,0.0,0.0,1.0,16,320.0,0.0,500,320.0,0.0,-1.0,-1.0,-1.0,0.0034682885743677616,0.02609294332936406,0.02086153514458826,forced,80,80,60,0,20,naive,3001,expB_memory_diagnostics,main,6,1.0,8,source-pinned-noise-fifo
1.0,0.996874988079071,0.994750009894371,0.004611458158981297,0.07304247794672847,2.4400784695899347e-05,0.0,0.0,0.9999756142497063,80,0.0,0.0,0.0,0.0,0.0,0.0,0.0,0.0,0.0,0.0,1.0,16,320.0,0.0,500,320.0,0.0,-1.0,-1.0,-1.0,0.0028824438340961933,0.02644267605850473,0.019895754020344353,forced,100,100,80,0,20,naive,3001,expB_memory_diagnostics,main,6,1.0,8,source-pinned-noise-fifo
0.581250011920929,0.5562500357627869,0.5352312623262405,0.010596894197156228,0.024853700422681868,0.0,0.0,0.0,1.0,40,124.625,0.8728434811677108,0.0,0.0,0.0,0.0,0.0,0.0,18.25,0.12715651883228912,0.5535156428813934,16,177.125,0.44648437500000004,500,320.0,142.875,0.999998927116394,0.9989122748374939,0.9967791438102722,0.9306329488754272,0.9943489370346069,0.022672706180446756,forced,10,10,0,0,10,gated,3001,expB_memory_diagnostics,main,6,0.5,8,source-only
0.7906250357627869,0.765625,0.764737513422966,0.008314698642692383,0.057622405933216214,0.0,0.0,0.0,1.0,40,62.9375,0.8558246683209838,0.0,0.0,0.0,0.0,0.0,0.0,10.625,0.1441753316790161,0.7701172083616257,16,246.4375,0.22988281249999998,500,320.0,73.5625,0.9999911934137344,0.9991123974323273,0.9965602457523346,0.41420722007751465,0.46557626003026964,0.02088462477381109,forced,15,15,0,0,15,gated,3001,expB_memory_diagnostics,main,6,0.75,8,source-only
1.0,0.9937500357627869,0.9963687551021576,0.0038065391062356525,0.03737206454388797,0.0,0.0,0.0,1.0,40,0.0,0.0,0.0,0.0,0.0,0.0,0.0,0.0,0.0,0.0,1.0,16,320.0,0.0,500,320.0,0.0,1.0,0.9987524040043354,0.9944480806589127,0.0015346670988947153,0.01939811533759348,0.016926174735573382,forced,20,20,0,0,20,gated,3001,expB_memory_diagnostics,main,6,1.0,8,source-only
1.0,0.9937500357627869,0.9963687551021576,0.0038065391062356525,0.03737206454388797,0.0,0.0,0.0,1.0,40,0.0,0.0,0.0,0.0,0.0,0.0,0.0,0.0,0.0,0.0,1.0,16,320.0,0.0,500,320.0,0.0,1.0,0.9987524040043354,0.9944480806589127,0.0015346670988947153,0.01939811533759348,0.016926174735573382,forced,25,20,0,0,20,gated,3001,expB_memory_diagnostics,main,6,1.0,8,source-only
1.0,0.9937500357627869,0.9963687551021576,0.0038065391062356525,0.03737206454388797,0.0,0.0,0.0,1.0,40,0.0,0.0,0.0,0.0,0.0,0.0,0.0,0.0,0.0,0.0,1.0,16,320.0,0.0,500,320.0,0.0,1.0,0.9987524040043354,0.9944480806589127,0.0015346670988947153,0.01939811533759348,0.016926174735573382,forced,30,20,0,0,20,gated,3001,expB_memory_diagnostics,main,6,1.0,8,source-only
0.800000011920929,0.7593750357627869,0.765500011920929,0.008236257122673809,0.010331694153137505,0.25016149692237377,0.0,0.049927691696211696,0.6999108418822289,40,65.0,0.8905355768833985,0.0,0.0,0.0,0.0,0.0,0.0,7.9375,0.10946442311660148,0.7720703221857548,16,247.0625,0.2279296875,500,320.0,72.9375,1.0,0.9982142969965935,0.9916531518101692,0.47489842772483826,0.5546983382105828,0.022614543274175756,forced,50,50,40,1,9,gated,3001,expB_memory_diagnostics,main,6,0.45,8,prefix-all
0.9906250238418579,0.9593750238418579,0.9643375105857849,0.009199532587694443,0.08911021519452333,0.20016174111515284,0.0,0.04978344799019396,0.7500548250973225,40,2.5625,0.8645833333333333,0.0,0.0,0.0,0.0,0.0,0.0,0.25,0.07291666666666666,0.9912109524011612,16,317.1875,0.0087890625,500,320.0,2.8125,1.0,0.9993161335587502,0.9934993982315063,0.04729480668902397,0.09063419958949089,0.020825068711081765,forced,60,60,40,1,19,gated,3001,expB_memory_diagnostics,main,6,0.95,8,prefix-all
1.0,1.0,0.9965312540531158,0.003974889011564891,0.035700425738468766,0.1505020149052143,0.0,0.05005515576340258,0.7994428463280201,40,0.0,0.0,0.0,0.0,0.0,0.0,0.0,0.0,0.0,0.0,1.0,16,320.0,0.0,500,320.0,0.0,1.0,0.9995457082986832,0.9969490505754948,0.001819448545575142,0.017929988276213407,0.017178929638454687,forced,61,61,40,1,20,gated,3001,expB_memory_diagnostics,main,6,1.0,8,prefix-all
1.0,1.0,0.9965312540531158,0.003974889011564891,0.035700425738468766,0.1505020149052143,0.0,0.05005515576340258,0.7994428463280201,40,0.0,0.0,0.0,0.0,0.0,0.0,0.0,0.0,0.0,0.0,1.0,16,320.0,0.0,500,320.0,0.0,1.0,0.9995457082986832,0.9969490505754948,0.001819448545575142,0.017929988276213407,0.017178929638454687,forced,62,61,40,1,20,gated,3001,expB_memory_diagnostics,main,6,1.0,8,prefix-all
1.0,1.0,0.9965312540531158,0.003974889011564891,0.035700425738468766,0.1505020149052143,0.0,0.05005515576340258,0.7994428463280201,40,0.0,0.0,0.0,0.0,0.0,0.0,0.0,0.0,0.0,0.0,1.0,16,320.0,0.0,500,320.0,0.0,1.0,0.9995457082986832,0.9969490505754948,0.001819448545575142,0.017929988276213407,0.017178929638454687,forced,70,61,40,1,20,gated,3001,expB_memory_diagnostics,main,6,1.0,8,prefix-all
1.0,0.9937500357627869,0.9963687551021576,0.0038065391062356525,0.03737206454388797,0.0,0.0,0.0,1.0,40,0.0,0.0,0.0,0.0,0.0,0.0,0.0,0.0,0.0,0.0,1.0,16,320.0,0.0,500,320.0,0.0,1.0,0.9987524040043354,0.9944480806589127,0.0015346670988947153,0.01939811533759348,0.016926174735573382,forced,20,20,0,0,20,gated,3001,expB_memory_diagnostics,main,6,1.0,8,source-pinned-noise-fifo
1.0,0.9937500357627869,0.9956625059843064,0.004517163955004825,0.04917313111945987,3.023915769517771e-05,0.0,0.0,0.9999697916209698,40,0.0625,0.0625,0.0,0.0,0.0,0.0,0.0,0.0,0.0,0.0,0.9998046867549419,16,319.9375,0.0001953125,500,320.0,0.0625,1.0,0.998328935354948,0.987629521638155,0.0012613149592652917,0.021417876209598036,0.018822874654122117,forced,25,25,5,0,20,gated,3001,expB_memory_diagnostics,main,6,1.0,8,source-pinned-noise-fifo
1.0,1.0,0.9975312511920928,0.0031279603740799983,0.031346212956123054,4.6860349414146185e-06,0.0,0.0,0.9999953433871269,40,0.0,0.0,0.0,0.0,0.0,0.0,0.0,0.0,0.0,0.0,1.0,16,320.0,0.0,500,320.0,0.0,1.0,0.9974386431276798,0.9647746905684471,0.0011839276412501931,0.013728641819674522,0.014011324098448835,forced,30,30,10,0,20,gated,3001,expB_memory_diagnostics,main,6,1.0,8,source-pinned-noise-fifo
1.0,1.0,0.9956750075817108,0.004012354088191808,0.039610426872968674,1.6272580083409593e-06,0.0,0.0,0.9999984055757523,40,0.0,0.0,0.0,0.0,0.0,0.0,0.0,0.0,0.0,0.0,1.0,16,320.0,0.0,500,320.0,0.0,1.0,0.9991783536970615,0.9962568506598473,0.002026221016421914,0.02092230600165203,0.017097248548741915,forced,40,40,20,0,20,gated,3001,expB_memory_diagnostics,main,6,1.0,8,source-pinned-noise-fifo
1.0,1.0,0.9960187550783157,0.0039761454662953,0.048220275435596704,7.071364535704561e-06,0.0,0.0,0.9999929592013359,40,0.0,0.0,0.0,0.0,0.0,0.0,0.0,0.0,0.0,0.0,1.0,16,320.0,0.0,500,320.0,0.0,1.0,0.9991399869322777,0.9958468303084373,0.001681749476119876,0.02038849235745147,0.01665098706575448,forced,60,60,40,0,20,gated,3001,expB_memory_diagnostics,main,6,1.0,8,source-pinned-noise-fifo
1.0,1.0,0.9960187550783157,0.0039761454662953,0.048220275435596704,7.071364535704561e-06,0.0,0.0,0.9999929592013359,40,0.0,0.0,0.0,0.0,0.0,0.0,0.0,0.0,0.0,0.0,1.0,16,320.0,0.0,500,320.0,0.0,1.0,0.9991399869322777,0.9958468303084373,0.001681749476119876,0.02038849235745147,0.01665098706575448,forced,80,60,40,0,20,gated,3001,expB_memory_diagnostics,main,6,1.0,8,source-pinned-noise-fifo
1.0,1.0,0.9960187550783157,0.0039761454662953,0.048220275435596704,7.071364535704561e-06,0.0,0.0,0.9999929592013359,40,0.0,0.0,0.0,0.0,0.0,0.0,0.0,0.0,0.0,0.0,1.0,16,320.0,0.0,500,320.0,0.0,1.0,0.9991399869322777,0.9958468303084373,0.001681749476119876,0.02038849235745147,0.01665098706575448,forced,100,60,40,0,20,gated,3001,expB_memory_diagnostics,main,6,1.0,8,source-pinned-noise-fifo
0.590624988079071,0.5375000238418579,0.5510312620401382,0.012111581711755083,0.051656636176630855,0.0,0.0,0.0,1.0,80,133.375,0.9799007007243467,0.0,0.0,0.0,0.0,0.0,0.0,2.75,0.020099299275653442,0.574609387665987,16,183.875,0.4253906250000001,500,320.0,136.125,0.9999984502792358,0.9974998049438,0.9897304214537144,0.8903188705444336,0.9633085469007492,0.02660683200617677,forced,10,10,0,0,10,gated,3001,expB_memory_diagnostics,main,6,0.5,8,source-only
0.7593750357627869,0.721875011920929,0.7161250123977662,0.013536120443429705,0.17196221929043531,0.0,0.0,0.0,1.0,80,80.1875,0.9844521293924572,0.0,0.0,0.0,0.0,0.0,0.0,1.25,0.015547870607542763,0.7455078288912773,16,238.5625,0.25449218749999997,500,320.0,81.4375,0.9999932050704956,0.9911281168460846,0.9562036506831646,0.5497948527336121,0.6171112928390503,0.025049900260132308,forced,15,15,0,0,15,gated,3001,expB_memory_diagnostics,main,6,0.75,8,source-only
1.0,0.996874988079071,0.997287502527237,0.0032091339955402317,0.03810848412103951,0.0,0.0,0.0,1.0,80,0.0,0.0,0.0,0.0,0.0,0.0,0.0,0.0,0.0,0.0,1.0,16,320.0,0.0,500,320.0,0.0,1.0,0.999512579292059,0.9972572177648544,0.0014177461853250861,0.014630689761135728,0.013288372022459267,forced,20,20,0,0,20,gated,3001,expB_memory_diagnostics,main,6,1.0,8,source-only
1.0,0.996874988079071,0.997287502527237,0.0032091339955402317,0.03810848412103951,0.0,0.0,0.0,1.0,80,0.0,0.0,0.0,0.0,0.0,0.0,0.0,0.0,0.0,0.0,1.0,16,320.0,0.0,500,320.0,0.0,1.0,0.999512579292059,0.9972572177648544,0.0014177461853250861,0.014630689761135728,0.013288372022459267,forced,25,20,0,0,20,gated,3001,expB_memory_diagnostics,main,6,1.0,8,source-only
1.0,0.996874988079071,0.997287502527237,0.0032091339955402317,0.03810848412103951,0.0,0.0,0.0,1.0,80,0.0,0.0,0.0,0.0,0.0,0.0,0.0,0.0,0.0,0.0,1.0,16,320.0,0.0,500,320.0,0.0,1.0,0.999512579292059,0.9972572177648544,0.0014177461853250861,0.014630689761135728,0.013288372022459267,forced,30,20,0,0,20,gated,3001,expB_memory_diagnostics,main,6,1.0,8,source-only
0.3218750059604645,0.29375001788139343,0.15907500249147416,0.06667572556610855,3.134631872177124,1.0,0.0,0.0,0.0,80,133.3125,0.6025406776362826,84.3125,0.3779066296305051,1.75,0.007838804713804715,0.0,0.0,2.5625,0.011713888019407632,0.3064453210681677,16,98.0625,0.6935546875,500,320.0,221.9375,0.9999351501464844,0.9770947471261024,0.9418867863714695,2.245495080947876,2.6880756087303164,0.18193843898342377,forced,80,80,80,0,0,gated,3001,expB_memory_diagnostics,main,6,0.0,8,prefix-all
0.981249988079071,0.9625000357627869,0.960356262087822,0.008440626398309146,0.14183165412396193,0.19998767226934433,0.0,0.04918534867465496,0.7508269920945168,80,2.6875,0.921875,0.0,0.0,0.0,0.0,0.0,0.0,0.0625,0.015625,0.9914062656462193,16,317.25,0.008593749999999999,500,320.0,2.75,1.0,0.9996722936630249,0.9985176771879196,0.05691175535321236,0.09848009534925223,0.019145983051748063,forced,100,100,80,1,19,gated,3001,expB_memory_diagnostics,main,6,0.95,8,prefix-all
1.0,0.996874988079071,0.996543754696846,0.003626558260524699,0.05992615781724453,0.257742702960968,0.0,0.04145230376161635,0.700805027037859,80,0.0,0.0,0.0,0.0,0.0,0.0,0.0,0.0,0.0,0.0,1.0,16,320.0,0.0,500,320.0,0.0,1.0,0.999382384121418,0.995507001876831,0.002042134990915656,0.01769250834407285,0.014801661222442912,forced,101,101,80,1,20,gated,3001,expB_memory_diagnostics,main,6,1.0,8,prefix-all
1.0,0.996874988079071,0.996543754696846,0.003626558260524699,0.05992615781724453,0.257742702960968,0.0,0.04145230376161635,0.700805027037859,80,0.0,0.0,0.0,0.0,0.0,0.0,0.0,0.0,0.0,0.0,1.0,16,320.0,0.0,500,320.0,0.0,1.0,0.999382384121418,0.995507001876831,0.002042134990915656,0.01769250834407285,0.014801661222442912,forced,102,101,80,1,20,gated,3001,expB_memory_diagnostics,main,6,1.0,8,prefix-all
1.0,0.996874988079071,0.996543754696846,0.003626558260524699,0.05992615781724453,0.257742702960968,0.0,0.04145230376161635,0.700805027037859,80,0.0,0.0,0.0,0.0,0.0,0.0,0.0,0.0,0.0,0.0,1.0,16,320.0,0.0,500,320.0,0.0,1.0,0.999382384121418,0.995507001876831,0.002042134990915656,0.01769250834407285,0.014801661222442912,forced,120,101,80,1,20,gated,3001,expB_memory_diagnostics,main,6,1.0,8,prefix-all
1.0,0.996874988079071,0.997287502527237,0.0032091339955402317,0.03810848412103951,0.0,0.0,0.0,1.0,80,0.0,0.0,0.0,0.0,0.0,0.0,0.0,0.0,0.0,0.0,1.0,16,320.0,0.0,500,320.0,0.0,1.0,0.999512579292059,0.9972572177648544,0.0014177461853250861,0.014630689761135728,0.013288372022459267,forced,20,20,0,0,20,gated,3001,expB_memory_diagnostics,main,6,1.0,8,source-pinned-noise-fifo
1.0,1.0,0.9955375066995621,0.004442348552147663,0.045220102183520794,5.074021066775458e-05,0.0,0.0,0.999949261546135,80,0.0,0.0,0.0,0.0,0.0,0.0,0.0,0.0,0.0,0.0,1.0,16,320.0,0.0,500,320.0,0.0,1.0,0.9996178187429905,0.9980763867497444,0.0016402807086706161,0.02256346598546952,0.01944743311793137,forced,25,25,5,0,20,gated,3001,expB_memory_diagnostics,main,6,1.0,8,source-pinned-noise-fifo
1.0,1.0,0.9968937532901764,0.0033100783852764337,0.037790725007653236,1.3403976879544643e-05,0.0,0.0,0.9999866150319576,80,0.0,0.0,0.0,0.0,0.0,0.0,0.0,0.0,0.0,0.0,1.0,16,320.0,0.0,500,320.0,0.0,1.0,0.9991531558334827,0.995213720947504,0.002187259029597044,0.01626784777874127,0.013940682706965848,forced,30,30,10,0,20,gated,3001,expB_memory_diagnostics,main,6,1.0,8,source-pinned-noise-fifo
1.0,0.987500011920929,0.9970625032186509,0.0033604927709966976,0.0322974871378392,6.024439102247925e-06,0.0,0.0,0.9999940134584904,80,0.0,0.0,0.0,0.0,0.0,0.0,0.0,0.0,0.0,0.0,1.0,16,320.0,0.0,500,320.0,0.0,1.0,0.998484417796135,0.9932662472128868,0.001621443429030478,0.015000826749950647,0.013693244006725858,forced,40,40,20,0,20,gated,3001,expB_memory_diagnostics,main,6,1.0,8,source-pinned-noise-fifo
1.0,0.9937500357627869,0.9957500046491623,0.004417640984216734,0.052341700065881014,1.912706824924726e-06,0.0,0.0,0.9999981224536896,80,0.0,0.0,0.0,0.0,0.0,0.0,0.0,0.0,0.0,0.0,1.0,16,320.0,0.0,500,320.0,0.0,1.0,0.9998392499983311,0.9991835840046406,0.0017418477218598127,0.020673114659963177,0.017809769263690156,forced,60,60,40,0,20,gated,3001,expB_memory_diagnostics,main,6,1.0,8,source-pinned-noise-fifo
1.0,0.9906250238418579,0.9961125041246415,0.004507434477367912,0.05326034198515117,5.35039350779698e-05,0.0,0.0,0.9999465234577656,80,0.0,0.0,0.0,0.0,0.0,0.0,0.0,0.0,0.0,0.0,1.0,16,320.0,0.0,500,320.0,0.0,1.0,0.9995291456580162,0.9976877793669701,0.0016538042109459639,0.019724120996892452,0.020516342742566546,forced,80,80,60,0,20,gated,3001,expB_memory_diagnostics,main,6,1.0,8,source-pinned-noise-fifo
1.0,0.9937500357627869,0.9967500040531159,0.0033400875739190887,0.040451544569805264,1.6733539155211474e-05,0.0,0.0,0.9999833069741726,80,0.0,0.0,0.0,0.0,0.0,0.0,0.0,0.0,0.0,0.0,1.0,16,320.0,0.0,500,320.0,0.0,1.0,0.9997901991009712,0.9991352297365665,0.002263279166072607,0.016723273450974376,0.013947519039982937,forced,100,100,80,0,20,gated,3001,expB_memory_diagnostics,main,6,1.0,8,source-pinned-noise-fifo
