acc_best,acc_last,acc_mean_tail,acc_std_tail,delay_len,eval_tail,loss_best,loss_mean_tail,loss_std_tail,mask_mode,max_mem,model,noise_write_budget,phase,seed,theoretical_retained_source,theoretical_source_retention_ratio,window_size,write_mode
0.109375,0.04062500223517418,0.05029375085234642,0.01231470655423131,10,500,2.9811654090881348,2.996885687828064,0.0026955687742074544,natural,0,baseline,,natural_baseline,0,,,4,none
0.09375,0.02500000037252903,0.04995625095814466,0.012433339663085978,20,500,2.9823174476623535,2.997104594707489,0.0031371089223649895,natural,0,baseline,,natural_baseline,0,,,4,none
0.10625000298023224,0.046875,0.050375000979751346,0.012682111181693996,40,500,2.978036403656006,2.9969597573280335,0.0028514404257038123,natural,0,baseline,,natural_baseline,0,,,4,none
0.09687500447034836,0.05937499925494194,0.050437500827014446,0.01194567802918891,80,500,2.9811935424804688,2.99692688035965,0.0030226139332072605,natural,0,baseline,,natural_baseline,0,,,4,none
0.10000000149011612,0.03750000149011612,0.05041875094920397,0.012041612681472323,10,500,2.9802350997924805,2.996895987510681,0.002677508685563027,natural,0,baseline,,natural_baseline,0,,,8,none
0.09062500298023224,0.02500000037252903,0.0498375008367002,0.01268507389389923,20,500,2.982745409011841,2.9970931992530825,0.0030745800281854678,natural,0,baseline,,natural_baseline,0,,,8,none
0.09687500447034836,0.04062500223517418,0.05062500083819032,0.012672250798075012,40,500,2.979279041290283,2.996946138858795,0.0028284730004458558,natural,0,baseline,,natural_baseline,0,,,8,none
0.09375,0.05937499925494194,0.05020625088736415,0.012092435554410598,80,500,2.981703519821167,2.996931884765625,0.002986776547894574,natural,0,baseline,,natural_baseline,0,,,8,none
0.09687500447034836,0.04062500223517418,0.05010625091567635,0.011792826118658296,10,500,2.9797122478485107,2.9969255423545835,0.0026980982604523154,natural,0,baseline,,natural_baseline,0,,,16,none
0.10312499850988388,0.02500000037252903,0.050012500945478676,0.012521849939108388,20,500,2.9836058616638184,2.997017867565155,0.0030288965318489673,natural,0,baseline,,natural_baseline,0,,,16,none
0.10312499850988388,0.03125,0.05068125096708536,0.012660869799850639,40,500,2.9802236557006836,2.9969128909111022,0.0028204020371723907,natural,0,baseline,,natural_baseline,0,,,16,none
0.09687500447034836,0.05625000223517418,0.05008125092834234,0.012148706077448756,80,500,2.9816792011260986,2.996880642414093,0.0029418830003800477,natural,0,baseline,,natural_baseline,0,,,16,none
1.0,0.987500011920929,0.9947750089168549,0.004169748759310965,10,500,0.0015751576283946633,0.021143410780699923,0.01631520775381978,natural,0,baseline,,natural_baseline,0,,,32,none
0.846875011920929,0.8062500357627869,0.8103500125408173,0.01218135211931381,20,500,0.336492121219635,0.40377985376119613,0.021117610159025076,natural,0,baseline,,natural_baseline,0,,,32,none
0.33125001192092896,0.2874999940395355,0.14806875253468751,0.08746674081369299,40,500,2.4162182807922363,2.822317150592804,0.17978237242327286,natural,0,baseline,,natural_baseline,0,,,32,none
0.09375,0.05312500149011612,0.050400000996887684,0.011951896030337911,80,500,2.982001543045044,2.99682489490509,0.002824119400071429,natural,0,baseline,,natural_baseline,0,,,32,none
0.09687500447034836,0.05000000074505806,0.0501562508456409,0.011612013971882919,10,500,2.9825003147125244,2.9971989555358887,0.002712960307224391,natural,0,baseline,,natural_baseline,1,,,4,none
0.109375,0.06875000149011612,0.05050000086426735,0.012045811275759145,20,500,2.978286027908325,2.9970875463485718,0.0029631376076307853,natural,0,baseline,,natural_baseline,1,,,4,none
0.10625000298023224,0.05000000074505806,0.04979375088587403,0.012378173856821639,40,500,2.977628469467163,2.9972331399917604,0.0029832652153369086,natural,0,baseline,,natural_baseline,1,,,4,none
0.09375,0.05312500149011612,0.049862500861287115,0.012332496721091345,80,500,2.979372978210449,2.99737708902359,0.003157124643442712,natural,0,baseline,,natural_baseline,1,,,4,none
0.09687500447034836,0.046875,0.050056250918656585,0.012212984708612125,10,500,2.9822945594787598,2.9972214813232423,0.002723398041975203,natural,0,baseline,,natural_baseline,1,,,8,none
0.10000000149011612,0.0625,0.051181250978261233,0.011828493130532981,20,500,2.9785757064819336,2.997078288078308,0.002958681532833583,natural,0,baseline,,natural_baseline,1,,,8,none
0.10000000149011612,0.03125,0.050012500943616034,0.01236330907403879,40,500,2.9770383834838867,2.9972583384513856,0.002985741619020176,natural,0,baseline,,natural_baseline,1,,,8,none
0.09375,0.04374999925494194,0.05043750098720193,0.01194567813247059,80,500,2.9790048599243164,2.9974489941596985,0.0032913685080225683,natural,0,baseline,,natural_baseline,1,,,8,none
0.09062500298023224,0.05625000223517418,0.050037500895559785,0.011734304983954703,10,500,2.9828505516052246,2.997248109817505,0.0027004921527777254,natural,0,baseline,,natural_baseline,1,,,16,none
0.09687500447034836,0.0625,0.050893750872462985,0.011759389659283274,20,500,2.977034568786621,2.9970767579078674,0.0029823064330511103,natural,0,baseline,,natural_baseline,1,,,16,none
0.10000000149011612,0.04062500223517418,0.04967500077188015,0.01187548708616956,40,500,2.9780752658843994,2.9972697587013246,0.002993221333152931,natural,0,baseline,,natural_baseline,1,,,16,none
0.09062500298023224,0.05000000074505806,0.04994375086948276,0.012321251836408623,80,500,2.9796688556671143,2.9974706659317016,0.003274466017675152,natural,0,baseline,,natural_baseline,1,,,16,none
1.0,0.9937500357627869,0.9953812586069107,0.00405228033875622,10,500,0.0014963666908442974,0.021582260764203966,0.019391013011123264,natural,0,baseline,,natural_baseline,1,,,32,none
0.8187500238418579,0.793749988079071,0.7440250118970871,0.0293211363047408,20,500,0.47951897978782654,0.6013062342405319,0.038365340478771284,natural,0,baseline,,natural_baseline,1,,,32,none
0.4375,0.421875,0.3317937563061714,0.048695856250282686,40,500,1.8774845600128174,2.2789115772247315,0.20446747310422542,natural,0,baseline,,natural_baseline,1,,,32,none
0.09375,0.04374999925494194,0.049931250918656585,0.01220972187936602,80,500,2.9795143604278564,2.9974972114562988,0.0032282202554529075,natural,0,baseline,,natural_baseline,1,,,32,none
0.09375,0.04374999925494194,0.050656250964850186,0.012912680080359626,10,500,2.9821412563323975,2.9970170578956603,0.003289568156019549,natural,0,baseline,,natural_baseline,2,,,4,none
0.09687500447034836,0.04374999925494194,0.0485500008277595,0.011353991681657051,20,500,2.977062940597534,2.9974100160598756,0.0029486117003992593,natural,0,baseline,,natural_baseline,2,,,4,none
0.10625000298023224,0.05937499925494194,0.049293750904500486,0.01285850146328569,40,500,2.9719955921173096,2.9972315216064453,0.0032430088273183682,natural,0,baseline,,natural_baseline,2,,,4,none
0.10000000149011612,0.04062500223517418,0.04965000096708536,0.011835236287962285,80,500,2.982320547103882,2.997309054374695,0.002947668683015747,natural,0,baseline,,natural_baseline,2,,,4,none
0.09375,0.03750000149011612,0.05053125101327896,0.012448762443637653,10,500,2.9816701412200928,2.99702490234375,0.003268426427849239,natural,0,baseline,,natural_baseline,2,,,8,none
0.09375,0.04374999925494194,0.048481250811368226,0.011216009521728144,20,500,2.9777965545654297,2.9974262599945067,0.002931837157227404,natural,0,baseline,,natural_baseline,2,,,8,none
0.09687500447034836,0.05312500149011612,0.04938125089555979,0.012630102853766664,40,500,2.9702086448669434,2.9972331886291506,0.0030663301531731186,natural,0,baseline,,natural_baseline,2,,,8,none
0.10312499850988388,0.04062500223517418,0.04955625093355775,0.011977288391461718,80,500,2.9812183380126953,2.9972581157684326,0.0029341275692010785,natural,0,baseline,,natural_baseline,2,,,8,none
0.10000000149011612,0.03750000149011612,0.05065625087916851,0.01222586134150864,10,500,2.981257915496826,2.99704580783844,0.003210872979910007,natural,0,baseline,,natural_baseline,2,,,16,none
0.10312499850988388,0.04374999925494194,0.048318750888109205,0.011478817374291043,20,500,2.9788448810577393,2.9974728755950926,0.002949530996242866,natural,0,baseline,,natural_baseline,2,,,16,none
0.10000000149011612,0.05312500149011612,0.04903125086426735,0.012200273847666953,40,500,2.9705262184143066,2.997232936382294,0.003127121257539459,natural,0,baseline,,natural_baseline,2,,,16,none
0.09375,0.04062500223517418,0.04971250106394291,0.011680787252566454,80,500,2.9826595783233643,2.9972632222175597,0.002889397171063373,natural,0,baseline,,natural_baseline,2,,,16,none
1.0,0.9937500357627869,0.9918062624931335,0.005795265196665191,10,500,0.0025478543248027563,0.03905754611548036,0.028762988969969677,natural,0,baseline,,natural_baseline,2,,,32,none
0.6625000238418579,0.6343750357627869,0.5454062612056733,0.056057057844283296,20,500,0.7825828790664673,1.0014393688440324,0.09154269192735937,natural,0,baseline,,natural_baseline,2,,,32,none
0.21875,0.18125000596046448,0.08516875144839287,0.04368806894218847,40,500,2.6691229343414307,2.9401386308670046,0.08210314757612872,natural,0,baseline,,natural_baseline,2,,,32,none
0.09375,0.04374999925494194,0.04957500079646707,0.011330228041617358,80,500,2.9827473163604736,2.9972372345924376,0.002891533612362341,natural,0,baseline,,natural_baseline,2,,,32,none
0.09687500447034836,0.046875,0.0503875008225441,0.012062914620917943,10,500,2.983372926712036,2.9970494322776795,0.0029588649032420583,natural,0,baseline,,natural_baseline,3,,,4,none
0.10312499850988388,0.07187499850988388,0.05020625079795718,0.01210696322285018,20,500,2.974147081375122,2.9969738874435423,0.002554665325181435,natural,0,baseline,,natural_baseline,3,,,4,none
0.09687500447034836,0.05312500149011612,0.05001875091716647,0.012061837879216233,40,500,2.98004150390625,2.997056674003601,0.0027526928703067357,natural,0,baseline,,natural_baseline,3,,,4,none
0.10625000298023224,0.05937499925494194,0.050500000815838574,0.012197271895388013,80,500,2.9812514781951904,2.99702827835083,0.002737642833477418,natural,0,baseline,,natural_baseline,3,,,4,none
0.09687500447034836,0.046875,0.050256250914186236,0.012183202867885403,10,500,2.982454776763916,2.997036825656891,0.002976358445918768,natural,0,baseline,,natural_baseline,3,,,8,none
0.10000000149011612,0.06875000149011612,0.05003750088438392,0.01131571797599897,20,500,2.9746994972229004,2.996964927196503,0.002534372164774613,natural,0,baseline,,natural_baseline,3,,,8,none
0.10312499850988388,0.04374999925494194,0.0502312508802861,0.011676182905893936,40,500,2.979738712310791,2.9969968128204347,0.0027082752499395335,natural,0,baseline,,natural_baseline,3,,,8,none
0.10625000298023224,0.05937499925494194,0.05019375083968043,0.011952933645516252,80,500,2.981614351272583,2.997003756046295,0.002718241255155289,natural,0,baseline,,natural_baseline,3,,,8,none
0.10000000149011612,0.046875,0.050275000974535945,0.012088644161706378,10,500,2.983729839324951,2.9970422353744506,0.0029397562919807477,natural,0,baseline,,natural_baseline,3,,,16,none
0.10625000298023224,0.0625,0.04993750084936619,0.012033319781163229,20,500,2.973740816116333,2.9969211835861205,0.002510613449004103,natural,0,baseline,,natural_baseline,3,,,16,none
0.09687500447034836,0.05000000074505806,0.0503937509059906,0.012032720908911316,40,500,2.981154203414917,2.996996913433075,0.0027032220336660174,natural,0,baseline,,natural_baseline,3,,,16,none
0.10312499850988388,0.05937499925494194,0.050137500908225774,0.012011576651122737,80,500,2.9815216064453125,2.9969886112213135,0.0027173676308420284,natural,0,baseline,,natural_baseline,3,,,16,none
1.0,0.987500011920929,0.9920562632083892,0.0053511765440572455,10,500,0.0031333062797784805,0.03844249429227784,0.026260856272820744,natural,0,baseline,,natural_baseline,3,,,32,none
0.809374988079071,0.7906250357627869,0.7667250114679337,0.012940706422077643,20,500,0.47256699204444885,0.5481089292168617,0.026052509402600697,natural,0,baseline,,natural_baseline,3,,,32,none
0.09375,0.04374999925494194,0.049650000941008327,0.011709144679231356,40,500,2.9810574054718018,2.9969495301246645,0.0026750928673628864,natural,0,baseline,,natural_baseline,3,,,32,none
0.09687500447034836,0.0625,0.050125000793486835,0.012049053613184093,80,500,2.981997013092041,2.9970059180259705,0.002675640124781825,natural,0,baseline,,natural_baseline,3,,,32,none
0.09062500298023224,0.04374999925494194,0.050918750829994676,0.01275657172963815,10,500,2.9808034896850586,2.9969310936927793,0.0027746261176980307,natural,0,baseline,,natural_baseline,4,,,4,none
0.10000000149011612,0.04062500223517418,0.050912500962615015,0.012450972944729022,20,500,2.9846673011779785,2.997118929862976,0.002966334738244712,natural,0,baseline,,natural_baseline,4,,,4,none
0.09687500447034836,0.0625,0.049762500911951064,0.011750259513909202,40,500,2.9783101081848145,2.9969676423072813,0.0028652143909766122,natural,0,baseline,,natural_baseline,4,,,4,none
0.09687500447034836,0.046875,0.05073750093206763,0.012082199178949994,80,500,2.9831714630126953,2.9971036710739134,0.0030190276522947123,natural,0,baseline,,natural_baseline,4,,,4,none
0.09375,0.05000000074505806,0.05051250082626939,0.012683460134614478,10,500,2.9815852642059326,2.996977240562439,0.002866168760255883,natural,0,baseline,,natural_baseline,4,,,8,none
0.10000000149011612,0.03437500074505806,0.050500000823289155,0.012152353245010522,20,500,2.9845643043518066,2.99719095993042,0.0030953544841944005,natural,0,baseline,,natural_baseline,4,,,8,none
0.10312499850988388,0.05312500149011612,0.04957500090636313,0.01206488986007056,40,500,2.979032278060913,2.9969962124824523,0.0029586546060256544,natural,0,baseline,,natural_baseline,4,,,8,none
0.09062500298023224,0.03750000149011612,0.05079375093430281,0.012611024377891257,80,500,2.983182907104492,2.997113112926483,0.003016845274799603,natural,0,baseline,,natural_baseline,4,,,8,none
0.09687500447034836,0.04062500223517418,0.050443750914186236,0.012332406468206443,10,500,2.981045961380005,2.997064106941223,0.0029348054274828377,natural,0,baseline,,natural_baseline,4,,,16,none
0.10625000298023224,0.046875,0.049731250870972875,0.011702115068429947,20,500,2.984025239944458,2.9972664184570315,0.0032327059336267148,natural,0,baseline,,natural_baseline,4,,,16,none
0.09687500447034836,0.03125,0.049718750931322574,0.0118131201535917,40,500,2.97900390625,2.997170301914215,0.0031818085983990104,natural,0,baseline,,natural_baseline,4,,,16,none
0.09375,0.03750000149011612,0.05036875078454614,0.012279332030313037,80,500,2.9849295616149902,2.997283066749573,0.003260212120041022,natural,0,baseline,,natural_baseline,4,,,16,none
1.0,0.9937500357627869,0.9930562613010406,0.004862073127890606,10,500,0.0030956666450947523,0.03352256609685719,0.024768644038035765,natural,0,baseline,,natural_baseline,4,,,32,none
0.796875,0.746874988079071,0.7392562627792358,0.02605098518588627,20,500,0.4601147770881653,0.5918885142207145,0.05551158111244783,natural,0,baseline,,natural_baseline,4,,,32,none
0.3499999940395355,0.29375001788139343,0.2842437550723553,0.023966170535187598,40,500,2.2927067279815674,2.4832388548851014,0.07992922129094197,natural,0,baseline,,natural_baseline,4,,,32,none
0.09375,0.03750000149011612,0.050625000979751346,0.012030235802993993,80,500,2.984278917312622,2.997516345500946,0.0034798918898878654,natural,0,baseline,,natural_baseline,4,,,32,none
0.10000000149011612,0.046875,0.04966250087507069,0.012198046932767735,10,500,2.98374605178833,2.996941022872925,0.0024719942104767458,natural,0,baseline,,natural_baseline,5,,,4,none
0.09687500447034836,0.05000000074505806,0.05067500099912286,0.012652717305846472,20,500,2.978773593902588,2.996882963657379,0.002648147512158199,natural,0,baseline,,natural_baseline,5,,,4,none
0.09375,0.02812500111758709,0.049762500945478676,0.0124177860441437,40,500,2.97912335395813,2.9969029850959776,0.0025734633779812208,natural,0,baseline,,natural_baseline,5,,,4,none
0.10625000298023224,0.05312500149011612,0.05020000083371997,0.012432593479706273,80,500,2.9821629524230957,2.9968131728172303,0.002484169277821898,natural,0,baseline,,natural_baseline,5,,,4,none
0.10000000149011612,0.05625000223517418,0.04960625090636313,0.011975774869936288,10,500,2.981825590133667,2.9969178409576416,0.002474612118524464,natural,0,baseline,,natural_baseline,5,,,8,none
0.09375,0.05312500149011612,0.050587500968948006,0.01244074105097219,20,500,2.978458881378174,2.9968351554870605,0.002597050829841664,natural,0,baseline,,natural_baseline,5,,,8,none
0.09687500447034836,0.02500000037252903,0.04975625096261501,0.012236247276290309,40,500,2.9780631065368652,2.9968966641426085,0.002546150129770313,natural,0,baseline,,natural_baseline,5,,,8,none
0.10625000298023224,0.05312500149011612,0.050375000890344385,0.012600223475365662,80,500,2.9824531078338623,2.9968241667747497,0.002464689327266156,natural,0,baseline,,natural_baseline,5,,,8,none
0.10000000149011612,0.04062500223517418,0.049256250884383915,0.01213424118658337,10,500,2.9799585342407227,2.9969073305130003,0.0024404649701664605,natural,0,baseline,,natural_baseline,5,,,16,none
0.09375,0.05625000223517418,0.05022500095516443,0.012664085725479803,20,500,2.9796321392059326,2.996860538959503,0.0025909895863814618,natural,0,baseline,,natural_baseline,5,,,16,none
0.09375,0.03750000149011612,0.04943125082179904,0.012255768923387377,40,500,2.9780406951904297,2.996849949359894,0.0025434571156849207,natural,0,baseline,,natural_baseline,5,,,16,none
0.10000000149011612,0.05312500149011612,0.04990000083297491,0.01249178509188744,80,500,2.9829277992248535,2.9968116788864134,0.002467668077318332,natural,0,baseline,,natural_baseline,5,,,16,none
1.0,0.996874988079071,0.9919937622547149,0.005410991280441095,10,500,0.003536556614562869,0.03829369747778401,0.026211910413068105,natural,0,baseline,,natural_baseline,5,,,32,none
0.668749988079071,0.621874988079071,0.6206562606096268,0.017486015275064694,20,500,0.7650192975997925,0.865187777519226,0.03855685028942587,natural,0,baseline,,natural_baseline,5,,,32,none
0.23125000298023224,0.16875000298023224,0.1211062519401312,0.051015995236885193,40,500,2.6399147510528564,2.874707863330841,0.10468694149491611,natural,0,baseline,,natural_baseline,5,,,32,none
0.09687500447034836,0.05625000223517418,0.049768750812858344,0.012067730646665225,80,500,2.9828169345855713,2.9968117694854737,0.00245181110062811,natural,0,baseline,,natural_baseline,5,,,32,none
0.09687500447034836,0.03125,0.04985625096783042,0.012696842719458385,10,500,2.979410409927368,2.9972348489761353,0.0030776445268836947,natural,0,baseline,,natural_baseline,6,,,4,none
0.09062500298023224,0.0625,0.05025000093132258,0.012344976478770782,20,500,2.981548547744751,2.997037589073181,0.0027970418099034465,natural,0,baseline,,natural_baseline,6,,,4,none
0.09062500298023224,0.03437500074505806,0.0499187510125339,0.012176006020804512,40,500,2.983186721801758,2.997245871543884,0.0030321463482499986,natural,0,baseline,,natural_baseline,6,,,4,none
0.09062500298023224,0.03437500074505806,0.050725000996142626,0.012372070571971152,80,500,2.9817023277282715,2.9970743923187255,0.002900596420399757,natural,0,baseline,,natural_baseline,6,,,4,none
0.09687500447034836,0.03750000149011612,0.05025000096857548,0.012595572337922183,10,500,2.9775335788726807,2.9972050981521607,0.0030513234997112696,natural,0,baseline,,natural_baseline,6,,,8,none
0.09062500298023224,0.0625,0.05031250093877315,0.01205213304152984,20,500,2.9824976921081543,2.9970700707435607,0.0028152481340716043,natural,0,baseline,,natural_baseline,6,,,8,none
0.09375,0.03750000149011612,0.05027500104904175,0.012409145063904569,40,500,2.9836363792419434,2.997262699127197,0.003084030778935335,natural,0,baseline,,natural_baseline,6,,,8,none
0.09375,0.03437500074505806,0.050493750866502526,0.012898732887186052,80,500,2.9822709560394287,2.997028761386871,0.0028717710165445977,natural,0,baseline,,natural_baseline,6,,,8,none
0.10000000149011612,0.03125,0.049956250846385955,0.012577030022254302,10,500,2.9780616760253906,2.9972718930244446,0.003118934891315599,natural,0,baseline,,natural_baseline,6,,,16,none
0.09375,0.07187499850988388,0.05038750091940165,0.012285910650659392,20,500,2.98317289352417,2.9970799012184144,0.002867095982077257,natural,0,baseline,,natural_baseline,6,,,16,none
0.09375,0.03437500074505806,0.0500875009149313,0.012063963772549927,40,500,2.9832661151885986,2.9972302632331846,0.0030409452011482315,natural,0,baseline,,natural_baseline,6,,,16,none
0.10000000149011612,0.03437500074505806,0.050643750933930275,0.013029250613870023,80,500,2.980168342590332,2.9970606737136842,0.0028543331606880203,natural,0,baseline,,natural_baseline,6,,,16,none
1.0,0.984375,0.992162513256073,0.005056259428904939,10,500,0.0028144381940364838,0.03654374673170969,0.024407942810773787,natural,0,baseline,,natural_baseline,6,,,32,none
0.643750011920929,0.628125011920929,0.5884562625885009,0.0176910232100617,20,500,0.9216945767402649,1.0135631304979325,0.0321561427932927,natural,0,baseline,,natural_baseline,6,,,32,none
0.3062500059604645,0.2874999940395355,0.09688125164806843,0.0775711627250356,40,500,2.4615278244018555,2.9176435747146607,0.14282288692026818,natural,0,baseline,,natural_baseline,6,,,32,none
0.09375,0.03750000149011612,0.0500750008225441,0.012359927853146047,80,500,2.978548049926758,2.9972392711639406,0.0030309330253378837,natural,0,baseline,,natural_baseline,6,,,32,none
1.0,1.0,0.9925750126838684,0.0054724260713141255,10,500,0.003227677196264267,0.03447891750093549,0.021096719299425703,natural,20,naive,,natural_memory,0,20,1.0,4,source-only
1.0,0.996874988079071,0.9936750092506409,0.0050923289466700125,20,500,0.005124007351696491,0.030435555648989976,0.01917482147783136,natural,20,naive,,natural_memory,0,20,1.0,4,source-only
1.0,0.996874988079071,0.9931625111103057,0.005012339077516516,40,500,0.005374758038669825,0.03229261282086372,0.01927674570837428,natural,20,naive,,natural_memory,0,20,1.0,4,source-only
1.0,0.996874988079071,0.9943750096559525,0.0047062050185662846,80,500,0.004472152329981327,0.027285653066821396,0.018798325402844582,natural,20,naive,,natural_memory,0,20,1.0,4,source-only
1.0,1.0,0.9957187566757202,0.003756624632874541,10,500,0.0032830822747200727,0.02188118567317724,0.01583673939401442,natural,20,naive,,natural_memory,0,20,1.0,8,source-only
1.0,0.996874988079071,0.9960750063657761,0.0039311162284948395,20,500,0.0025849384255707264,0.02084821918094531,0.017240420058805463,natural,20,naive,,natural_memory,0,20,1.0,8,source-only
1.0,0.996874988079071,0.9955812566280365,0.004721332443996092,40,500,0.0024193052668124437,0.02208949006162584,0.01823386473442122,natural,20,naive,,natural_memory,0,20,1.0,8,source-only
1.0,1.0,0.9964750051498413,0.004116953136027854,80,500,0.001857853727415204,0.01861066670017317,0.01811395581194034,natural,20,naive,,natural_memory,0,20,1.0,8,source-only
1.0,0.9906250238418579,0.9969625030755996,0.003364581844984483,10,500,0.002559030195698142,0.01594562306301668,0.013472233803880147,natural,20,naive,,natural_memory,0,20,1.0,16,source-only
1.0,0.9937500357627869,0.9951312563419342,0.004565739672352905,20,500,0.0027537913993000984,0.02338031086977571,0.019843223124356452,natural,20,naive,,natural_memory,0,20,1.0,16,source-only
1.0,1.0,0.9928437603712081,0.0070029943221681734,40,500,0.00420091999694705,0.03265071922261268,0.028756672769222648,natural,20,naive,,natural_memory,0,20,1.0,16,source-only
1.0,0.996874988079071,0.9943562593460084,0.0047478989681800955,80,500,0.004499075002968311,0.025737707318738104,0.01801135441625135,natural,20,naive,,natural_memory,0,20,1.0,16,source-only
1.0,1.0,0.9929375119209289,0.005229494088114655,10,500,0.0008882884867489338,0.02679088662425056,0.02051513989733551,natural,20,naive,,natural_memory,0,20,1.0,32,source-only
1.0,0.996874988079071,0.9976000026464462,0.0030780390467373834,20,500,0.0015104574849829078,0.013604117163224145,0.013143807829408313,natural,20,naive,,natural_memory,0,20,1.0,32,source-only
1.0,1.0,0.9969625027179718,0.003605564756461778,40,500,0.0023566060699522495,0.015339680456090719,0.013456883764062169,natural,20,naive,,natural_memory,0,20,1.0,32,source-only
1.0,0.996874988079071,0.9962812539339065,0.004712322897327902,80,500,0.0020903039257973433,0.018900989120360465,0.019740004740801155,natural,20,naive,,natural_memory,0,20,1.0,32,source-only
1.0,1.0,0.99456875872612,0.0045899740635079135,10,500,0.003843462560325861,0.025049545024521648,0.017110543282658302,natural,20,naive,,natural_memory,1,20,1.0,4,source-only
1.0,1.0,0.9930312609672547,0.005783440824352929,20,500,0.0045715137384831905,0.032767198969610035,0.022526990427399574,natural,20,naive,,natural_memory,1,20,1.0,4,source-only
1.0,0.9906250238418579,0.9929187607765197,0.005747994477676628,40,500,0.003153172554448247,0.032345920462626965,0.021821990423723698,natural,20,naive,,natural_memory,1,20,1.0,4,source-only
1.0,0.9906250238418579,0.9919750113487243,0.006241690773545487,80,500,0.005012664012610912,0.036704828252084556,0.0250504619887294,natural,20,naive,,natural_memory,1,20,1.0,4,source-only
1.0,0.9937500357627869,0.994937508225441,0.004352163703083953,10,500,0.004167118109762669,0.02422722930088639,0.017106687989599016,natural,20,naive,,natural_memory,1,20,1.0,8,source-only
1.0,0.996874988079071,0.995681256890297,0.004036053481822744,20,500,0.0030965134501457214,0.021518393360078335,0.016776902532581878,natural,20,naive,,natural_memory,1,20,1.0,8,source-only
1.0,0.996874988079071,0.9961875052452087,0.003691725076343197,40,500,0.002083714585751295,0.01905401845043525,0.014895817811675066,natural,20,naive,,natural_memory,1,20,1.0,8,source-only
1.0,0.996874988079071,0.9945437570810318,0.00596005263689396,80,500,0.0014000942464917898,0.027923861416522415,0.02827759857572019,natural,20,naive,,natural_memory,1,20,1.0,8,source-only
1.0,0.996874988079071,0.9949687581062316,0.004798571979211227,10,500,0.0017123814905062318,0.023587345916079357,0.020871468150925606,natural,20,naive,,natural_memory,1,20,1.0,16,source-only
1.0,0.9937500357627869,0.9960250049829483,0.0039503861922499635,20,500,0.0026585408486425877,0.018822199685499072,0.015099506011898078,natural,20,naive,,natural_memory,1,20,1.0,16,source-only
1.0,0.987500011920929,0.9955187572240829,0.004590279882095476,40,500,0.0020197657868266106,0.02039459969336167,0.017126553245459808,natural,20,naive,,natural_memory,1,20,1.0,16,source-only
1.0,0.996874988079071,0.997093752861023,0.0033846717157080797,80,500,0.0018103693146258593,0.014661002294160426,0.014379788052954425,natural,20,naive,,natural_memory,1,20,1.0,16,source-only
1.0,0.9937500357627869,0.9943312591314316,0.004804169949645719,10,500,0.0018816248048096895,0.02245490537537262,0.01886581327262344,natural,20,naive,,natural_memory,1,20,1.0,32,source-only
1.0,1.0,0.9973000032901764,0.0032797589633153878,20,500,0.0016661789268255234,0.014224516068818048,0.013142162210755783,natural,20,naive,,natural_memory,1,20,1.0,32,source-only
1.0,1.0,0.9971812527179718,0.0033313008652932083,40,500,0.001561814220622182,0.014591685744235292,0.01383866255738418,natural,20,naive,,natural_memory,1,20,1.0,32,source-only
1.0,1.0,0.9974437515735626,0.0030886501154111226,80,500,0.0015640829224139452,0.013684175109257922,0.011996426110791944,natural,20,naive,,natural_memory,1,20,1.0,32,source-only
1.0,0.9937500357627869,0.9929625126123428,0.00531846205796105,10,500,0.004879821557551622,0.032178193327970804,0.01949656322268176,natural,20,naive,,natural_memory,2,20,1.0,4,source-only
1.0,0.996874988079071,0.9941875101327896,0.004768460194917539,20,500,0.004269269295036793,0.027715487847104668,0.01898693192469631,natural,20,naive,,natural_memory,2,20,1.0,4,source-only
1.0,0.9937500357627869,0.9954687583446503,0.003927432429488872,40,500,0.0033621485345065594,0.02231888803187758,0.015257603467796763,natural,20,naive,,natural_memory,2,20,1.0,4,source-only
1.0,0.9906250238418579,0.9942062591314316,0.004961449614821512,80,500,0.004537053406238556,0.0272137548038736,0.019002394517564927,natural,20,naive,,natural_memory,2,20,1.0,4,source-only
1.0,1.0,0.9957625072002411,0.0038896599192780037,10,500,0.0021442717406898737,0.022563279938418418,0.01738027329399637,natural,20,naive,,natural_memory,2,20,1.0,8,source-only
1.0,1.0,0.9966250041723251,0.0034539277883058246,20,500,0.002271148143336177,0.018386301564518363,0.016633893432828506,natural,20,naive,,natural_memory,2,20,1.0,8,source-only
1.0,1.0,0.9971437537670136,0.0033169159100583084,40,500,0.0008789159473963082,0.01618310264358297,0.015362114795783517,natural,20,naive,,natural_memory,2,20,1.0,8,source-only
1.0,0.996874988079071,0.9973000024557114,0.003201407137929847,80,500,0.0015144499484449625,0.014806832512840628,0.01346561121271021,natural,20,naive,,natural_memory,2,20,1.0,8,source-only
1.0,1.0,0.9976000015735627,0.003587864057525099,10,500,0.0014902804978191853,0.012969438961474225,0.015561575132988505,natural,20,naive,,natural_memory,2,20,1.0,16,source-only
1.0,0.9937500357627869,0.995887505531311,0.0039032949427869547,20,500,0.002548315329477191,0.020260663775261492,0.015402501332805402,natural,20,naive,,natural_memory,2,20,1.0,16,source-only
1.0,1.0,0.9978125011920929,0.0029810537561914367,40,500,0.0014719667378813028,0.012338660461362451,0.0128079872460687,natural,20,naive,,natural_memory,2,20,1.0,16,source-only
1.0,1.0,0.9970187529325485,0.003573828027927528,80,500,0.001560658449307084,0.015459658538224176,0.014418084153502157,natural,20,naive,,natural_memory,2,20,1.0,16,source-only
1.0,0.996874988079071,0.9917937613725663,0.005884732702643636,10,500,0.002425775397568941,0.03271745478827506,0.02337491016025252,natural,20,naive,,natural_memory,2,20,1.0,32,source-only
1.0,0.996874988079071,0.9980062513351441,0.0027721976113257818,20,500,0.001337934983894229,0.011437109576538205,0.01105840745882207,natural,20,naive,,natural_memory,2,20,1.0,32,source-only
1.0,0.9937500357627869,0.9964062547683716,0.003405379735431601,40,500,0.0025188331492245197,0.018135994577314705,0.014619197801344542,natural,20,naive,,natural_memory,2,20,1.0,32,source-only
1.0,0.996874988079071,0.9967500029802322,0.003593606394549759,80,500,0.0025731585919857025,0.01595407018903643,0.013479348700331744,natural,20,naive,,natural_memory,2,20,1.0,32,source-only
1.0,0.996874988079071,0.9929875098466873,0.005369599588515667,10,500,0.006205216981470585,0.033937315906398,0.022023330903854763,natural,20,naive,,natural_memory,3,20,1.0,4,source-only
1.0,0.996874988079071,0.9921937605142593,0.006239047150677687,20,500,0.006553103681653738,0.0363090789578855,0.024984748290163165,natural,20,naive,,natural_memory,3,20,1.0,4,source-only
1.0,0.9937500357627869,0.9930375113487243,0.005108215374057497,40,500,0.005775345955044031,0.03262308495398611,0.02016866099379543,natural,20,naive,,natural_memory,3,20,1.0,4,source-only
1.0,0.9906250238418579,0.9935062600374222,0.005758746823372349,80,500,0.005266319029033184,0.03256541076488793,0.022563649159505247,natural,20,naive,,natural_memory,3,20,1.0,4,source-only
1.0,1.0,0.9948250077962876,0.004619989964963911,10,500,0.003311763284727931,0.027157069597858935,0.019573406426736637,natural,20,naive,,natural_memory,3,20,1.0,8,source-only
1.0,1.0,0.9964375048875809,0.0037609119421952732,20,500,0.0022483232896775007,0.018563367989379912,0.0165662395262342,natural,20,naive,,natural_memory,3,20,1.0,8,source-only
1.0,0.9906250238418579,0.9960187554359436,0.003743375325643409,40,500,0.002937525976449251,0.02154912073072046,0.015882750105237438,natural,20,naive,,natural_memory,3,20,1.0,8,source-only
1.0,1.0,0.9969250034093857,0.0037130180448943814,80,500,0.00262269820086658,0.01688940872484818,0.015723201765582867,natural,20,naive,,natural_memory,3,20,1.0,8,source-only
1.0,0.996874988079071,0.9970625038146973,0.003224045721012351,10,500,0.0014047578442841768,0.015860355475451796,0.013776784160717504,natural,20,naive,,natural_memory,3,20,1.0,16,source-only
1.0,1.0,0.9958875046968461,0.006120643891782172,20,500,0.002586202695965767,0.021438729275949298,0.02856312962904296,natural,20,naive,,natural_memory,3,20,1.0,16,source-only
1.0,0.996874988079071,0.9961375062465667,0.003858200029099661,40,500,0.0032973799388855696,0.01845798781560734,0.013619798845904146,natural,20,naive,,natural_memory,3,20,1.0,16,source-only
1.0,0.996874988079071,0.9965750039815903,0.00413490393668826,80,500,0.0022167270071804523,0.017787912648171186,0.01853913059513508,natural,20,naive,,natural_memory,3,20,1.0,16,source-only
1.0,1.0,0.9943937599658966,0.00450212315630849,10,500,0.001630726968869567,0.02131358299427666,0.016846664602495284,natural,20,naive,,natural_memory,3,20,1.0,32,source-only
1.0,0.9937500357627869,0.9972625024318695,0.003337492149896168,20,500,0.001762808533385396,0.0157950493786484,0.01543496612033833,natural,20,naive,,natural_memory,3,20,1.0,32,source-only
1.0,1.0,0.9974125022888184,0.0033048425882803065,40,500,0.0014380092034116387,0.013486047009937465,0.012965316325505958,natural,20,naive,,natural_memory,3,20,1.0,32,source-only
1.0,0.996874988079071,0.9971062536239624,0.00336647880818396,80,500,0.0018372718477621675,0.015356945385457947,0.014026973066632507,natural,20,naive,,natural_memory,3,20,1.0,32,source-only
1.0,0.987500011920929,0.9930187610387802,0.005543892234779942,10,500,0.003679403569549322,0.03257880857307464,0.0217565245119293,natural,20,naive,,natural_memory,4,20,1.0,4,source-only
1.0,1.0,0.9941187597513199,0.005003971928418702,20,500,0.004372785799205303,0.027251652495004237,0.01759723281571096,natural,20,naive,,natural_memory,4,20,1.0,4,source-only
1.0,1.0,0.9936562601327896,0.00542805691601582,40,500,0.004374518059194088,0.030227163733914493,0.020796887004956577,natural,20,naive,,natural_memory,4,20,1.0,4,source-only
1.0,0.996874988079071,0.9935312609672546,0.004890494244359867,80,500,0.0037625222466886044,0.030085355831310154,0.01788224754051878,natural,20,naive,,natural_memory,4,20,1.0,4,source-only
1.0,0.996874988079071,0.996437504529953,0.0036287608780120424,10,500,0.0022469505202025175,0.018634179489221425,0.01568409516764934,natural,20,naive,,natural_memory,4,20,1.0,8,source-only
1.0,0.987500011920929,0.9950625067949295,0.0050385170856144116,20,500,0.0022965464740991592,0.025547966362908483,0.022698547652405258,natural,20,naive,,natural_memory,4,20,1.0,8,source-only
1.0,0.996874988079071,0.9952937580347061,0.004539277057342643,40,500,0.0029733413830399513,0.02325237757479772,0.018804836467333354,natural,20,naive,,natural_memory,4,20,1.0,8,source-only
1.0,0.9937500357627869,0.995043759226799,0.004000239252009033,80,500,0.0037162546068429947,0.024591590899042785,0.01658591883090454,natural,20,naive,,natural_memory,4,20,1.0,8,source-only
1.0,1.0,0.9968687533140183,0.003875491659748911,10,500,0.0013566977577283978,0.01666318964282982,0.01648929845302754,natural,20,naive,,natural_memory,4,20,1.0,16,source-only
1.0,0.9906250238418579,0.9939250096082687,0.005043615569164139,20,500,0.004373518284410238,0.02737435389868915,0.01895947088902428,natural,20,naive,,natural_memory,4,20,1.0,16,source-only
1.0,0.9937500357627869,0.9920437612533569,0.0056767411957805635,40,500,0.003822286846116185,0.03388292360072955,0.02046693143392199,natural,20,naive,,natural_memory,4,20,1.0,16,source-only
1.0,0.996874988079071,0.994668757557869,0.004816511864728109,80,500,0.0029096922371536493,0.02514528265176341,0.019573424120243443,natural,20,naive,,natural_memory,4,20,1.0,16,source-only
1.0,0.996874988079071,0.9918062620162964,0.005554343080993057,10,500,0.0027964203618466854,0.03367893125861883,0.023846826684156157,natural,20,naive,,natural_memory,4,20,1.0,32,source-only
1.0,0.996874988079071,0.9970375037193299,0.0035975382067053347,20,500,0.0021155632566660643,0.015721652089152487,0.01490241332521493,natural,20,naive,,natural_memory,4,20,1.0,32,source-only
1.0,1.0,0.9970937529802323,0.0036404498195616985,40,500,0.001566755585372448,0.014575307790655643,0.01523880526165182,natural,20,naive,,natural_memory,4,20,1.0,32,source-only
1.0,0.9937500357627869,0.9969375030994415,0.0034283885494987105,80,500,0.002096234355121851,0.015786743426695466,0.0139965473131373,natural,20,naive,,natural_memory,4,20,1.0,32,source-only
1.0,0.9937500357627869,0.9924375126361847,0.007937495650290859,10,500,0.0044333674013614655,0.0358061109771952,0.03125102716344784,natural,20,naive,,natural_memory,5,20,1.0,4,source-only
1.0,0.9906250238418579,0.9929437627792358,0.006631651514869684,20,500,0.003879152936860919,0.033657102479133755,0.025864950231741624,natural,20,naive,,natural_memory,5,20,1.0,4,source-only
1.0,1.0,0.9924125136137009,0.0058369872435496935,40,500,0.005950788501650095,0.03493061976134777,0.022877292619718013,natural,20,naive,,natural_memory,5,20,1.0,4,source-only
1.0,0.971875011920929,0.9917687619924546,0.007134341119880702,80,500,0.00486122677102685,0.038693602590821684,0.029963515816049738,natural,20,naive,,natural_memory,5,20,1.0,4,source-only
1.0,1.0,0.9962500056028366,0.0037965768061635945,10,500,0.0027773575857281685,0.01995537444483489,0.017443051523633672,natural,20,naive,,natural_memory,5,20,1.0,8,source-only
1.0,0.9937500357627869,0.9958375053405761,0.004110020595975574,20,500,0.0024313856847584248,0.021132960853166877,0.01735335124382408,natural,20,naive,,natural_memory,5,20,1.0,8,source-only
1.0,1.0,0.9969062544107438,0.003521548357912033,40,500,0.0017856359481811523,0.0173591876369901,0.015675054156108138,natural,20,naive,,natural_memory,5,20,1.0,8,source-only
1.0,1.0,0.995762506365776,0.004208037720155837,80,500,0.002603511093184352,0.02178190914262086,0.018829453471143853,natural,20,naive,,natural_memory,5,20,1.0,8,source-only
1.0,0.996874988079071,0.9983124989271164,0.0024851082523728095,10,500,0.0012543202610686421,0.00965365763893351,0.010502738528877694,natural,20,naive,,natural_memory,5,20,1.0,16,source-only
1.0,0.996874988079071,0.9976000022888184,0.002981340115102552,20,500,0.0016424742061644793,0.012260345736984164,0.010541016788461555,natural,20,naive,,natural_memory,5,20,1.0,16,source-only
1.0,0.9906250238418579,0.9973250024318695,0.0029896606507297083,40,500,0.0020602482836693525,0.013757829511538148,0.011420704849047246,natural,20,naive,,natural_memory,5,20,1.0,16,source-only
1.0,0.996874988079071,0.9970750029087067,0.003434513653154766,80,500,0.0020786644890904427,0.014958152514882386,0.013238985902384051,natural,20,naive,,natural_memory,5,20,1.0,16,source-only
1.0,1.0,0.9924500138759613,0.005224397702763899,10,500,0.002926117042079568,0.03138339362293482,0.023117266459754985,natural,20,naive,,natural_memory,5,20,1.0,32,source-only
1.0,0.996874988079071,0.9976312519311905,0.0029104996317478793,20,500,0.002108519896864891,0.013304575118701905,0.011532503905278487,natural,20,naive,,natural_memory,5,20,1.0,32,source-only
1.0,1.0,0.9948437588214875,0.004663995951626273,40,500,0.003391378792002797,0.025104137538932265,0.01933014083791845,natural,20,naive,,natural_memory,5,20,1.0,32,source-only
1.0,0.996874988079071,0.9956875059604645,0.004860949782460057,80,500,0.002233754377812147,0.02115447537600994,0.02074154103421537,natural,20,naive,,natural_memory,5,20,1.0,32,source-only
1.0,0.987500011920929,0.9943750090599061,0.004639328920147461,10,500,0.003520318539813161,0.027171781573910266,0.01704930840216133,natural,20,naive,,natural_memory,6,20,1.0,4,source-only
1.0,0.984375,0.9927312611341477,0.0054196176571854595,20,500,0.004837628919631243,0.03387336977571249,0.020405531839361626,natural,20,naive,,natural_memory,6,20,1.0,4,source-only
1.0,0.9937500357627869,0.9951312584877015,0.0042740914778251985,40,500,0.0033430461771786213,0.024220862321555615,0.016247855149856997,natural,20,naive,,natural_memory,6,20,1.0,4,source-only
1.0,0.9906250238418579,0.9938750096559524,0.005212658230612324,80,500,0.004513647872954607,0.03061385670863092,0.022301559989189076,natural,20,naive,,natural_memory,6,20,1.0,4,source-only
1.0,0.996874988079071,0.9956750082969665,0.0038837297192546257,10,500,0.0030551471281796694,0.021842965142335743,0.015913953465891525,natural,20,naive,,natural_memory,6,20,1.0,8,source-only
1.0,1.0,0.9951375072002411,0.004333347492403652,20,500,0.003003154182806611,0.02380457608262077,0.017635960980231638,natural,20,naive,,natural_memory,6,20,1.0,8,source-only
1.0,0.996874988079071,0.9951812579631806,0.004727152992853405,40,500,0.0032362639904022217,0.02590623105596751,0.02148658159044686,natural,20,naive,,natural_memory,6,20,1.0,8,source-only
1.0,0.9937500357627869,0.9959937561750412,0.003975594910156829,80,500,0.0027156914584338665,0.02057141004689038,0.01689806572782964,natural,20,naive,,natural_memory,6,20,1.0,8,source-only
1.0,0.996874988079071,0.9983124996423721,0.002585260265125927,10,500,0.0009786736918613315,0.00963680987455882,0.010891103858643591,natural,20,naive,,natural_memory,6,20,1.0,16,source-only
1.0,0.987500011920929,0.9961625051498413,0.0037914490965623125,20,500,0.0026409002020955086,0.018319479594938456,0.014543585908102577,natural,20,naive,,natural_memory,6,20,1.0,16,source-only
1.0,0.9937500357627869,0.9956875067949295,0.0045582098010962585,40,500,0.0025334942620247602,0.020696136121172458,0.01879284896548965,natural,20,naive,,natural_memory,6,20,1.0,16,source-only
1.0,0.9937500357627869,0.9973250020742417,0.0032283816019024266,80,500,0.001843675272539258,0.013525464973412454,0.013016309259582404,natural,20,naive,,natural_memory,6,20,1.0,16,source-only
1.0,0.987500011920929,0.9919312628507614,0.0055262803667115515,10,500,0.0022692549973726273,0.03170126995211467,0.021007855414857363,natural,20,naive,,natural_memory,6,20,1.0,32,source-only
1.0,0.996874988079071,0.9976937521696091,0.0027834457820550343,20,500,0.0021959280129522085,0.013171830279752612,0.011863865350074802,natural,20,naive,,natural_memory,6,20,1.0,32,source-only
1.0,0.996874988079071,0.9974250012636184,0.0030314423297931764,40,500,0.0022584088146686554,0.013821313851047307,0.012552576876162416,natural,20,naive,,natural_memory,6,20,1.0,32,source-only
1.0,0.9937500357627869,0.9964937534332275,0.0038312933470119157,80,500,0.0018428992480039597,0.018175852588377894,0.01610757478527314,natural,20,naive,,natural_memory,6,20,1.0,32,source-only
1.0,0.987500011920929,0.9924125118255616,0.006383580917579098,10,500,0.0036892518401145935,0.03643167460896075,0.02690879034165068,natural,20,gated,,natural_memory,0,20,1.0,4,source-only
1.0,0.9937500357627869,0.9938187595605851,0.00527885400092612,20,500,0.002693490358069539,0.02949577177874744,0.02182385606902649,natural,20,gated,,natural_memory,0,20,1.0,4,source-only
1.0,0.996874988079071,0.9930250103473663,0.005858161101500993,40,500,0.004473679233342409,0.034001170278526845,0.023611240473208412,natural,20,gated,,natural_memory,0,20,1.0,4,source-only
1.0,0.9937500357627869,0.9934250079393386,0.006300713962191265,80,500,0.003249221947044134,0.031714499684982,0.025668281549730353,natural,20,gated,,natural_memory,0,20,1.0,4,source-only
1.0,1.0,0.9965125041007996,0.0037061726052625074,10,500,0.0019228620221838355,0.018601753000868484,0.017723308573570178,natural,20,gated,,natural_memory,0,20,1.0,8,source-only
1.0,0.9937500357627869,0.995593757390976,0.004124399468433759,20,500,0.00299543933942914,0.023294000817928463,0.017516579356857846,natural,20,gated,,natural_memory,0,20,1.0,8,source-only
1.0,0.9906250238418579,0.9958187551498413,0.004396985334771074,40,500,0.0012534024426713586,0.02115551559184678,0.01973841088140431,natural,20,gated,,natural_memory,0,20,1.0,8,source-only
1.0,1.0,0.9959312559366226,0.00387649794544167,80,500,0.0024647568352520466,0.021810525899752974,0.018258363314924784,natural,20,gated,,natural_memory,0,20,1.0,8,source-only
1.0,1.0,0.9977437512874603,0.0029723855336562573,10,500,0.0011789894197136164,0.012062259902711958,0.012569543630914094,natural,20,gated,,natural_memory,0,20,1.0,16,source-only
1.0,0.9937500357627869,0.9969812542200088,0.0037354364795440112,20,500,0.0018081199377775192,0.014248492369428278,0.014434877541804829,natural,20,gated,,natural_memory,0,20,1.0,16,source-only
1.0,0.996874988079071,0.9956812564134597,0.004312124476051604,40,500,0.0019348820205777884,0.020010127470828594,0.018273954411417336,natural,20,gated,,natural_memory,0,20,1.0,16,source-only
1.0,1.0,0.9974562525749207,0.003124059880409176,80,500,0.0015942843165248632,0.013143052973784507,0.012806784457562025,natural,20,gated,,natural_memory,0,20,1.0,16,source-only
1.0,1.0,0.9942187596559524,0.004868879416849798,10,500,0.0013423905475065112,0.022939152725040914,0.018709528012941252,natural,20,gated,,natural_memory,0,20,1.0,32,source-only
1.0,0.996874988079071,0.998549999833107,0.0023813689532850586,20,500,0.0008391764131374657,0.00792311295797117,0.009287814778181979,natural,20,gated,,natural_memory,0,20,1.0,32,source-only
1.0,0.9937500357627869,0.9976562523841858,0.0030095794986935197,40,500,0.0008919619140215218,0.012501506588421762,0.013563104119014641,natural,20,gated,,natural_memory,0,20,1.0,32,source-only
1.0,1.0,0.9947500088214875,0.00452595854300228,80,500,0.002360913436859846,0.02422514196485281,0.01792502096825545,natural,20,gated,,natural_memory,0,20,1.0,32,source-only
1.0,0.9906250238418579,0.994387508392334,0.004919644001793934,10,500,0.002699598204344511,0.026363591657020152,0.018333682057123102,natural,20,gated,,natural_memory,1,20,1.0,4,source-only
1.0,1.0,0.9940062605142593,0.005187188239332101,20,500,0.0037860912270843983,0.0290959206847474,0.02152152350029815,natural,20,gated,,natural_memory,1,20,1.0,4,source-only
1.0,1.0,0.9939562600851058,0.0052156964332630085,40,500,0.0034899101592600346,0.028689197999890895,0.021196126024612585,natural,20,gated,,natural_memory,1,20,1.0,4,source-only
1.0,1.0,0.9928500101566314,0.006749602327136857,80,500,0.003338681533932686,0.03389441712107509,0.026698490337662126,natural,20,gated,,natural_memory,1,20,1.0,4,source-only
1.0,1.0,0.9968812550306321,0.0031405694405353003,10,500,0.00210840767249465,0.016300036653876304,0.013212015693392854,natural,20,gated,,natural_memory,1,20,1.0,8,source-only
1.0,1.0,0.9945937585830689,0.005036092717000916,20,500,0.002323336433619261,0.02727409536903724,0.022606399385615907,natural,20,gated,,natural_memory,1,20,1.0,8,source-only
1.0,0.996874988079071,0.9966625046730041,0.0033764016646243592,40,500,0.002044567372649908,0.017148916570004075,0.013628627263616003,natural,20,gated,,natural_memory,1,20,1.0,8,source-only
1.0,0.996874988079071,0.9974687525033951,0.0029280010825073113,80,500,0.001962094334885478,0.014365154998376966,0.013299370236117363,natural,20,gated,,natural_memory,1,20,1.0,8,source-only
1.0,1.0,0.997750002026558,0.00286682820996535,10,500,0.0010636994848027825,0.011363940821960569,0.011053694813554043,natural,20,gated,,natural_memory,1,20,1.0,16,source-only
1.0,1.0,0.9962125054597855,0.003805639668057286,20,500,0.0018291196320205927,0.017256469355896115,0.01340945037471555,natural,20,gated,,natural_memory,1,20,1.0,16,source-only
1.0,0.996874988079071,0.9954500069618225,0.004357169130868494,40,500,0.001960724126547575,0.02044058407191187,0.016290978755000313,natural,20,gated,,natural_memory,1,20,1.0,16,source-only
1.0,1.0,0.9973000024557114,0.0033270597261356163,80,500,0.0013869402464479208,0.013364075879799202,0.012580232629630685,natural,20,gated,,natural_memory,1,20,1.0,16,source-only
1.0,0.9906250238418579,0.9967312554121017,0.003301095694020694,10,500,0.0012219493510201573,0.01543580452236347,0.016472210934045956,natural,20,gated,,natural_memory,1,20,1.0,32,source-only
1.0,0.996874988079071,0.9981500006914139,0.0026691462671828165,20,500,0.0009966872166842222,0.00930786718428135,0.010855498145777224,natural,20,gated,,natural_memory,1,20,1.0,32,source-only
1.0,0.996874988079071,0.9967562531232834,0.003469383370850078,40,500,0.002099772682413459,0.016027623889036478,0.01383444170485578,natural,20,gated,,natural_memory,1,20,1.0,32,source-only
1.0,0.996874988079071,0.9966812525987625,0.004048232192966648,80,500,0.0018463156884536147,0.016528947186889128,0.018592356333032974,natural,20,gated,,natural_memory,1,20,1.0,32,source-only
1.0,1.0,0.9932937599420547,0.00585024472651318,10,500,0.004808598197996616,0.032105927171185614,0.02511081224008656,natural,20,gated,,natural_memory,2,20,1.0,4,source-only
1.0,0.987500011920929,0.9935625079870224,0.0057183177438382,20,500,0.0031421533785760403,0.02991044907271862,0.02282153120802973,natural,20,gated,,natural_memory,2,20,1.0,4,source-only
1.0,0.996874988079071,0.9948187588453293,0.004568306970583269,40,500,0.0023514851927757263,0.02456968141067773,0.017426645001398264,natural,20,gated,,natural_memory,2,20,1.0,4,source-only
1.0,1.0,0.9930937596559525,0.006747317863560501,80,500,0.004140703938901424,0.032373078803531824,0.027359199260997096,natural,20,gated,,natural_memory,2,20,1.0,4,source-only
1.0,0.9937500357627869,0.9966437547206879,0.0035085235613746247,10,500,0.0018540790770202875,0.018458278076257557,0.01643625713573393,natural,20,gated,,natural_memory,2,20,1.0,8,source-only
1.0,1.0,0.9971937522888183,0.003376722559952235,20,500,0.0022043692879378796,0.01528237214172259,0.014587396620243871,natural,20,gated,,natural_memory,2,20,1.0,8,source-only
1.0,1.0,0.9965062550306321,0.003496746868231118,40,500,0.00181811791844666,0.017742311604088172,0.015057825990723656,natural,20,gated,,natural_memory,2,20,1.0,8,source-only
1.0,1.0,0.9957687550783157,0.0054384666798709255,80,500,0.0021206457167863846,0.0215533436271362,0.02318795247690636,natural,20,gated,,natural_memory,2,20,1.0,8,source-only
1.0,1.0,0.9984687497615814,0.0023089031038345006,10,500,0.000848155643325299,0.008842900475836359,0.010141514784140809,natural,20,gated,,natural_memory,2,20,1.0,16,source-only
1.0,1.0,0.9965937533378602,0.005063941102922116,20,500,0.0013079486088827252,0.016003738867118953,0.020882869825806376,natural,20,gated,,natural_memory,2,20,1.0,16,source-only
1.0,1.0,0.9974687520265579,0.0032862979173263872,40,500,0.0015276476042345166,0.012969355995533989,0.013751361583842393,natural,20,gated,,natural_memory,2,20,1.0,16,source-only
1.0,1.0,0.9976000020503998,0.0032748019892378626,80,500,0.0009665714460425079,0.012384201992186717,0.013654656060974423,natural,20,gated,,natural_memory,2,20,1.0,16,source-only
1.0,0.996874988079071,0.9948937577009201,0.004454671764585685,10,500,0.0013372644316405058,0.023200602655066176,0.021546645824801022,natural,20,gated,,natural_memory,2,20,1.0,32,source-only
1.0,0.996874988079071,0.998343750834465,0.0027547842520219104,20,500,0.0008386919507756829,0.008810043809004128,0.01046664865236568,natural,20,gated,,natural_memory,2,20,1.0,32,source-only
1.0,1.0,0.9974875022172928,0.003083440779783439,40,500,0.0012729332083836198,0.013084465087624267,0.013948281410421025,natural,20,gated,,natural_memory,2,20,1.0,32,source-only
1.0,1.0,0.9971500024795532,0.0034406950811321914,80,500,0.0012269880389794707,0.01475064833345823,0.014349639998862638,natural,20,gated,,natural_memory,2,20,1.0,32,source-only
1.0,0.984375,0.9938500096797943,0.005855493520621322,10,500,0.004344007931649685,0.028411173993721603,0.021762768675913025,natural,20,gated,,natural_memory,3,20,1.0,4,source-only
1.0,0.9937500357627869,0.9937937589883804,0.006025495885839531,20,500,0.0034557185135781765,0.030403192420490086,0.024798001760809294,natural,20,gated,,natural_memory,3,20,1.0,4,source-only
1.0,0.9781250357627869,0.9941812586784363,0.005905297050932292,40,500,0.0034474183339625597,0.02879639771906659,0.02510928511126023,natural,20,gated,,natural_memory,3,20,1.0,4,source-only
1.0,0.9906250238418579,0.9945312577486038,0.004693217537750396,80,500,0.003780463244765997,0.026892505201511086,0.01778379743074203,natural,20,gated,,natural_memory,3,20,1.0,4,source-only
1.0,1.0,0.9971625037193298,0.0033534175244340626,10,500,0.0010419829050078988,0.015542927962960675,0.014782430410013016,natural,20,gated,,natural_memory,3,20,1.0,8,source-only
1.0,0.996874988079071,0.9965687540769577,0.00399754473866401,20,500,0.001411363948136568,0.017747686979128048,0.01675200406012768,natural,20,gated,,natural_memory,3,20,1.0,8,source-only
1.0,1.0,0.99740625166893,0.0030953202525677587,40,500,0.0012503962498158216,0.013574955822899937,0.013682148440677708,natural,20,gated,,natural_memory,3,20,1.0,8,source-only
1.0,0.996874988079071,0.9978000012636185,0.002732150457328317,80,500,0.0014591432409361005,0.012158483927603811,0.011783198436010302,natural,20,gated,,natural_memory,3,20,1.0,8,source-only
1.0,1.0,0.998537499666214,0.002140052509499907,10,500,0.0009010673384182155,0.008326049684430473,0.009300589318198608,natural,20,gated,,natural_memory,3,20,1.0,16,source-only
1.0,1.0,0.9972312527894974,0.0032430794375522694,20,500,0.0013170543825253844,0.013811820597155019,0.014097224717348018,natural,20,gated,,natural_memory,3,20,1.0,16,source-only
1.0,1.0,0.9971062537431717,0.0034297038937707853,40,500,0.001644121133722365,0.013913102420512587,0.013005590567993485,natural,20,gated,,natural_memory,3,20,1.0,16,source-only
1.0,0.996874988079071,0.9974062521457672,0.003037999879400847,80,500,0.001628935569897294,0.013267853786004707,0.012899796752356413,natural,20,gated,,natural_memory,3,20,1.0,16,source-only
1.0,0.996874988079071,0.995293758392334,0.0037888044056752297,10,500,0.0007397161680273712,0.017262719030259176,0.014542265264756181,natural,20,gated,,natural_memory,3,20,1.0,32,source-only
1.0,1.0,0.99803125,0.002973018503888014,20,500,0.0006450869259424508,0.010317013549385592,0.013291226292778374,natural,20,gated,,natural_memory,3,20,1.0,32,source-only
1.0,0.996874988079071,0.9972812527418137,0.002992658156086518,40,500,0.0016707895556464791,0.014363774989498779,0.013643651687227053,natural,20,gated,,natural_memory,3,20,1.0,32,source-only
1.0,1.0,0.9971875034570694,0.0034826497246057686,80,500,0.0011695045977830887,0.014354809001088143,0.014929650157121938,natural,20,gated,,natural_memory,3,20,1.0,32,source-only
1.0,0.9906250238418579,0.992806260228157,0.00572718764709294,10,500,0.004317582584917545,0.033840611346065995,0.022475600365643302,natural,20,gated,,natural_memory,4,20,1.0,4,source-only
1.0,0.9906250238418579,0.9923937594890595,0.011035116988379372,20,500,0.002467329381033778,0.035499509807210415,0.04223590924448858,natural,20,gated,,natural_memory,4,20,1.0,4,source-only
1.0,0.987500011920929,0.9943062614202499,0.004552546639524116,40,500,0.004180360585451126,0.027509912306442858,0.017403953474903398,natural,20,gated,,natural_memory,4,20,1.0,4,source-only
1.0,0.9937500357627869,0.9942437583208084,0.005192606158778593,80,500,0.0031715172808617353,0.0267753827967681,0.020236990764915926,natural,20,gated,,natural_memory,4,20,1.0,4,source-only
1.0,0.9906250238418579,0.9959312558174134,0.004073049425877787,10,500,0.0017287874361500144,0.021271587134106085,0.018078946988359736,natural,20,gated,,natural_memory,4,20,1.0,8,source-only
1.0,1.0,0.9959562557935715,0.0040111621100589155,20,500,0.0016673218924552202,0.020422463512513787,0.017926796542997055,natural,20,gated,,natural_memory,4,20,1.0,8,source-only
1.0,1.0,0.9957250069379806,0.0040463239564599495,40,500,0.0024542382452636957,0.02186592355975881,0.018259253484576573,natural,20,gated,,natural_memory,4,20,1.0,8,source-only
1.0,1.0,0.9965437539815902,0.003911567982059021,80,500,0.0018325602868571877,0.018319360823137686,0.016985997981420645,natural,20,gated,,natural_memory,4,20,1.0,8,source-only
1.0,1.0,0.9974000025987625,0.0031058330112495062,10,500,0.0010082968510687351,0.013014386727241799,0.01270871026169741,natural,20,gated,,natural_memory,4,20,1.0,16,source-only
1.0,1.0,0.9979812505245209,0.0026307240428627755,20,500,0.001424922957085073,0.011068650978850202,0.01187913356127791,natural,20,gated,,natural_memory,4,20,1.0,16,source-only
1.0,0.9906250238418579,0.9976437516212463,0.0032013785717922498,40,500,0.0014751367270946503,0.0113778716402594,0.012308594911942928,natural,20,gated,,natural_memory,4,20,1.0,16,source-only
1.0,0.9937500357627869,0.9978625007867813,0.0027101880710681905,80,500,0.0011483156122267246,0.011050038618268445,0.011233333880850403,natural,20,gated,,natural_memory,4,20,1.0,16,source-only
1.0,1.0,0.9942625104188919,0.004477697439580835,10,500,0.001882034121081233,0.024627355808392166,0.019414268911319154,natural,20,gated,,natural_memory,4,20,1.0,32,source-only
1.0,1.0,0.9978437522649765,0.0031279601847151533,20,500,0.000894922879524529,0.011138782291673123,0.012198363058448661,natural,20,gated,,natural_memory,4,20,1.0,32,source-only
1.0,0.996874988079071,0.9958812561035156,0.004694648298137246,40,500,0.0011484685819596052,0.019880444953916596,0.019606216398126347,natural,20,gated,,natural_memory,4,20,1.0,32,source-only
1.0,1.0,0.9970000026226044,0.0036475516107912853,80,500,0.0011893508490175009,0.014133505889214575,0.014454897845989453,natural,20,gated,,natural_memory,4,20,1.0,32,source-only
1.0,0.9937500357627869,0.993893758893013,0.005939042351174838,10,500,0.0037414110265672207,0.028913005023263393,0.02272682321198525,natural,20,gated,,natural_memory,5,20,1.0,4,source-only
1.0,0.981249988079071,0.9925562608242035,0.006638010039354068,20,500,0.0045441254042088985,0.03505766378995031,0.026045908394651048,natural,20,gated,,natural_memory,5,20,1.0,4,source-only
1.0,0.996874988079071,0.9938625078201294,0.008587040627594026,40,500,0.0029088540468364954,0.02997495516203344,0.038024833868260645,natural,20,gated,,natural_memory,5,20,1.0,4,source-only
1.0,0.9937500357627869,0.9939187580347061,0.0057884896651135284,80,500,0.003970690071582794,0.028734073472209274,0.021955413162883484,natural,20,gated,,natural_memory,5,20,1.0,4,source-only
1.0,1.0,0.9966937539577484,0.0034041409596539457,10,500,0.0017815178725868464,0.017630742474924774,0.015397871751868486,natural,20,gated,,natural_memory,5,20,1.0,8,source-only
1.0,0.9937500357627869,0.9956937569379807,0.004492951090661331,20,500,0.001915042637847364,0.0222277016651351,0.02010078564999138,natural,20,gated,,natural_memory,5,20,1.0,8,source-only
1.0,1.0,0.9969437531232834,0.003504336006402677,40,500,0.002255802508443594,0.015758007674477995,0.014651509523311138,natural,20,gated,,natural_memory,5,20,1.0,8,source-only
1.0,1.0,0.9972250026464462,0.0031552448793438015,80,500,0.0013935168972238898,0.015214410703396424,0.014588919128560933,natural,20,gated,,natural_memory,5,20,1.0,8,source-only
1.0,1.0,0.9979562511444092,0.0030011067786993315,10,500,0.0006998375756666064,0.010884920470183716,0.013280162038314901,natural,20,gated,,natural_memory,5,20,1.0,16,source-only
1.0,1.0,0.9972937524318695,0.003423320545878739,20,500,0.001183205982670188,0.013670973683008925,0.013065203773656754,natural,20,gated,,natural_memory,5,20,1.0,16,source-only
1.0,1.0,0.9978875023126602,0.0028212008579659516,40,500,0.0011247207876294851,0.010536751636303961,0.01070433072817485,natural,20,gated,,natural_memory,5,20,1.0,16,source-only
1.0,0.9937500357627869,0.9974187511205673,0.003584526205808938,80,500,0.001122544170357287,0.01337758269184269,0.016335529753184953,natural,20,gated,,natural_memory,5,20,1.0,16,source-only
1.0,0.996874988079071,0.9929000113010407,0.005345494742666276,10,500,0.002818361157551408,0.03146010333811864,0.02411222289068846,natural,20,gated,,natural_memory,5,20,1.0,32,source-only
1.0,0.996874988079071,0.9986500005722045,0.002399083504205038,20,500,0.0005948974867351353,0.007124250533641316,0.008329157877903365,natural,20,gated,,natural_memory,5,20,1.0,32,source-only
1.0,0.9937500357627869,0.9955562565326691,0.004537074318507241,40,500,0.002599455649033189,0.020276687976904212,0.016697726585083884,natural,20,gated,,natural_memory,5,20,1.0,32,source-only
1.0,0.9937500357627869,0.996118756532669,0.0037958510632434676,80,500,0.0012202386278659105,0.018672262255335227,0.015854327516572075,natural,20,gated,,natural_memory,5,20,1.0,32,source-only
1.0,0.9937500357627869,0.9939812598228455,0.006309494844434472,10,500,0.0035462696105241776,0.029644604994915426,0.029303339341915074,natural,20,gated,,natural_memory,6,20,1.0,4,source-only
1.0,0.996874988079071,0.9945812578201294,0.005295225549660268,20,500,0.0023278233129531145,0.026608766575343907,0.02105195798558058,natural,20,gated,,natural_memory,6,20,1.0,4,source-only
1.0,0.9937500357627869,0.9945062594413757,0.004680648881150453,40,500,0.0031947954557836056,0.02692339048348367,0.018615716021654922,natural,20,gated,,natural_memory,6,20,1.0,4,source-only
1.0,0.996874988079071,0.9943562580347061,0.004980780195009624,80,500,0.0037229754962027073,0.027532011544331908,0.01989821983559625,natural,20,gated,,natural_memory,6,20,1.0,4,source-only
1.0,0.9906250238418579,0.9952937558889389,0.0049901815465857495,10,500,0.002527726348489523,0.024982595458161085,0.02201636372286968,natural,20,gated,,natural_memory,6,20,1.0,8,source-only
1.0,1.0,0.9963312553167343,0.0035626597215629536,20,500,0.0018336052307859063,0.01880705358670093,0.01585555149827967,natural,20,gated,,natural_memory,6,20,1.0,8,source-only
1.0,0.9937500357627869,0.9963687551021576,0.0038065391062356525,40,500,0.0015346670988947153,0.01939811533759348,0.016926174735573382,natural,20,gated,,natural_memory,6,20,1.0,8,source-only
1.0,0.996874988079071,0.997287502527237,0.0032091339955402317,80,500,0.0014177461853250861,0.014630689761135728,0.013288372022459267,natural,20,gated,,natural_memory,6,20,1.0,8,source-only
1.0,0.9937500357627869,0.997200003027916,0.003338310947766538,10,500,0.0012264478718861938,0.014776282774982974,0.014255512314335677,natural,20,gated,,natural_memory,6,20,1.0,16,source-only
1.0,1.0,0.9973562531471253,0.003134794642655945,20,500,0.0013566807610914111,0.013071175360586494,0.01235739747131527,natural,20,gated,,natural_memory,6,20,1.0,16,source-only
1.0,0.996874988079071,0.9967187533378601,0.004035358490390763,40,500,0.0013723012525588274,0.016220803225412965,0.0181289648147647,natural,20,gated,,natural_memory,6,20,1.0,16,source-only
1.0,0.996874988079071,0.9965062544345856,0.0042344247647198106,80,500,0.0016330003272742033,0.016767338261241094,0.016222614277961806,natural,20,gated,,natural_memory,6,20,1.0,16,source-only
1.0,0.9906250238418579,0.9933500109910965,0.0047635604761924084,10,500,0.001762405619956553,0.024637975371209906,0.017163885050381217,natural,20,gated,,natural_memory,6,20,1.0,32,source-only
1.0,0.996874988079071,0.997362502336502,0.003529533902185388,20,500,0.0010850956896319985,0.013717848219443112,0.015410334164469798,natural,20,gated,,natural_memory,6,20,1.0,32,source-only
1.0,1.0,0.9970812532901764,0.0034256018735794817,40,500,0.0014809266431257129,0.01471479266951792,0.014209593030883903,natural,20,gated,,natural_memory,6,20,1.0,32,source-only
1.0,1.0,0.9967750041484833,0.0038412971172680772,80,500,0.001214045798406005,0.015868073945399373,0.01591129409317633,natural,20,gated,,natural_memory,6,20,1.0,32,source-only
0.3687500059604645,0.2874999940395355,0.3089875057935715,0.016626828362451454,10,500,1.506757378578186,1.607377260684967,0.029592857589226442,forced,5,naive,,forced_memory,0,5,0.25,8,source-only
0.59375,0.512499988079071,0.5313375121951103,0.015049143265975106,10,500,0.9196440577507019,0.984299702167511,0.024860176423352493,forced,10,naive,,forced_memory,0,10,0.5,8,source-only
0.8218750357627869,0.8062500357627869,0.781850011587143,0.014738322970909351,10,500,0.438995897769928,0.5370375382304191,0.03240394426990002,forced,15,naive,,forced_memory,0,15,0.75,8,source-only
1.0,1.0,0.9957187566757202,0.003756624632874541,10,500,0.0032830822747200727,0.02188118567317724,0.01583673939401442,forced,20,naive,,forced_memory,0,20,1.0,8,source-only
1.0,1.0,0.9957187566757202,0.003756624632874541,10,500,0.0032830822747200727,0.02188118567317724,0.01583673939401442,forced,25,naive,,forced_memory,0,20,1.0,8,source-only
1.0,1.0,0.9957187566757202,0.003756624632874541,10,500,0.0032830822747200727,0.02188118567317724,0.01583673939401442,forced,30,naive,,forced_memory,0,20,1.0,8,source-only
0.39375001192092896,0.35625001788139343,0.3472687560915947,0.012734566402000156,10,500,1.7530651092529297,1.8680087287425995,0.02618413212084673,forced,10,naive,,forced_memory,0,0,0.0,8,prefix-all
0.753125011920929,0.7093750238418579,0.7187937606573105,0.011659979837689785,10,500,0.5747432708740234,0.6414765756130218,0.02561172925573723,forced,20,naive,,forced_memory,0,9,0.45,8,prefix-all
0.925000011920929,0.909375011920929,0.9023812623023987,0.00824511934742318,10,500,0.1419333815574646,0.19042519971728325,0.018422096843893555,forced,30,naive,,forced_memory,0,19,0.95,8,prefix-all
0.965624988079071,0.940625011920929,0.9478000106811524,0.006673452593022972,10,500,0.07714022696018219,0.11363433502614498,0.019840697783944976,forced,31,naive,,forced_memory,0,20,1.0,8,prefix-all
0.965624988079071,0.940625011920929,0.9478000106811524,0.006673452593022972,10,500,0.07714022696018219,0.11363433502614498,0.019840697783944976,forced,32,naive,,forced_memory,0,20,1.0,8,prefix-all
0.965624988079071,0.940625011920929,0.9478000106811524,0.006673452593022972,10,500,0.07714022696018219,0.11363433502614498,0.019840697783944976,forced,40,naive,,forced_memory,0,20,1.0,8,prefix-all
0.965624988079071,0.940625011920929,0.9478000106811524,0.006673452593022972,10,500,0.07714022696018219,0.11363433502614498,0.019840697783944976,forced,41,naive,,forced_memory,0,20,1.0,8,prefix-all
0.965624988079071,0.940625011920929,0.9478000106811524,0.006673452593022972,10,500,0.07714022696018219,0.11363433502614498,0.019840697783944976,forced,42,naive,,forced_memory,0,20,1.0,8,prefix-all
0.965624988079071,0.940625011920929,0.9478000106811524,0.006673452593022972,10,500,0.07714022696018219,0.11363433502614498,0.019840697783944976,forced,50,naive,,forced_memory,0,20,1.0,8,prefix-all
0.965624988079071,0.940625011920929,0.9478000106811524,0.006673452593022972,10,500,0.07714022696018219,0.11363433502614498,0.019840697783944976,forced,60,naive,,forced_memory,0,20,1.0,8,prefix-all
0.965624988079071,0.940625011920929,0.9478000106811524,0.006673452593022972,10,500,0.07714022696018219,0.11363433502614498,0.019840697783944976,forced,61,naive,,forced_memory,0,20,1.0,8,prefix-all
0.965624988079071,0.940625011920929,0.9478000106811524,0.006673452593022972,10,500,0.07714022696018219,0.11363433502614498,0.019840697783944976,forced,62,naive,,forced_memory,0,20,1.0,8,prefix-all
0.965624988079071,0.940625011920929,0.9478000106811524,0.006673452593022972,10,500,0.07714022696018219,0.11363433502614498,0.019840697783944976,forced,70,naive,,forced_memory,0,20,1.0,8,prefix-all
0.965624988079071,0.940625011920929,0.9478000106811524,0.006673452593022972,10,500,0.07714022696018219,0.11363433502614498,0.019840697783944976,forced,80,naive,,forced_memory,0,20,1.0,8,prefix-all
0.965624988079071,0.940625011920929,0.9478000106811524,0.006673452593022972,10,500,0.07714022696018219,0.11363433502614498,0.019840697783944976,forced,100,naive,,forced_memory,0,20,1.0,8,prefix-all
0.965624988079071,0.940625011920929,0.9478000106811524,0.006673452593022972,10,500,0.07714022696018219,0.11363433502614498,0.019840697783944976,forced,101,naive,,forced_memory,0,20,1.0,8,prefix-all
0.965624988079071,0.940625011920929,0.9478000106811524,0.006673452593022972,10,500,0.07714022696018219,0.11363433502614498,0.019840697783944976,forced,102,naive,,forced_memory,0,20,1.0,8,prefix-all
0.965624988079071,0.940625011920929,0.9478000106811524,0.006673452593022972,10,500,0.07714022696018219,0.11363433502614498,0.019840697783944976,forced,120,naive,,forced_memory,0,20,1.0,8,prefix-all
1.0,1.0,0.9957187566757202,0.003756624632874541,10,500,0.0032830822747200727,0.02188118567317724,0.01583673939401442,forced,20,naive,0,forced_memory,0,20,1.0,8,source-pinned-noise-fifo
1.0,0.9937500357627869,0.9947875076532364,0.004757568293074211,10,500,0.0038007788825780153,0.025902053615543992,0.019293261297237956,forced,25,naive,5,forced_memory,0,20,1.0,8,source-pinned-noise-fifo
1.0,0.9937500357627869,0.9955500062704087,0.004397505767855229,10,500,0.003455278929322958,0.022901226493995636,0.01811796565302142,forced,30,naive,10,forced_memory,0,20,1.0,8,source-pinned-noise-fifo
1.0,0.9937500357627869,0.9955500062704087,0.004397505767855229,10,500,0.003455278929322958,0.022901226493995636,0.01811796565302142,forced,40,naive,20,forced_memory,0,20,1.0,8,source-pinned-noise-fifo
1.0,0.9937500357627869,0.9955500062704087,0.004397505767855229,10,500,0.003455278929322958,0.022901226493995636,0.01811796565302142,forced,60,naive,40,forced_memory,0,20,1.0,8,source-pinned-noise-fifo
1.0,0.9937500357627869,0.9955500062704087,0.004397505767855229,10,500,0.003455278929322958,0.022901226493995636,0.01811796565302142,forced,80,naive,60,forced_memory,0,20,1.0,8,source-pinned-noise-fifo
1.0,0.9937500357627869,0.9955500062704087,0.004397505767855229,10,500,0.003455278929322958,0.022901226493995636,0.01811796565302142,forced,100,naive,80,forced_memory,0,20,1.0,8,source-pinned-noise-fifo
0.3687500059604645,0.30000001192092896,0.30938750579953195,0.018703062687802377,20,500,1.4668047428131104,1.5591985013484955,0.03113280077585563,forced,5,naive,,forced_memory,0,5,0.25,8,source-only
0.6312500238418579,0.5625,0.5753750114440918,0.018120041974802516,20,500,0.8318244814872742,0.9263403468132019,0.03334553728302856,forced,10,naive,,forced_memory,0,10,0.5,8,source-only
0.824999988079071,0.8062500357627869,0.7906562616825104,0.013652315019688452,20,500,0.4324031472206116,0.5090512649416924,0.030460672331534242,forced,15,naive,,forced_memory,0,15,0.75,8,source-only
1.0,0.996874988079071,0.9960750063657761,0.0039311162284948395,20,500,0.0025849384255707264,0.02084821918094531,0.017240420058805463,forced,20,naive,,forced_memory,0,20,1.0,8,source-only
1.0,0.996874988079071,0.9960750063657761,0.0039311162284948395,20,500,0.0025849384255707264,0.02084821918094531,0.017240420058805463,forced,25,naive,,forced_memory,0,20,1.0,8,source-only
1.0,0.996874988079071,0.9960750063657761,0.0039311162284948395,20,500,0.0025849384255707264,0.02084821918094531,0.017240420058805463,forced,30,naive,,forced_memory,0,20,1.0,8,source-only
0.09687500447034836,0.05625000223517418,0.05049375089816749,0.012467550338274413,20,500,2.979884386062622,2.9982812905311587,0.00430072113903632,forced,10,naive,,forced_memory,0,0,0.0,8,prefix-all
0.16250000894069672,0.10312499850988388,0.1133625017553568,0.01308618696369865,20,500,2.5546152591705322,2.614255872249603,0.018603134723848593,forced,20,naive,,forced_memory,0,0,0.0,8,prefix-all
0.796875,0.78125,0.7661187615394592,0.010140146648499798,20,500,0.49238452315330505,0.5727242900729179,0.023190983246775376,forced,30,naive,,forced_memory,0,9,0.45,8,prefix-all
0.800000011920929,0.765625,0.7615500123500824,0.011600269846061096,20,500,0.4563429355621338,0.5252014205455781,0.025100278150512596,forced,31,naive,,forced_memory,0,10,0.5,8,prefix-all
0.840624988079071,0.8187500238418579,0.8085000122785568,0.010956946454608497,20,500,0.3358596861362457,0.390964398920536,0.020758692512638763,forced,32,naive,,forced_memory,0,11,0.55,8,prefix-all
0.9468750357627869,0.921875,0.9110000126361847,0.01074999983644672,20,500,0.13670504093170166,0.1775391150712967,0.017932269636884556,forced,40,naive,,forced_memory,0,19,0.95,8,prefix-all
0.965624988079071,0.953125,0.9487500102519989,0.005779135123925066,20,500,0.07608138024806976,0.10781496886909007,0.015532665139416505,forced,41,naive,,forced_memory,0,20,1.0,8,prefix-all
0.965624988079071,0.953125,0.9487500102519989,0.005779135123925066,20,500,0.07608138024806976,0.10781496886909007,0.015532665139416505,forced,42,naive,,forced_memory,0,20,1.0,8,prefix-all
0.965624988079071,0.953125,0.9487500102519989,0.005779135123925066,20,500,0.07608138024806976,0.10781496886909007,0.015532665139416505,forced,50,naive,,forced_memory,0,20,1.0,8,prefix-all
0.965624988079071,0.953125,0.9487500102519989,0.005779135123925066,20,500,0.07608138024806976,0.10781496886909007,0.015532665139416505,forced,60,naive,,forced_memory,0,20,1.0,8,prefix-all
0.965624988079071,0.953125,0.9487500102519989,0.005779135123925066,20,500,0.07608138024806976,0.10781496886909007,0.015532665139416505,forced,61,naive,,forced_memory,0,20,1.0,8,prefix-all
0.965624988079071,0.953125,0.9487500102519989,0.005779135123925066,20,500,0.07608138024806976,0.10781496886909007,0.015532665139416505,forced,62,naive,,forced_memory,0,20,1.0,8,prefix-all
0.965624988079071,0.953125,0.9487500102519989,0.005779135123925066,20,500,0.07608138024806976,0.10781496886909007,0.015532665139416505,forced,70,naive,,forced_memory,0,20,1.0,8,prefix-all
0.965624988079071,0.953125,0.9487500102519989,0.005779135123925066,20,500,0.07608138024806976,0.10781496886909007,0.015532665139416505,forced,80,naive,,forced_memory,0,20,1.0,8,prefix-all
0.965624988079071,0.953125,0.9487500102519989,0.005779135123925066,20,500,0.07608138024806976,0.10781496886909007,0.015532665139416505,forced,100,naive,,forced_memory,0,20,1.0,8,prefix-all
0.965624988079071,0.953125,0.9487500102519989,0.005779135123925066,20,500,0.07608138024806976,0.10781496886909007,0.015532665139416505,forced,101,naive,,forced_memory,0,20,1.0,8,prefix-all
0.965624988079071,0.953125,0.9487500102519989,0.005779135123925066,20,500,0.07608138024806976,0.10781496886909007,0.015532665139416505,forced,102,naive,,forced_memory,0,20,1.0,8,prefix-all
0.965624988079071,0.953125,0.9487500102519989,0.005779135123925066,20,500,0.07608138024806976,0.10781496886909007,0.015532665139416505,forced,120,naive,,forced_memory,0,20,1.0,8,prefix-all
1.0,0.996874988079071,0.9960750063657761,0.0039311162284948395,20,500,0.0025849384255707264,0.02084821918094531,0.017240420058805463,forced,20,naive,0,forced_memory,0,20,1.0,8,source-pinned-noise-fifo
1.0,1.0,0.9959125053882599,0.004411819504314682,20,500,0.0021530273370444775,0.020553050151560455,0.017267613689669406,forced,25,naive,5,forced_memory,0,20,1.0,8,source-pinned-noise-fifo
1.0,0.996874988079071,0.9959937568902969,0.003669006152941834,20,500,0.0033928852062672377,0.020157340847421438,0.014766219422645395,forced,30,naive,10,forced_memory,0,20,1.0,8,source-pinned-noise-fifo
1.0,0.9906250238418579,0.995868756532669,0.0038909815047820963,20,500,0.0029430068098008633,0.021045982114039363,0.016196173327485,forced,40,naive,20,forced_memory,0,20,1.0,8,source-pinned-noise-fifo
1.0,0.9906250238418579,0.995868756532669,0.0038909815047820963,20,500,0.0029430068098008633,0.021045982114039363,0.016196173327485,forced,60,naive,40,forced_memory,0,20,1.0,8,source-pinned-noise-fifo
1.0,0.9906250238418579,0.995868756532669,0.0038909815047820963,20,500,0.0029430068098008633,0.021045982114039363,0.016196173327485,forced,80,naive,60,forced_memory,0,20,1.0,8,source-pinned-noise-fifo
1.0,0.9906250238418579,0.995868756532669,0.0038909815047820963,20,500,0.0029430068098008633,0.021045982114039363,0.016196173327485,forced,100,naive,80,forced_memory,0,20,1.0,8,source-pinned-noise-fifo
0.3656249940395355,0.30937501788139343,0.30145000568032265,0.017930177796362762,40,500,1.4281506538391113,1.5350892753601075,0.028754606626541807,forced,5,naive,,forced_memory,0,5,0.25,8,source-only
0.5843750238418579,0.5375000238418579,0.5334875111579895,0.015315478065938335,40,500,0.9080642461776733,1.005356355190277,0.031135155264339666,forced,10,naive,,forced_memory,0,10,0.5,8,source-only
0.8062500357627869,0.78125,0.7735375130176544,0.01389728565635381,40,500,0.4730706810951233,0.5464398379325867,0.027014821070189626,forced,15,naive,,forced_memory,0,15,0.75,8,source-only
1.0,0.996874988079071,0.9955812566280365,0.004721332443996092,40,500,0.0024193052668124437,0.02208949006162584,0.01823386473442122,forced,20,naive,,forced_memory,0,20,1.0,8,source-only
1.0,0.996874988079071,0.9955812566280365,0.004721332443996092,40,500,0.0024193052668124437,0.02208949006162584,0.01823386473442122,forced,25,naive,,forced_memory,0,20,1.0,8,source-only
1.0,0.996874988079071,0.9955812566280365,0.004721332443996092,40,500,0.0024193052668124437,0.02208949006162584,0.01823386473442122,forced,30,naive,,forced_memory,0,20,1.0,8,source-only
0.09062500298023224,0.04374999925494194,0.049856251019984484,0.012594907196626324,40,500,2.975013017654419,2.9982108397483827,0.004211568169955829,forced,10,naive,,forced_memory,0,0,0.0,8,prefix-all
0.09687500447034836,0.05000000074505806,0.05019375093653798,0.012911264483403599,40,500,2.9754936695098877,2.9984062867164614,0.004370594565713652,forced,20,naive,,forced_memory,0,0,0.0,8,prefix-all
0.09687500447034836,0.046875,0.05046875098347664,0.012846563288321983,40,500,2.9741711616516113,2.9983363509178163,0.004274808438502572,forced,30,naive,,forced_memory,0,0,0.0,8,prefix-all
0.109375,0.05312500149011612,0.050487500922754405,0.012712131593648208,40,500,2.9744439125061035,2.9983510913848876,0.004329424919760467,forced,31,naive,,forced_memory,0,0,0.0,8,prefix-all
0.10000000149011612,0.05625000223517418,0.05077500105276704,0.012713219292752983,40,500,2.973926067352295,2.998346927165985,0.004298161636921492,forced,32,naive,,forced_memory,0,0,0.0,8,prefix-all
0.34375,0.3031249940395355,0.27743125542998315,0.02252965045294975,40,500,1.7961803674697876,1.9724764425754546,0.0734761887835741,forced,40,naive,,forced_memory,0,0,0.0,8,prefix-all
0.16562500596046448,0.12812499701976776,0.11405000162124634,0.013699475756133601,40,500,2.560222625732422,2.606056112766266,0.01712728453039353,forced,41,naive,,forced_memory,0,0,0.0,8,prefix-all
0.234375,0.15625,0.1722937533259392,0.014430613951644756,40,500,2.180696964263916,2.258754047870636,0.025507402038651678,forced,42,naive,,forced_memory,0,1,0.05,8,prefix-all
0.768750011920929,0.753125011920929,0.7197625122070312,0.013056003591981197,40,500,0.5703738927841187,0.6469596430063248,0.02576383043051895,forced,50,naive,,forced_memory,0,9,0.45,8,prefix-all
0.9281250238418579,0.925000011920929,0.9031125115156173,0.009261808268315625,40,500,0.13702166080474854,0.1904570251405239,0.023514046678851905,forced,60,naive,,forced_memory,0,19,0.95,8,prefix-all
1.0,0.996874988079071,0.996531255364418,0.003431660746049854,40,500,0.0032707625068724155,0.01870526720257476,0.013816182796075875,forced,61,naive,,forced_memory,0,20,1.0,8,prefix-all
1.0,0.996874988079071,0.996531255364418,0.003431660746049854,40,500,0.0032707625068724155,0.01870526720257476,0.013816182796075875,forced,62,naive,,forced_memory,0,20,1.0,8,prefix-all
1.0,0.996874988079071,0.996531255364418,0.003431660746049854,40,500,0.0032707625068724155,0.01870526720257476,0.013816182796075875,forced,70,naive,,forced_memory,0,20,1.0,8,prefix-all
1.0,0.996874988079071,0.996531255364418,0.003431660746049854,40,500,0.0032707625068724155,0.01870526720257476,0.013816182796075875,forced,80,naive,,forced_memory,0,20,1.0,8,prefix-all
1.0,0.996874988079071,0.996531255364418,0.003431660746049854,40,500,0.0032707625068724155,0.01870526720257476,0.013816182796075875,forced,100,naive,,forced_memory,0,20,1.0,8,prefix-all
1.0,0.996874988079071,0.996531255364418,0.003431660746049854,40,500,0.0032707625068724155,0.01870526720257476,0.013816182796075875,forced,101,naive,,forced_memory,0,20,1.0,8,prefix-all
1.0,0.996874988079071,0.996531255364418,0.003431660746049854,40,500,0.0032707625068724155,0.01870526720257476,0.013816182796075875,forced,102,naive,,forced_memory,0,20,1.0,8,prefix-all
1.0,0.996874988079071,0.996531255364418,0.003431660746049854,40,500,0.0032707625068724155,0.01870526720257476,0.013816182796075875,forced,120,naive,,forced_memory,0,20,1.0,8,prefix-all
1.0,0.996874988079071,0.9955812566280365,0.004721332443996092,40,500,0.0024193052668124437,0.02208949006162584,0.01823386473442122,forced,20,naive,0,forced_memory,0,20,1.0,8,source-pinned-noise-fifo
1.0,0.996874988079071,0.9961375056505203,0.003676753777496542,40,500,0.003082664217799902,0.019686235573142766,0.01461055089778896,forced,25,naive,5,forced_memory,0,20,1.0,8,source-pinned-noise-fifo
1.0,1.0,0.9958250057697297,0.004097322998792567,40,500,0.0032054812181741,0.02156612927885726,0.016149268541022905,forced,30,naive,10,forced_memory,0,20,1.0,8,source-pinned-noise-fifo
1.0,0.996874988079071,0.9952812587022781,0.0040911159732261925,40,500,0.0031481317710131407,0.024060399707406758,0.017590186423471307,forced,40,naive,20,forced_memory,0,20,1.0,8,source-pinned-noise-fifo
1.0,0.996874988079071,0.9940687599182129,0.0050307527235103075,40,500,0.00365211209282279,0.028831247438676655,0.02098790506726234,forced,60,naive,40,forced_memory,0,20,1.0,8,source-pinned-noise-fifo
1.0,0.996874988079071,0.9940687599182129,0.0050307527235103075,40,500,0.00365211209282279,0.028831247438676655,0.02098790506726234,forced,80,naive,60,forced_memory,0,20,1.0,8,source-pinned-noise-fifo
1.0,0.996874988079071,0.9940687599182129,0.0050307527235103075,40,500,0.00365211209282279,0.028831247438676655,0.02098790506726234,forced,100,naive,80,forced_memory,0,20,1.0,8,source-pinned-noise-fifo
0.36250001192092896,0.31562501192092896,0.303968756377697,0.016072680745645797,80,500,1.5084617137908936,1.6140695633888245,0.030043070293127094,forced,5,naive,,forced_memory,0,5,0.25,8,source-only
0.59375,0.518750011920929,0.5343812634944916,0.014616850351729656,80,500,0.9146654009819031,0.9965957378149033,0.026158762826677555,forced,10,naive,,forced_memory,0,10,0.5,8,source-only
0.8125,0.784375011920929,0.7774625117778778,0.013346000757090573,80,500,0.42335090041160583,0.49069997924566267,0.026075217435459576,forced,15,naive,,forced_memory,0,15,0.75,8,source-only
1.0,1.0,0.9964750051498413,0.004116953136027854,80,500,0.001857853727415204,0.01861066670017317,0.01811395581194034,forced,20,naive,,forced_memory,0,20,1.0,8,source-only
1.0,1.0,0.9964750051498413,0.004116953136027854,80,500,0.001857853727415204,0.01861066670017317,0.01811395581194034,forced,25,naive,,forced_memory,0,20,1.0,8,source-only
1.0,1.0,0.9964750051498413,0.004116953136027854,80,500,0.001857853727415204,0.01861066670017317,0.01811395581194034,forced,30,naive,,forced_memory,0,20,1.0,8,source-only
0.10000000149011612,0.07500000298023224,0.05020625095814466,0.011846035648211371,80,500,2.9836535453796387,2.998694591522217,0.004540096541714147,forced,10,naive,,forced_memory,0,0,0.0,8,prefix-all
0.10625000298023224,0.07187499850988388,0.050343750808387995,0.012313412181685789,80,500,2.983649969100952,2.998849477291107,0.004622229559512083,forced,20,naive,,forced_memory,0,0,0.0,8,prefix-all
0.09687500447034836,0.06875000149011612,0.0500562508739531,0.012240141204575245,80,500,2.983729839324951,2.998803340911865,0.0046525263469924735,forced,30,naive,,forced_memory,0,0,0.0,8,prefix-all
0.09687500447034836,0.07500000298023224,0.05010625090822578,0.012369965996341626,80,500,2.983344793319702,2.998776379108429,0.004619983134028062,forced,31,naive,,forced_memory,0,0,0.0,8,prefix-all
0.10312499850988388,0.06562500447034836,0.04995625093579292,0.012530355476745343,80,500,2.983511447906494,2.998797632217407,0.004651833388468352,forced,32,naive,,forced_memory,0,0,0.0,8,prefix-all
0.10000000149011612,0.07500000298023224,0.050287500999867916,0.012802410972754542,80,500,2.9840004444122314,2.998828959465027,0.004697515944408122,forced,40,naive,,forced_memory,0,0,0.0,8,prefix-all
0.10000000149011612,0.06562500447034836,0.0503312509842217,0.012759327409437065,80,500,2.983736515045166,2.9988289823532104,0.004702861992028325,forced,41,naive,,forced_memory,0,0,0.0,8,prefix-all
0.09687500447034836,0.07187499850988388,0.05042500099167228,0.012389158808746118,80,500,2.9839980602264404,2.9988128867149353,0.004657922791170219,forced,42,naive,,forced_memory,0,0,0.0,8,prefix-all
0.10000000149011612,0.06875000149011612,0.050543750956654546,0.012520188719881094,80,500,2.9840312004089355,2.9988250136375427,0.004698133753826047,forced,50,naive,,forced_memory,0,0,0.0,8,prefix-all
0.10312499850988388,0.07500000298023224,0.05043125100433826,0.012633257236907778,80,500,2.983595132827759,2.998788857936859,0.004671764658543627,forced,60,naive,,forced_memory,0,0,0.0,8,prefix-all
0.10625000298023224,0.06562500447034836,0.049981250926852225,0.012494516312951632,80,500,2.9836039543151855,2.9988255014419556,0.004701161622179993,forced,61,naive,,forced_memory,0,0,0.0,8,prefix-all
0.10312499850988388,0.06562500447034836,0.04993750092573464,0.012288682686409353,80,500,2.983783006668091,2.99882297706604,0.004701339914200827,forced,62,naive,,forced_memory,0,0,0.0,8,prefix-all
0.10312499850988388,0.06562500447034836,0.04981875099986792,0.012213368575067773,80,500,2.9837589263916016,2.9988155951499937,0.004711521065342914,forced,70,naive,,forced_memory,0,0,0.0,8,prefix-all
0.10312499850988388,0.07500000298023224,0.054012500956654545,0.013086007833226445,80,500,2.9780242443084717,2.996289933681488,0.005805008836267497,forced,80,naive,,forced_memory,0,0,0.0,8,prefix-all
0.934374988079071,0.9125000238418579,0.9018062621355056,0.009063532480881344,80,500,0.14381912350654602,0.19428166913986206,0.019277992092499713,forced,100,naive,,forced_memory,0,19,0.95,8,prefix-all
1.0,0.9937500357627869,0.9941562600135804,0.004678212804397829,80,500,0.004268842749297619,0.02772717730794102,0.01805890340500393,forced,101,naive,,forced_memory,0,20,1.0,8,prefix-all
1.0,0.9937500357627869,0.9941562600135804,0.004678212804397829,80,500,0.004268842749297619,0.02772717730794102,0.01805890340500393,forced,102,naive,,forced_memory,0,20,1.0,8,prefix-all
1.0,0.9937500357627869,0.9941562600135804,0.004678212804397829,80,500,0.004268842749297619,0.02772717730794102,0.01805890340500393,forced,120,naive,,forced_memory,0,20,1.0,8,prefix-all
1.0,1.0,0.9964750051498413,0.004116953136027854,80,500,0.001857853727415204,0.01861066670017317,0.01811395581194034,forced,20,naive,0,forced_memory,0,20,1.0,8,source-pinned-noise-fifo
1.0,1.0,0.9958562564849853,0.004011356284236888,80,500,0.002739283023402095,0.021713453389704228,0.01721408656446959,forced,25,naive,5,forced_memory,0,20,1.0,8,source-pinned-noise-fifo
1.0,0.9906250238418579,0.9962750060558319,0.0035065905659366087,80,500,0.003095241729170084,0.019939638920594006,0.01538067140887025,forced,30,naive,10,forced_memory,0,20,1.0,8,source-pinned-noise-fifo
1.0,1.0,0.9949250075817108,0.004501102406822782,80,500,0.0036806645803153515,0.02550375110981986,0.01813042222218905,forced,40,naive,20,forced_memory,0,20,1.0,8,source-pinned-noise-fifo
1.0,1.0,0.9929250118732452,0.005075888660953772,80,500,0.005989565048366785,0.033247303563170134,0.020386286521960607,forced,60,naive,40,forced_memory,0,20,1.0,8,source-pinned-noise-fifo
1.0,0.9937500357627869,0.9930750133991242,0.004862702910241869,80,500,0.00546904094517231,0.032797825530171396,0.01990635615693649,forced,80,naive,60,forced_memory,0,20,1.0,8,source-pinned-noise-fifo
1.0,1.0,0.9939625105857849,0.00485268226617168,80,500,0.004550851881504059,0.028424488537013532,0.01915263444249184,forced,100,naive,80,forced_memory,0,20,1.0,8,source-pinned-noise-fifo
0.39375001192092896,0.29375001788139343,0.31198125693202017,0.017309918676398563,10,500,1.5803978443145752,1.6670117270946503,0.030908951287234074,forced,5,naive,,forced_memory,1,5,0.25,8,source-only
0.6187500357627869,0.590624988079071,0.5632437621355056,0.016249203839770042,10,500,0.8598059415817261,0.9777755423784256,0.034024042307980396,forced,10,naive,,forced_memory,1,10,0.5,8,source-only
0.8031250238418579,0.7906250357627869,0.7689625118970871,0.010573115586893089,10,500,0.5105681419372559,0.5803182982206344,0.023472046468703614,forced,15,naive,,forced_memory,1,15,0.75,8,source-only
1.0,0.9937500357627869,0.994937508225441,0.004352163703083953,10,500,0.004167118109762669,0.02422722930088639,0.017106687989599016,forced,20,naive,,forced_memory,1,20,1.0,8,source-only
1.0,0.9937500357627869,0.994937508225441,0.004352163703083953,10,500,0.004167118109762669,0.02422722930088639,0.017106687989599016,forced,25,naive,,forced_memory,1,20,1.0,8,source-only
1.0,0.9937500357627869,0.994937508225441,0.004352163703083953,10,500,0.004167118109762669,0.02422722930088639,0.017106687989599016,forced,30,naive,,forced_memory,1,20,1.0,8,source-only
0.44062501192092896,0.40937501192092896,0.3875187559723854,0.013320699983713484,10,500,1.7031943798065186,1.7808765795230865,0.032396475735011504,forced,10,naive,,forced_memory,1,0,0.0,8,prefix-all
0.581250011920929,0.565625011920929,0.5293312623500824,0.014383490033629648,10,500,0.8912822604179382,0.9567292290925979,0.02385540595727914,forced,20,naive,,forced_memory,1,9,0.45,8,prefix-all
0.9468750357627869,0.9312500357627869,0.9201437613964081,0.010364021518103863,10,500,0.11920303106307983,0.16602905206382274,0.020095101267318907,forced,30,naive,,forced_memory,1,19,0.95,8,prefix-all
1.0,0.996874988079071,0.9956062576770782,0.0038236973836409177,10,500,0.003344733966514468,0.021599005362950265,0.01455400136436517,forced,31,naive,,forced_memory,1,20,1.0,8,prefix-all
1.0,0.996874988079071,0.9956062576770782,0.0038236973836409177,10,500,0.003344733966514468,0.021599005362950265,0.01455400136436517,forced,32,naive,,forced_memory,1,20,1.0,8,prefix-all
1.0,0.996874988079071,0.9956062576770782,0.0038236973836409177,10,500,0.003344733966514468,0.021599005362950265,0.01455400136436517,forced,40,naive,,forced_memory,1,20,1.0,8,prefix-all
1.0,0.996874988079071,0.9956062576770782,0.0038236973836409177,10,500,0.003344733966514468,0.021599005362950265,0.01455400136436517,forced,41,naive,,forced_memory,1,20,1.0,8,prefix-all
1.0,0.996874988079071,0.9956062576770782,0.0038236973836409177,10,500,0.003344733966514468,0.021599005362950265,0.01455400136436517,forced,42,naive,,forced_memory,1,20,1.0,8,prefix-all
1.0,0.996874988079071,0.9956062576770782,0.0038236973836409177,10,500,0.003344733966514468,0.021599005362950265,0.01455400136436517,forced,50,naive,,forced_memory,1,20,1.0,8,prefix-all
1.0,0.996874988079071,0.9956062576770782,0.0038236973836409177,10,500,0.003344733966514468,0.021599005362950265,0.01455400136436517,forced,60,naive,,forced_memory,1,20,1.0,8,prefix-all
1.0,0.996874988079071,0.9956062576770782,0.0038236973836409177,10,500,0.003344733966514468,0.021599005362950265,0.01455400136436517,forced,61,naive,,forced_memory,1,20,1.0,8,prefix-all
1.0,0.996874988079071,0.9956062576770782,0.0038236973836409177,10,500,0.003344733966514468,0.021599005362950265,0.01455400136436517,forced,62,naive,,forced_memory,1,20,1.0,8,prefix-all
1.0,0.996874988079071,0.9956062576770782,0.0038236973836409177,10,500,0.003344733966514468,0.021599005362950265,0.01455400136436517,forced,70,naive,,forced_memory,1,20,1.0,8,prefix-all
1.0,0.996874988079071,0.9956062576770782,0.0038236973836409177,10,500,0.003344733966514468,0.021599005362950265,0.01455400136436517,forced,80,naive,,forced_memory,1,20,1.0,8,prefix-all
1.0,0.996874988079071,0.9956062576770782,0.0038236973836409177,10,500,0.003344733966514468,0.021599005362950265,0.01455400136436517,forced,100,naive,,forced_memory,1,20,1.0,8,prefix-all
1.0,0.996874988079071,0.9956062576770782,0.0038236973836409177,10,500,0.003344733966514468,0.021599005362950265,0.01455400136436517,forced,101,naive,,forced_memory,1,20,1.0,8,prefix-all
1.0,0.996874988079071,0.9956062576770782,0.0038236973836409177,10,500,0.003344733966514468,0.021599005362950265,0.01455400136436517,forced,102,naive,,forced_memory,1,20,1.0,8,prefix-all
1.0,0.996874988079071,0.9956062576770782,0.0038236973836409177,10,500,0.003344733966514468,0.021599005362950265,0.01455400136436517,forced,120,naive,,forced_memory,1,20,1.0,8,prefix-all
1.0,0.9937500357627869,0.994937508225441,0.004352163703083953,10,500,0.004167118109762669,0.02422722930088639,0.017106687989599016,forced,20,naive,0,forced_memory,1,20,1.0,8,source-pinned-noise-fifo
1.0,0.9906250238418579,0.9953562579154969,0.003910368013287479,10,500,0.003959061112254858,0.023430952972732483,0.015476112866172464,forced,25,naive,5,forced_memory,1,20,1.0,8,source-pinned-noise-fifo
1.0,0.9906250238418579,0.9959937574863433,0.0036045597018713317,10,500,0.0033676959574222565,0.021166955289430918,0.016256882520242884,forced,30,naive,10,forced_memory,1,20,1.0,8,source-pinned-noise-fifo
1.0,0.9906250238418579,0.9959937574863433,0.0036045597018713317,10,500,0.0033676959574222565,0.021166955289430918,0.016256882520242884,forced,40,naive,20,forced_memory,1,20,1.0,8,source-pinned-noise-fifo
1.0,0.9906250238418579,0.9959937574863433,0.0036045597018713317,10,500,0.0033676959574222565,0.021166955289430918,0.016256882520242884,forced,60,naive,40,forced_memory,1,20,1.0,8,source-pinned-noise-fifo
1.0,0.9906250238418579,0.9959937574863433,0.0036045597018713317,10,500,0.0033676959574222565,0.021166955289430918,0.016256882520242884,forced,80,naive,60,forced_memory,1,20,1.0,8,source-pinned-noise-fifo
1.0,0.9906250238418579,0.9959937574863433,0.0036045597018713317,10,500,0.0033676959574222565,0.021166955289430918,0.016256882520242884,forced,100,naive,80,forced_memory,1,20,1.0,8,source-pinned-noise-fifo
0.36250001192092896,0.28125,0.30791875636577604,0.015927338541125588,20,500,1.5468438863754272,1.670172328710556,0.030780354961511217,forced,5,naive,,forced_memory,1,5,0.25,8,source-only
0.640625,0.621874988079071,0.5942937602996826,0.016178847933057083,20,500,0.8713995814323425,0.9535313779115677,0.030220725070784726,forced,10,naive,,forced_memory,1,10,0.5,8,source-only
0.8062500357627869,0.778124988079071,0.7707562597990036,0.009277532886671689,20,500,0.5162721872329712,0.5732012513875961,0.020022144499831654,forced,15,naive,,forced_memory,1,15,0.75,8,source-only
1.0,0.996874988079071,0.995681256890297,0.004036053481822744,20,500,0.0030965134501457214,0.021518393360078335,0.016776902532581878,forced,20,naive,,forced_memory,1,20,1.0,8,source-only
1.0,0.996874988079071,0.995681256890297,0.004036053481822744,20,500,0.0030965134501457214,0.021518393360078335,0.016776902532581878,forced,25,naive,,forced_memory,1,20,1.0,8,source-only
1.0,0.996874988079071,0.995681256890297,0.004036053481822744,20,500,0.0030965134501457214,0.021518393360078335,0.016776902532581878,forced,30,naive,,forced_memory,1,20,1.0,8,source-only
0.09687500447034836,0.05312500149011612,0.050231250993907454,0.012080671449068731,20,500,2.9807322025299072,2.9985401821136475,0.004076939043465239,forced,10,naive,,forced_memory,1,0,0.0,8,prefix-all
0.38750001788139343,0.33125001192092896,0.33733125644922257,0.014675888065355894,20,500,1.6537449359893799,1.7147906703948974,0.021886854683525237,forced,20,naive,,forced_memory,1,0,0.0,8,prefix-all
0.5875000357627869,0.5062500238418579,0.529668761074543,0.015317589525830429,20,500,0.9236829876899719,0.9942397392988205,0.0257247870217674,forced,30,naive,,forced_memory,1,9,0.45,8,prefix-all
0.6187500357627869,0.5625,0.5720625106096268,0.015699944552234314,20,500,0.7392452955245972,0.809969884634018,0.022252304676462203,forced,31,naive,,forced_memory,1,10,0.5,8,prefix-all
0.628125011920929,0.5531250238418579,0.572975012421608,0.016171716758699852,20,500,0.7190893292427063,0.7825152593851089,0.02419917786411655,forced,32,naive,,forced_memory,1,11,0.55,8,prefix-all
0.887499988079071,0.846875011920929,0.8554750109910965,0.010125433144207144,20,500,0.21122686564922333,0.2656986477971077,0.017189800841733636,forced,40,naive,,forced_memory,1,19,0.95,8,prefix-all
0.921875,0.9000000357627869,0.9019250115156173,0.007861435836698773,20,500,0.15612563490867615,0.19482195219397544,0.020957507347888944,forced,41,naive,,forced_memory,1,20,1.0,8,prefix-all
0.921875,0.9000000357627869,0.9019250115156173,0.007861435836698773,20,500,0.15612563490867615,0.19482195219397544,0.020957507347888944,forced,42,naive,,forced_memory,1,20,1.0,8,prefix-all
0.921875,0.9000000357627869,0.9019250115156173,0.007861435836698773,20,500,0.15612563490867615,0.19482195219397544,0.020957507347888944,forced,50,naive,,forced_memory,1,20,1.0,8,prefix-all
0.921875,0.9000000357627869,0.9019250115156173,0.007861435836698773,20,500,0.15612563490867615,0.19482195219397544,0.020957507347888944,forced,60,naive,,forced_memory,1,20,1.0,8,prefix-all
0.921875,0.9000000357627869,0.9019250115156173,0.007861435836698773,20,500,0.15612563490867615,0.19482195219397544,0.020957507347888944,forced,61,naive,,forced_memory,1,20,1.0,8,prefix-all
0.921875,0.9000000357627869,0.9019250115156173,0.007861435836698773,20,500,0.15612563490867615,0.19482195219397544,0.020957507347888944,forced,62,naive,,forced_memory,1,20,1.0,8,prefix-all
0.921875,0.9000000357627869,0.9019250115156173,0.007861435836698773,20,500,0.15612563490867615,0.19482195219397544,0.020957507347888944,forced,70,naive,,forced_memory,1,20,1.0,8,prefix-all
0.921875,0.9000000357627869,0.9019250115156173,0.007861435836698773,20,500,0.15612563490867615,0.19482195219397544,0.020957507347888944,forced,80,naive,,forced_memory,1,20,1.0,8,prefix-all
0.921875,0.9000000357627869,0.9019250115156173,0.007861435836698773,20,500,0.15612563490867615,0.19482195219397544,0.020957507347888944,forced,100,naive,,forced_memory,1,20,1.0,8,prefix-all
0.921875,0.9000000357627869,0.9019250115156173,0.007861435836698773,20,500,0.15612563490867615,0.19482195219397544,0.020957507347888944,forced,101,naive,,forced_memory,1,20,1.0,8,prefix-all
0.921875,0.9000000357627869,0.9019250115156173,0.007861435836698773,20,500,0.15612563490867615,0.19482195219397544,0.020957507347888944,forced,102,naive,,forced_memory,1,20,1.0,8,prefix-all
0.921875,0.9000000357627869,0.9019250115156173,0.007861435836698773,20,500,0.15612563490867615,0.19482195219397544,0.020957507347888944,forced,120,naive,,forced_memory,1,20,1.0,8,prefix-all
1.0,0.996874988079071,0.995681256890297,0.004036053481822744,20,500,0.0030965134501457214,0.021518393360078335,0.016776902532581878,forced,20,naive,0,forced_memory,1,20,1.0,8,source-pinned-noise-fifo
1.0,0.9937500357627869,0.99475625872612,0.00443959940232274,20,500,0.003031469415873289,0.026235410439316185,0.019008635054509122,forced,25,naive,5,forced_memory,1,20,1.0,8,source-pinned-noise-fifo
1.0,1.0,0.9955312570333481,0.004198553883501198,20,500,0.0034241825342178345,0.023399775880854578,0.019096749259981213,forced,30,naive,10,forced_memory,1,20,1.0,8,source-pinned-noise-fifo
1.0,0.9937500357627869,0.9960062564611435,0.003993046526602465,20,500,0.002462839474901557,0.02019046294223517,0.016934832450117746,forced,40,naive,20,forced_memory,1,20,1.0,8,source-pinned-noise-fifo
1.0,0.9937500357627869,0.9960062564611435,0.003993046526602465,20,500,0.002462839474901557,0.02019046294223517,0.016934832450117746,forced,60,naive,40,forced_memory,1,20,1.0,8,source-pinned-noise-fifo
1.0,0.9937500357627869,0.9960062564611435,0.003993046526602465,20,500,0.002462839474901557,0.02019046294223517,0.016934832450117746,forced,80,naive,60,forced_memory,1,20,1.0,8,source-pinned-noise-fifo
1.0,0.9937500357627869,0.9960062564611435,0.003993046526602465,20,500,0.002462839474901557,0.02019046294223517,0.016934832450117746,forced,100,naive,80,forced_memory,1,20,1.0,8,source-pinned-noise-fifo
0.3687500059604645,0.31562501192092896,0.3089812560081482,0.017023113040258785,40,500,1.571631669998169,1.6718202886581421,0.032318971995792006,forced,5,naive,,forced_memory,1,5,0.25,8,source-only
0.6187500357627869,0.6000000238418579,0.572337512254715,0.018285415657295714,40,500,0.8578866124153137,0.9510114142894744,0.038820902579195335,forced,10,naive,,forced_memory,1,10,0.5,8,source-only
0.800000011920929,0.7718750238418579,0.7706687623262405,0.009536628961877312,40,500,0.5091970562934875,0.5719598789215088,0.020320172683200195,forced,15,naive,,forced_memory,1,15,0.75,8,source-only
1.0,0.996874988079071,0.9961875052452087,0.003691725076343197,40,500,0.002083714585751295,0.01905401845043525,0.014895817811675066,forced,20,naive,,forced_memory,1,20,1.0,8,source-only
1.0,0.996874988079071,0.9961875052452087,0.003691725076343197,40,500,0.002083714585751295,0.01905401845043525,0.014895817811675066,forced,25,naive,,forced_memory,1,20,1.0,8,source-only
1.0,0.996874988079071,0.9961875052452087,0.003691725076343197,40,500,0.002083714585751295,0.01905401845043525,0.014895817811675066,forced,30,naive,,forced_memory,1,20,1.0,8,source-only
0.09062500298023224,0.05312500149011612,0.04946875079721212,0.01163620951977077,40,500,2.978322982788086,2.998800332069397,0.004517138654701114,forced,10,naive,,forced_memory,1,0,0.0,8,prefix-all
0.09375,0.05625000223517418,0.04936250099539757,0.01181001344132535,40,500,2.9749653339385986,2.9988121819496154,0.0045403058038387695,forced,20,naive,,forced_memory,1,0,0.0,8,prefix-all
0.09375,0.05000000074505806,0.049606250923126934,0.012087783016566735,40,500,2.9758973121643066,2.9989262413978577,0.004621936576623699,forced,30,naive,,forced_memory,1,0,0.0,8,prefix-all
0.09062500298023224,0.05312500149011612,0.04958750090003013,0.011895778210702163,40,500,2.975475788116455,2.9989422907829284,0.004614083532396396,forced,31,naive,,forced_memory,1,0,0.0,8,prefix-all
0.09375,0.05000000074505806,0.04972500094398856,0.01214345275520312,40,500,2.975111484527588,2.99893558883667,0.004637932655374142,forced,32,naive,,forced_memory,1,0,0.0,8,prefix-all
0.3375000059604645,0.30000001192092896,0.2706562547683716,0.024630453402685402,40,500,1.8183777332305908,1.9791314780712128,0.07863250471327231,forced,40,naive,,forced_memory,1,0,0.0,8,prefix-all
0.15625,0.12187500298023224,0.1152687518298626,0.013660577561481603,40,500,2.549823760986328,2.6091450304985044,0.017892417927641593,forced,41,naive,,forced_memory,1,0,0.0,8,prefix-all
0.22187499701976776,0.16875000298023224,0.1727812529951334,0.015170225425473218,40,500,2.179103374481201,2.258697389602661,0.02579699122585193,forced,42,naive,,forced_memory,1,1,0.05,8,prefix-all
0.503125011920929,0.47187501192092896,0.44135000598430635,0.01593265146528039,40,500,1.1047800779342651,1.1842679088115693,0.023514869269747673,forced,50,naive,,forced_memory,1,9,0.45,8,prefix-all
0.96875,0.9437500238418579,0.9470625112056732,0.006987990853623333,40,500,0.0837968960404396,0.12121045181155204,0.019728211475239385,forced,60,naive,,forced_memory,1,19,0.95,8,prefix-all
1.0,0.9937500357627869,0.9958125063180924,0.0038785172677966075,40,500,0.004015082959085703,0.02085781124047935,0.014428869958033233,forced,61,naive,,forced_memory,1,20,1.0,8,prefix-all
1.0,0.9937500357627869,0.9958125063180924,0.0038785172677966075,40,500,0.004015082959085703,0.02085781124047935,0.014428869958033233,forced,62,naive,,forced_memory,1,20,1.0,8,prefix-all
1.0,0.9937500357627869,0.9958125063180924,0.0038785172677966075,40,500,0.004015082959085703,0.02085781124047935,0.014428869958033233,forced,70,naive,,forced_memory,1,20,1.0,8,prefix-all
1.0,0.9937500357627869,0.9958125063180924,0.0038785172677966075,40,500,0.004015082959085703,0.02085781124047935,0.014428869958033233,forced,80,naive,,forced_memory,1,20,1.0,8,prefix-all
1.0,0.9937500357627869,0.9958125063180924,0.0038785172677966075,40,500,0.004015082959085703,0.02085781124047935,0.014428869958033233,forced,100,naive,,forced_memory,1,20,1.0,8,prefix-all
1.0,0.9937500357627869,0.9958125063180924,0.0038785172677966075,40,500,0.004015082959085703,0.02085781124047935,0.014428869958033233,forced,101,naive,,forced_memory,1,20,1.0,8,prefix-all
1.0,0.9937500357627869,0.9958125063180924,0.0038785172677966075,40,500,0.004015082959085703,0.02085781124047935,0.014428869958033233,forced,102,naive,,forced_memory,1,20,1.0,8,prefix-all
1.0,0.9937500357627869,0.9958125063180924,0.0038785172677966075,40,500,0.004015082959085703,0.02085781124047935,0.014428869958033233,forced,120,naive,,forced_memory,1,20,1.0,8,prefix-all
1.0,0.996874988079071,0.9961875052452087,0.003691725076343197,40,500,0.002083714585751295,0.01905401845043525,0.014895817811675066,forced,20,naive,0,forced_memory,1,20,1.0,8,source-pinned-noise-fifo
1.0,0.9937500357627869,0.9958250072002411,0.004200884505820709,40,500,0.001745835179463029,0.02122715373756364,0.0177443994774625,forced,25,naive,5,forced_memory,1,20,1.0,8,source-pinned-noise-fifo
1.0,0.996874988079071,0.9950187587738037,0.004156551563439059,40,500,0.003208160400390625,0.024079596859402953,0.016465449769041438,forced,30,naive,10,forced_memory,1,20,1.0,8,source-pinned-noise-fifo
1.0,0.996874988079071,0.9961750066280365,0.003678771784571755,40,500,0.002597952028736472,0.019849043320398777,0.014660289859529918,forced,40,naive,20,forced_memory,1,20,1.0,8,source-pinned-noise-fifo
1.0,1.0,0.9947375073432922,0.004731188895827632,40,500,0.003714255290105939,0.026404526139143854,0.01877282574126138,forced,60,naive,40,forced_memory,1,20,1.0,8,source-pinned-noise-fifo
1.0,1.0,0.9947375073432922,0.004731188895827632,40,500,0.003714255290105939,0.026404526139143854,0.01877282574126138,forced,80,naive,60,forced_memory,1,20,1.0,8,source-pinned-noise-fifo
1.0,1.0,0.9947375073432922,0.004731188895827632,40,500,0.003714255290105939,0.026404526139143854,0.01877282574126138,forced,100,naive,80,forced_memory,1,20,1.0,8,source-pinned-noise-fifo
0.3499999940395355,0.24062500894069672,0.26801250556111333,0.017094723114960943,80,500,1.7311382293701172,1.827408861875534,0.03366298472256249,forced,5,naive,,forced_memory,1,5,0.25,8,source-only
0.621874988079071,0.5687500238418579,0.5658750119209289,0.016876619899679163,80,500,0.8610056638717651,0.9395260109901428,0.03224371623119398,forced,10,naive,,forced_memory,1,10,0.5,8,source-only
0.800000011920929,0.762499988079071,0.7707562631368637,0.009382202531646712,80,500,0.49973392486572266,0.5722837128639221,0.021724710889945327,forced,15,naive,,forced_memory,1,15,0.75,8,source-only
1.0,0.996874988079071,0.9945437570810318,0.00596005263689396,80,500,0.0014000942464917898,0.027923861416522415,0.02827759857572019,forced,20,naive,,forced_memory,1,20,1.0,8,source-only
1.0,0.996874988079071,0.9945437570810318,0.00596005263689396,80,500,0.0014000942464917898,0.027923861416522415,0.02827759857572019,forced,25,naive,,forced_memory,1,20,1.0,8,source-only
1.0,0.996874988079071,0.9945437570810318,0.00596005263689396,80,500,0.0014000942464917898,0.027923861416522415,0.02827759857572019,forced,30,naive,,forced_memory,1,20,1.0,8,source-only
0.09375,0.03750000149011612,0.05053750090673566,0.012100820199834519,80,500,2.976147174835205,2.9991198563575745,0.0049115486566472365,forced,10,naive,,forced_memory,1,0,0.0,8,prefix-all
0.09375,0.04062500223517418,0.05027500085532665,0.012138626604135495,80,500,2.979541540145874,2.9990354232788086,0.004929496340261714,forced,20,naive,,forced_memory,1,0,0.0,8,prefix-all
0.09375,0.05000000074505806,0.050162500934675336,0.012004758398504414,80,500,2.979370594024658,2.9991075797080993,0.004968835989466415,forced,30,naive,,forced_memory,1,0,0.0,8,prefix-all
0.10000000149011612,0.03750000149011612,0.050531250961124895,0.012314681264868855,80,500,2.9795007705688477,2.999074330806732,0.004938792387133491,forced,31,naive,,forced_memory,1,0,0.0,8,prefix-all
0.09062500298023224,0.03750000149011612,0.0506500009149313,0.012164536258436423,80,500,2.9796218872070312,2.999080159664154,0.0049500659714156285,forced,32,naive,,forced_memory,1,0,0.0,8,prefix-all
0.09687500447034836,0.04374999925494194,0.049756250981241465,0.012295164125955282,80,500,2.9789505004882812,2.9990484700202944,0.004899964882471322,forced,40,naive,,forced_memory,1,0,0.0,8,prefix-all
0.10000000149011612,0.04374999925494194,0.05035625090822578,0.012598442219575613,80,500,2.9791293144226074,2.9990572972297667,0.0049182673044766475,forced,41,naive,,forced_memory,1,0,0.0,8,prefix-all
0.10312499850988388,0.03750000149011612,0.050243750762194395,0.012368020602100637,80,500,2.979442834854126,2.999038557052612,0.004940887014579421,forced,42,naive,,forced_memory,1,0,0.0,8,prefix-all
0.09375,0.03437500074505806,0.05027500089630484,0.012361836624914078,80,500,2.978625774383545,2.999099081516266,0.004897800382655105,forced,50,naive,,forced_memory,1,0,0.0,8,prefix-all
0.10000000149011612,0.03750000149011612,0.05015625094249845,0.012231291739086068,80,500,2.9789912700653076,2.9990647201538088,0.004903247377379579,forced,60,naive,,forced_memory,1,0,0.0,8,prefix-all
0.10625000298023224,0.03437500074505806,0.05007500071823597,0.012261563534176598,80,500,2.978801727294922,2.9991342792510984,0.004995483569275598,forced,61,naive,,forced_memory,1,0,0.0,8,prefix-all
0.09375,0.03125,0.0502812508456409,0.0121714238747373,80,500,2.9786834716796875,2.999131453990936,0.004945479683428962,forced,62,naive,,forced_memory,1,0,0.0,8,prefix-all
0.09687500447034836,0.04374999925494194,0.05043125088140368,0.012294782763137717,80,500,2.9795775413513184,2.999049427986145,0.0049022875415396135,forced,70,naive,,forced_memory,1,0,0.0,8,prefix-all
0.09375,0.05937499925494194,0.05022500085458159,0.012429023585851339,80,500,2.97936749458313,2.9987830295562743,0.004958606938492159,forced,80,naive,,forced_memory,1,0,0.0,8,prefix-all
0.96875,0.9593750238418579,0.9484250112771988,0.006738692879950676,80,500,0.07939870655536652,0.11668074625730515,0.018406909477300615,forced,100,naive,,forced_memory,1,19,0.95,8,prefix-all
1.0,0.996874988079071,0.9956937572956085,0.0041116119041505065,80,500,0.0029583119321614504,0.02175803437642753,0.01616021557612902,forced,101,naive,,forced_memory,1,20,1.0,8,prefix-all
1.0,0.996874988079071,0.9956937572956085,0.0041116119041505065,80,500,0.0029583119321614504,0.02175803437642753,0.01616021557612902,forced,102,naive,,forced_memory,1,20,1.0,8,prefix-all
1.0,0.996874988079071,0.9956937572956085,0.0041116119041505065,80,500,0.0029583119321614504,0.02175803437642753,0.01616021557612902,forced,120,naive,,forced_memory,1,20,1.0,8,prefix-all
1.0,0.996874988079071,0.9945437570810318,0.00596005263689396,80,500,0.0014000942464917898,0.027923861416522415,0.02827759857572019,forced,20,naive,0,forced_memory,1,20,1.0,8,source-pinned-noise-fifo
1.0,0.996874988079071,0.9952500076293945,0.004363369332114837,80,500,0.0026854430325329304,0.023448483419138938,0.01740980598263206,forced,25,naive,5,forced_memory,1,20,1.0,8,source-pinned-noise-fifo
1.0,1.0,0.9956187566518784,0.003943433491969707,80,500,0.0027986085042357445,0.02179311699885875,0.01658462809885003,forced,30,naive,10,forced_memory,1,20,1.0,8,source-pinned-noise-fifo
1.0,1.0,0.9966125042438507,0.0036402391781429223,80,500,0.0028396572452038527,0.01810098337661475,0.014763209438310745,forced,40,naive,20,forced_memory,1,20,1.0,8,source-pinned-noise-fifo
1.0,0.9937500357627869,0.9951000084877014,0.004109545663301621,80,500,0.0029697678983211517,0.022932480469346046,0.015586369200352954,forced,60,naive,40,forced_memory,1,20,1.0,8,source-pinned-noise-fifo
1.0,0.9937500357627869,0.997368752360344,0.0028590432807361664,80,500,0.0014671286335214972,0.014551016509300099,0.012664385602081205,forced,80,naive,60,forced_memory,1,20,1.0,8,source-pinned-noise-fifo
1.0,1.0,0.9949000101089478,0.004253409072129063,80,500,0.0035012245643883944,0.024435434921178965,0.015941118171353262,forced,100,naive,80,forced_memory,1,20,1.0,8,source-pinned-noise-fifo
0.3812499940395355,0.3375000059604645,0.31999375611543657,0.016771556532770886,10,500,1.5849449634552002,1.6638712086677552,0.02946161224838646,forced,5,naive,,forced_memory,2,5,0.25,8,source-only
0.6031250357627869,0.543749988079071,0.5580750114917755,0.01589238323106676,10,500,0.8728640675544739,0.9525023829936982,0.027018957241423787,forced,10,naive,,forced_memory,2,10,0.5,8,source-only
0.800000011920929,0.7875000238418579,0.7698312624692917,0.00946740196461544,10,500,0.5300188064575195,0.5795639417171479,0.021956605789867877,forced,15,naive,,forced_memory,2,15,0.75,8,source-only
1.0,1.0,0.9957625072002411,0.0038896599192780037,10,500,0.0021442717406898737,0.022563279938418418,0.01738027329399637,forced,20,naive,,forced_memory,2,20,1.0,8,source-only
1.0,1.0,0.9957625072002411,0.0038896599192780037,10,500,0.0021442717406898737,0.022563279938418418,0.01738027329399637,forced,25,naive,,forced_memory,2,20,1.0,8,source-only
1.0,1.0,0.9957625072002411,0.0038896599192780037,10,500,0.0021442717406898737,0.022563279938418418,0.01738027329399637,forced,30,naive,,forced_memory,2,20,1.0,8,source-only
0.3062500059604645,0.20937500894069672,0.24615625396370888,0.015259827513920167,10,500,1.8425638675689697,1.896397461414337,0.020380234295317247,forced,10,naive,,forced_memory,2,0,0.0,8,prefix-all
0.7562500238418579,0.71875,0.7177062624692917,0.01132890864107014,10,500,0.5671893358230591,0.6229216988086701,0.021952229173658522,forced,20,naive,,forced_memory,2,9,0.45,8,prefix-all
0.987500011920929,0.965624988079071,0.9664687601327896,0.007544852428546256,10,500,0.04908212646842003,0.08533756597340107,0.01711644842862806,forced,30,naive,,forced_memory,2,19,0.95,8,prefix-all
1.0,1.0,0.9970937526226044,0.003407674751788446,10,500,0.0017328148242086172,0.016038311750162394,0.014899755335687841,forced,31,naive,,forced_memory,2,20,1.0,8,prefix-all
1.0,1.0,0.9970937526226044,0.003407674751788446,10,500,0.0017328148242086172,0.016038311750162394,0.014899755335687841,forced,32,naive,,forced_memory,2,20,1.0,8,prefix-all
1.0,1.0,0.9970937526226044,0.003407674751788446,10,500,0.0017328148242086172,0.016038311750162394,0.014899755335687841,forced,40,naive,,forced_memory,2,20,1.0,8,prefix-all
1.0,1.0,0.9970937526226044,0.003407674751788446,10,500,0.0017328148242086172,0.016038311750162394,0.014899755335687841,forced,41,naive,,forced_memory,2,20,1.0,8,prefix-all
1.0,1.0,0.9970937526226044,0.003407674751788446,10,500,0.0017328148242086172,0.016038311750162394,0.014899755335687841,forced,42,naive,,forced_memory,2,20,1.0,8,prefix-all
1.0,1.0,0.9970937526226044,0.003407674751788446,10,500,0.0017328148242086172,0.016038311750162394,0.014899755335687841,forced,50,naive,,forced_memory,2,20,1.0,8,prefix-all
1.0,1.0,0.9970937526226044,0.003407674751788446,10,500,0.0017328148242086172,0.016038311750162394,0.014899755335687841,forced,60,naive,,forced_memory,2,20,1.0,8,prefix-all
1.0,1.0,0.9970937526226044,0.003407674751788446,10,500,0.0017328148242086172,0.016038311750162394,0.014899755335687841,forced,61,naive,,forced_memory,2,20,1.0,8,prefix-all
1.0,1.0,0.9970937526226044,0.003407674751788446,10,500,0.0017328148242086172,0.016038311750162394,0.014899755335687841,forced,62,naive,,forced_memory,2,20,1.0,8,prefix-all
1.0,1.0,0.9970937526226044,0.003407674751788446,10,500,0.0017328148242086172,0.016038311750162394,0.014899755335687841,forced,70,naive,,forced_memory,2,20,1.0,8,prefix-all
1.0,1.0,0.9970937526226044,0.003407674751788446,10,500,0.0017328148242086172,0.016038311750162394,0.014899755335687841,forced,80,naive,,forced_memory,2,20,1.0,8,prefix-all
1.0,1.0,0.9970937526226044,0.003407674751788446,10,500,0.0017328148242086172,0.016038311750162394,0.014899755335687841,forced,100,naive,,forced_memory,2,20,1.0,8,prefix-all
1.0,1.0,0.9970937526226044,0.003407674751788446,10,500,0.0017328148242086172,0.016038311750162394,0.014899755335687841,forced,101,naive,,forced_memory,2,20,1.0,8,prefix-all
1.0,1.0,0.9970937526226044,0.003407674751788446,10,500,0.0017328148242086172,0.016038311750162394,0.014899755335687841,forced,102,naive,,forced_memory,2,20,1.0,8,prefix-all
1.0,1.0,0.9970937526226044,0.003407674751788446,10,500,0.0017328148242086172,0.016038311750162394,0.014899755335687841,forced,120,naive,,forced_memory,2,20,1.0,8,prefix-all
1.0,1.0,0.9957625072002411,0.0038896599192780037,10,500,0.0021442717406898737,0.022563279938418418,0.01738027329399637,forced,20,naive,0,forced_memory,2,20,1.0,8,source-pinned-noise-fifo
1.0,0.9906250238418579,0.9971625025272369,0.0030928506446062615,10,500,0.0014485229039564729,0.01553231825795956,0.013649624253854346,forced,25,naive,5,forced_memory,2,20,1.0,8,source-pinned-noise-fifo
1.0,1.0,0.9969312531948089,0.0033797275212335484,10,500,0.0020301006734371185,0.0171919000367634,0.015180928729032973,forced,30,naive,10,forced_memory,2,20,1.0,8,source-pinned-noise-fifo
1.0,1.0,0.9969312531948089,0.0033797275212335484,10,500,0.0020301006734371185,0.0171919000367634,0.015180928729032973,forced,40,naive,20,forced_memory,2,20,1.0,8,source-pinned-noise-fifo
1.0,1.0,0.9969312531948089,0.0033797275212335484,10,500,0.0020301006734371185,0.0171919000367634,0.015180928729032973,forced,60,naive,40,forced_memory,2,20,1.0,8,source-pinned-noise-fifo
1.0,1.0,0.9969312531948089,0.0033797275212335484,10,500,0.0020301006734371185,0.0171919000367634,0.015180928729032973,forced,80,naive,60,forced_memory,2,20,1.0,8,source-pinned-noise-fifo
1.0,1.0,0.9969312531948089,0.0033797275212335484,10,500,0.0020301006734371185,0.0171919000367634,0.015180928729032973,forced,100,naive,80,forced_memory,2,20,1.0,8,source-pinned-noise-fifo
0.390625,0.3062500059604645,0.31379375588893893,0.01739662716575112,20,500,1.5561130046844482,1.6652752227783203,0.031401828597422715,forced,5,naive,,forced_memory,2,5,0.25,8,source-only
0.596875011920929,0.559374988079071,0.5476625112891197,0.016342434330695595,20,500,0.8699865341186523,0.9342269221544266,0.025451931236478462,forced,10,naive,,forced_memory,2,10,0.5,8,source-only
0.800000011920929,0.768750011920929,0.7700500122308731,0.008954608181717968,20,500,0.5137363076210022,0.570197446346283,0.02041468307946847,forced,15,naive,,forced_memory,2,15,0.75,8,source-only
1.0,1.0,0.9966250041723251,0.0034539277883058246,20,500,0.002271148143336177,0.018386301564518363,0.016633893432828506,forced,20,naive,,forced_memory,2,20,1.0,8,source-only
1.0,1.0,0.9966250041723251,0.0034539277883058246,20,500,0.002271148143336177,0.018386301564518363,0.016633893432828506,forced,25,naive,,forced_memory,2,20,1.0,8,source-only
1.0,1.0,0.9966250041723251,0.0034539277883058246,20,500,0.002271148143336177,0.018386301564518363,0.016633893432828506,forced,30,naive,,forced_memory,2,20,1.0,8,source-only
0.10000000149011612,0.03125,0.049725000873208046,0.011947254073999807,20,500,2.980419158935547,2.9990915670394895,0.0045599075798623805,forced,10,naive,,forced_memory,2,0,0.0,8,prefix-all
0.34687501192092896,0.28437501192092896,0.2942062560319901,0.014790425553088724,20,500,1.7717430591583252,1.8356156454086303,0.02198320079311421,forced,20,naive,,forced_memory,2,0,0.0,8,prefix-all
0.800000011920929,0.7562500238418579,0.7658937622308731,0.010487438335878556,20,500,0.48636293411254883,0.5533405659198761,0.021922724697731565,forced,30,naive,,forced_memory,2,9,0.45,8,prefix-all
0.793749988079071,0.7593750357627869,0.7627687619924546,0.010822883620584926,20,500,0.4499269425868988,0.5147042122483253,0.022573984531089976,forced,31,naive,,forced_memory,2,10,0.5,8,prefix-all
0.893750011920929,0.8375000357627869,0.855106261253357,0.009540233649030524,20,500,0.26303035020828247,0.3252826635837555,0.021872799927610948,forced,32,naive,,forced_memory,2,11,0.55,8,prefix-all
0.971875011920929,0.949999988079071,0.9499937599897385,0.006514702147209131,20,500,0.0709233433008194,0.10588853923976421,0.01561385453552237,forced,40,naive,,forced_memory,2,19,0.95,8,prefix-all
1.0,0.9937500357627869,0.9960625047683715,0.004065375656478441,20,500,0.0020609050989151,0.019257017566356806,0.014853716990521225,forced,41,naive,,forced_memory,2,20,1.0,8,prefix-all
1.0,0.9937500357627869,0.9960625047683715,0.004065375656478441,20,500,0.0020609050989151,0.019257017566356806,0.014853716990521225,forced,42,naive,,forced_memory,2,20,1.0,8,prefix-all
1.0,0.9937500357627869,0.9960625047683715,0.004065375656478441,20,500,0.0020609050989151,0.019257017566356806,0.014853716990521225,forced,50,naive,,forced_memory,2,20,1.0,8,prefix-all
1.0,0.9937500357627869,0.9960625047683715,0.004065375656478441,20,500,0.0020609050989151,0.019257017566356806,0.014853716990521225,forced,60,naive,,forced_memory,2,20,1.0,8,prefix-all
1.0,0.9937500357627869,0.9960625047683715,0.004065375656478441,20,500,0.0020609050989151,0.019257017566356806,0.014853716990521225,forced,61,naive,,forced_memory,2,20,1.0,8,prefix-all
1.0,0.9937500357627869,0.9960625047683715,0.004065375656478441,20,500,0.0020609050989151,0.019257017566356806,0.014853716990521225,forced,62,naive,,forced_memory,2,20,1.0,8,prefix-all
1.0,0.9937500357627869,0.9960625047683715,0.004065375656478441,20,500,0.0020609050989151,0.019257017566356806,0.014853716990521225,forced,70,naive,,forced_memory,2,20,1.0,8,prefix-all
1.0,0.9937500357627869,0.9960625047683715,0.004065375656478441,20,500,0.0020609050989151,0.019257017566356806,0.014853716990521225,forced,80,naive,,forced_memory,2,20,1.0,8,prefix-all
1.0,0.9937500357627869,0.9960625047683715,0.004065375656478441,20,500,0.0020609050989151,0.019257017566356806,0.014853716990521225,forced,100,naive,,forced_memory,2,20,1.0,8,prefix-all
1.0,0.9937500357627869,0.9960625047683715,0.004065375656478441,20,500,0.0020609050989151,0.019257017566356806,0.014853716990521225,forced,101,naive,,forced_memory,2,20,1.0,8,prefix-all
1.0,0.9937500357627869,0.9960625047683715,0.004065375656478441,20,500,0.0020609050989151,0.019257017566356806,0.014853716990521225,forced,102,naive,,forced_memory,2,20,1.0,8,prefix-all
1.0,0.9937500357627869,0.9960625047683715,0.004065375656478441,20,500,0.0020609050989151,0.019257017566356806,0.014853716990521225,forced,120,naive,,forced_memory,2,20,1.0,8,prefix-all
1.0,1.0,0.9966250041723251,0.0034539277883058246,20,500,0.002271148143336177,0.018386301564518363,0.016633893432828506,forced,20,naive,0,forced_memory,2,20,1.0,8,source-pinned-noise-fifo
1.0,1.0,0.9966562546491623,0.0033846698897605334,20,500,0.002563182730227709,0.01717528204154223,0.0133018227430976,forced,25,naive,5,forced_memory,2,20,1.0,8,source-pinned-noise-fifo
1.0,1.0,0.9961500061750412,0.0038605681792364503,20,500,0.001574401161633432,0.01985905980109237,0.01607793363584962,forced,30,naive,10,forced_memory,2,20,1.0,8,source-pinned-noise-fifo
1.0,1.0,0.9960937560796738,0.003605947211730933,20,500,0.0024121697060763836,0.0195949213122949,0.014553941041235344,forced,40,naive,20,forced_memory,2,20,1.0,8,source-pinned-noise-fifo
1.0,1.0,0.9960937560796738,0.003605947211730933,20,500,0.0024121697060763836,0.0195949213122949,0.014553941041235344,forced,60,naive,40,forced_memory,2,20,1.0,8,source-pinned-noise-fifo
1.0,1.0,0.9960937560796738,0.003605947211730933,20,500,0.0024121697060763836,0.0195949213122949,0.014553941041235344,forced,80,naive,60,forced_memory,2,20,1.0,8,source-pinned-noise-fifo
1.0,1.0,0.9960937560796738,0.003605947211730933,20,500,0.0024121697060763836,0.0195949213122949,0.014553941041235344,forced,100,naive,80,forced_memory,2,20,1.0,8,source-pinned-noise-fifo
0.38750001788139343,0.30937501788139343,0.31822500565648076,0.01831361427775879,40,500,1.4647557735443115,1.5401491441726685,0.02964948553577727,forced,5,naive,,forced_memory,2,5,0.25,8,source-only
0.578125,0.534375011920929,0.5349750119447708,0.015045223743659047,40,500,0.902470588684082,0.9719161908626557,0.023055743583538423,forced,10,naive,,forced_memory,2,10,0.5,8,source-only
0.800000011920929,0.7875000238418579,0.7684000123739243,0.01161535932953091,40,500,0.4945821166038513,0.5509274362325668,0.025008773513653257,forced,15,naive,,forced_memory,2,15,0.75,8,source-only
1.0,1.0,0.9971437537670136,0.0033169159100583084,40,500,0.0008789159473963082,0.01618310264358297,0.015362114795783517,forced,20,naive,,forced_memory,2,20,1.0,8,source-only
1.0,1.0,0.9971437537670136,0.0033169159100583084,40,500,0.0008789159473963082,0.01618310264358297,0.015362114795783517,forced,25,naive,,forced_memory,2,20,1.0,8,source-only
1.0,1.0,0.9971437537670136,0.0033169159100583084,40,500,0.0008789159473963082,0.01618310264358297,0.015362114795783517,forced,30,naive,,forced_memory,2,20,1.0,8,source-only
0.10312499850988388,0.03750000149011612,0.048887500828132036,0.01275109695292834,40,500,2.9803948402404785,2.9984805479049683,0.004366804756772591,forced,10,naive,,forced_memory,2,0,0.0,8,prefix-all
0.09375,0.04374999925494194,0.04961875097826123,0.012814449796300172,40,500,2.9811062812805176,2.9990933384895326,0.004813339941131976,forced,20,naive,,forced_memory,2,0,0.0,8,prefix-all
0.10000000149011612,0.05000000074505806,0.04896875087544322,0.012336865330263387,40,500,2.9803626537323,2.999108954906464,0.004780108375733196,forced,30,naive,,forced_memory,2,0,0.0,8,prefix-all
0.09687500447034836,0.05000000074505806,0.04916875094175339,0.012460580317935784,40,500,2.980661392211914,2.999071033477783,0.004804157151486352,forced,31,naive,,forced_memory,2,0,0.0,8,prefix-all
0.09687500447034836,0.04374999925494194,0.04924375080317259,0.012527873837432207,40,500,2.980611562728882,2.9991537322998045,0.004853189201831467,forced,32,naive,,forced_memory,2,0,0.0,8,prefix-all
0.34375,0.3062500059604645,0.2951875058412552,0.014078601476100319,40,500,1.844739317893982,1.9303337020874023,0.03097399127347748,forced,40,naive,,forced_memory,2,0,0.0,8,prefix-all
0.17499999701976776,0.11562500149011612,0.11368750159442424,0.01396549908660917,40,500,2.5457520484924316,2.604703326225281,0.018106417851710722,forced,41,naive,,forced_memory,2,0,0.0,8,prefix-all
0.22500000894069672,0.15625,0.17287500308454037,0.015576675229684499,40,500,2.1709489822387695,2.231964975833893,0.024134152438343385,forced,42,naive,,forced_memory,2,1,0.05,8,prefix-all
0.7125000357627869,0.6875,0.6711875116825103,0.012895161433925108,40,500,0.6319652199745178,0.6967374737262726,0.023108498196080872,forced,50,naive,,forced_memory,2,9,0.45,8,prefix-all
0.940625011920929,0.940625011920929,0.9105562624931336,0.010480224669844877,40,500,0.12469968944787979,0.17680724813044071,0.01867165432250304,forced,60,naive,,forced_memory,2,19,0.95,8,prefix-all
0.9281250238418579,0.90625,0.9030437607765198,0.008021774795898372,40,500,0.14539362490177155,0.1818145841360092,0.015460800476740503,forced,61,naive,,forced_memory,2,20,1.0,8,prefix-all
0.9281250238418579,0.90625,0.9030437607765198,0.008021774795898372,40,500,0.14539362490177155,0.1818145841360092,0.015460800476740503,forced,62,naive,,forced_memory,2,20,1.0,8,prefix-all
0.9281250238418579,0.90625,0.9030437607765198,0.008021774795898372,40,500,0.14539362490177155,0.1818145841360092,0.015460800476740503,forced,70,naive,,forced_memory,2,20,1.0,8,prefix-all
0.9281250238418579,0.90625,0.9030437607765198,0.008021774795898372,40,500,0.14539362490177155,0.1818145841360092,0.015460800476740503,forced,80,naive,,forced_memory,2,20,1.0,8,prefix-all
0.9281250238418579,0.90625,0.9030437607765198,0.008021774795898372,40,500,0.14539362490177155,0.1818145841360092,0.015460800476740503,forced,100,naive,,forced_memory,2,20,1.0,8,prefix-all
0.9281250238418579,0.90625,0.9030437607765198,0.008021774795898372,40,500,0.14539362490177155,0.1818145841360092,0.015460800476740503,forced,101,naive,,forced_memory,2,20,1.0,8,prefix-all
0.9281250238418579,0.90625,0.9030437607765198,0.008021774795898372,40,500,0.14539362490177155,0.1818145841360092,0.015460800476740503,forced,102,naive,,forced_memory,2,20,1.0,8,prefix-all
0.9281250238418579,0.90625,0.9030437607765198,0.008021774795898372,40,500,0.14539362490177155,0.1818145841360092,0.015460800476740503,forced,120,naive,,forced_memory,2,20,1.0,8,prefix-all
1.0,1.0,0.9971437537670136,0.0033169159100583084,40,500,0.0008789159473963082,0.01618310264358297,0.015362114795783517,forced,20,naive,0,forced_memory,2,20,1.0,8,source-pinned-noise-fifo
1.0,1.0,0.9968312531709671,0.0036036517483583642,40,500,0.0023769375402480364,0.017026568963192403,0.016291667018078517,forced,25,naive,5,forced_memory,2,20,1.0,8,source-pinned-noise-fifo
1.0,0.996874988079071,0.9968000041246414,0.0034565058469054255,40,500,0.0015409582993015647,0.017987467773491517,0.01543999233537551,forced,30,naive,10,forced_memory,2,20,1.0,8,source-pinned-noise-fifo
1.0,1.0,0.9965062546730041,0.0035356295751632415,40,500,0.002017408609390259,0.018499307302292437,0.015447011870123864,forced,40,naive,20,forced_memory,2,20,1.0,8,source-pinned-noise-fifo
1.0,1.0,0.996775004029274,0.003594387838440487,40,500,0.002035098848864436,0.01737935625948012,0.01575243216061383,forced,60,naive,40,forced_memory,2,20,1.0,8,source-pinned-noise-fifo
1.0,1.0,0.996775004029274,0.003594387838440487,40,500,0.002035098848864436,0.01737935625948012,0.01575243216061383,forced,80,naive,60,forced_memory,2,20,1.0,8,source-pinned-noise-fifo
1.0,1.0,0.996775004029274,0.003594387838440487,40,500,0.002035098848864436,0.01737935625948012,0.01575243216061383,forced,100,naive,80,forced_memory,2,20,1.0,8,source-pinned-noise-fifo
0.375,0.328125,0.30977500587701795,0.016016231879503285,80,500,1.56619131565094,1.6636437916755675,0.030337218243687392,forced,5,naive,,forced_memory,2,5,0.25,8,source-only
0.637499988079071,0.578125,0.5642125132083893,0.022041264146700733,80,500,0.8671123385429382,0.9647570599317551,0.032989120326837255,forced,10,naive,,forced_memory,2,10,0.5,8,source-only
0.824999988079071,0.778124988079071,0.7728937611579895,0.01363435931843005,80,500,0.4651666283607483,0.544444785296917,0.03198517788254387,forced,15,naive,,forced_memory,2,15,0.75,8,source-only
1.0,0.996874988079071,0.9973000024557114,0.003201407137929847,80,500,0.0015144499484449625,0.014806832512840628,0.01346561121271021,forced,20,naive,,forced_memory,2,20,1.0,8,source-only
1.0,0.996874988079071,0.9973000024557114,0.003201407137929847,80,500,0.0015144499484449625,0.014806832512840628,0.01346561121271021,forced,25,naive,,forced_memory,2,20,1.0,8,source-only
1.0,0.996874988079071,0.9973000024557114,0.003201407137929847,80,500,0.0015144499484449625,0.014806832512840628,0.01346561121271021,forced,30,naive,,forced_memory,2,20,1.0,8,source-only
0.10000000149011612,0.03750000149011612,0.049343750838190314,0.01148109023810008,80,500,2.979386568069458,2.998596228122711,0.003942182899813403,forced,10,naive,,forced_memory,2,0,0.0,8,prefix-all
0.09687500447034836,0.04062500223517418,0.05009375092387199,0.012032305394055302,80,500,2.978501319885254,2.9986328229904173,0.004069242758695264,forced,20,naive,,forced_memory,2,0,0.0,8,prefix-all
0.09375,0.03437500074505806,0.04996250094845891,0.011774184145843272,80,500,2.9789397716522217,2.998721809864044,0.00413134836547181,forced,30,naive,,forced_memory,2,0,0.0,8,prefix-all
0.09062500298023224,0.03125,0.04969375090673566,0.012116135761384575,80,500,2.979595184326172,2.998810007572174,0.00416417646985648,forced,31,naive,,forced_memory,2,0,0.0,8,prefix-all
0.09687500447034836,0.03437500074505806,0.0499250009059906,0.012192877265159057,80,500,2.979142427444458,2.998761287689209,0.004127733686356851,forced,32,naive,,forced_memory,2,0,0.0,8,prefix-all
0.09687500447034836,0.02812500111758709,0.04978125086426735,0.011983509433376298,80,500,2.9790117740631104,2.9986883597373963,0.0040556268759310765,forced,40,naive,,forced_memory,2,0,0.0,8,prefix-all
0.09062500298023224,0.03750000149011612,0.04969375076889992,0.012007645812442885,80,500,2.9784398078918457,2.998684965133667,0.004063932683618381,forced,41,naive,,forced_memory,2,0,0.0,8,prefix-all
0.09375,0.03437500074505806,0.0499312508367002,0.012056797609719715,80,500,2.9785373210906982,2.9986683106422425,0.00404378441043872,forced,42,naive,,forced_memory,2,0,0.0,8,prefix-all
0.09687500447034836,0.03750000149011612,0.0499687509201467,0.012206675846867604,80,500,2.978421211242676,2.998699573993683,0.004101219894746527,forced,50,naive,,forced_memory,2,0,0.0,8,prefix-all
0.09375,0.03437500074505806,0.04977500096708536,0.012261321498771061,80,500,2.978539228439331,2.9986375217437744,0.00401393005267149,forced,60,naive,,forced_memory,2,0,0.0,8,prefix-all
0.09375,0.03750000149011612,0.049743750799447296,0.012178392507772312,80,500,2.9782347679138184,2.998657597064972,0.004057674680548289,forced,61,naive,,forced_memory,2,0,0.0,8,prefix-all
0.09375,0.03437500074505806,0.050787500835955145,0.01266627554631366,80,500,2.9785666465759277,2.998640089511871,0.004032149672898275,forced,62,naive,,forced_memory,2,0,0.0,8,prefix-all
0.09375,0.03125,0.04995000090077519,0.012407369517012183,80,500,2.978031873703003,2.9986513080596926,0.0040302755761349295,forced,70,naive,,forced_memory,2,0,0.0,8,prefix-all
0.27812501788139343,0.2562499940395355,0.1772500029951334,0.0427882694019747,80,500,2.280977725982666,2.5926404256820677,0.15760584749135476,forced,80,naive,,forced_memory,2,0,0.0,8,prefix-all
0.9468750357627869,0.918749988079071,0.916850011229515,0.010744882477676318,80,500,0.12365535646677017,0.17248671866953372,0.019419409888681446,forced,100,naive,,forced_memory,2,19,0.95,8,prefix-all
1.0,0.9937500357627869,0.9948000067472458,0.005239476488685703,80,500,0.002353705931454897,0.02678122030897066,0.02525783685552436,forced,101,naive,,forced_memory,2,20,1.0,8,prefix-all
1.0,0.9937500357627869,0.9948000067472458,0.005239476488685703,80,500,0.002353705931454897,0.02678122030897066,0.02525783685552436,forced,102,naive,,forced_memory,2,20,1.0,8,prefix-all
1.0,0.9937500357627869,0.9948000067472458,0.005239476488685703,80,500,0.002353705931454897,0.02678122030897066,0.02525783685552436,forced,120,naive,,forced_memory,2,20,1.0,8,prefix-all
1.0,0.996874988079071,0.9973000024557114,0.003201407137929847,80,500,0.0015144499484449625,0.014806832512840628,0.01346561121271021,forced,20,naive,0,forced_memory,2,20,1.0,8,source-pinned-noise-fifo
1.0,0.9906250238418579,0.9955500071048736,0.00392833282180561,80,500,0.003354966640472412,0.022475239171646535,0.01637331906767698,forced,25,naive,5,forced_memory,2,20,1.0,8,source-pinned-noise-fifo
1.0,0.9906250238418579,0.995243756890297,0.005009276508394142,80,500,0.0031218561343848705,0.024585446128156035,0.02071931508064494,forced,30,naive,10,forced_memory,2,20,1.0,8,source-pinned-noise-fifo
1.0,0.981249988079071,0.9967000043392181,0.0033553497750341537,80,500,0.0016364787006750703,0.016862571999197825,0.013352629077917613,forced,40,naive,20,forced_memory,2,20,1.0,8,source-pinned-noise-fifo
1.0,0.996874988079071,0.9953250088691712,0.004305221322679643,80,500,0.002350413706153631,0.023244855977594854,0.01856945714092081,forced,60,naive,40,forced_memory,2,20,1.0,8,source-pinned-noise-fifo
1.0,0.984375,0.9936687608957291,0.005252712206933304,80,500,0.004840642213821411,0.03002749252784997,0.0200712387058135,forced,80,naive,60,forced_memory,2,20,1.0,8,source-pinned-noise-fifo
1.0,0.996874988079071,0.9950187574625016,0.004598271765921293,80,500,0.003810675349086523,0.025677905834279955,0.019111237530778907,forced,100,naive,80,forced_memory,2,20,1.0,8,source-pinned-noise-fifo
0.4000000059604645,0.30937501788139343,0.34006250607967375,0.019873525772137503,10,500,1.4338876008987427,1.5770509815216065,0.037830719094166236,forced,5,naive,,forced_memory,3,5,0.25,8,source-only
0.6312500238418579,0.574999988079071,0.5708687629699707,0.017578595013357165,10,500,0.8490179181098938,0.9387685750722885,0.03219962043497432,forced,10,naive,,forced_memory,3,10,0.5,8,source-only
0.796875,0.7562500238418579,0.7711687618494034,0.00917650549575504,10,500,0.5128973126411438,0.5719073984622955,0.019673892945976136,forced,15,naive,,forced_memory,3,15,0.75,8,source-only
1.0,1.0,0.9948250077962876,0.004619989964963911,10,500,0.003311763284727931,0.027157069597858935,0.019573406426736637,forced,20,naive,,forced_memory,3,20,1.0,8,source-only
1.0,1.0,0.9948250077962876,0.004619989964963911,10,500,0.003311763284727931,0.027157069597858935,0.019573406426736637,forced,25,naive,,forced_memory,3,20,1.0,8,source-only
1.0,1.0,0.9948250077962876,0.004619989964963911,10,500,0.003311763284727931,0.027157069597858935,0.019573406426736637,forced,30,naive,,forced_memory,3,20,1.0,8,source-only
0.16875000298023224,0.11874999850988388,0.11443125176429748,0.014032634020113335,10,500,2.5593223571777344,2.6115911021232603,0.01844067902632462,forced,10,naive,,forced_memory,3,0,0.0,8,prefix-all
0.7125000357627869,0.659375011920929,0.6701812616586685,0.013400471344084142,10,500,0.6380025744438171,0.7065593676567078,0.023867209656049777,forced,20,naive,,forced_memory,3,9,0.45,8,prefix-all
0.934374988079071,0.903124988079071,0.9026812629699708,0.008145307383580394,10,500,0.13855592906475067,0.18043410250544548,0.014735995669509153,forced,30,naive,,forced_memory,3,19,0.95,8,prefix-all
0.925000011920929,0.909375011920929,0.9031312617063523,0.007509105061779815,10,500,0.16724924743175507,0.2057943473160267,0.018550763722610587,forced,31,naive,,forced_memory,3,20,1.0,8,prefix-all
0.925000011920929,0.909375011920929,0.9031312617063523,0.007509105061779815,10,500,0.16724924743175507,0.2057943473160267,0.018550763722610587,forced,32,naive,,forced_memory,3,20,1.0,8,prefix-all
0.925000011920929,0.909375011920929,0.9031312617063523,0.007509105061779815,10,500,0.16724924743175507,0.2057943473160267,0.018550763722610587,forced,40,naive,,forced_memory,3,20,1.0,8,prefix-all
0.925000011920929,0.909375011920929,0.9031312617063523,0.007509105061779815,10,500,0.16724924743175507,0.2057943473160267,0.018550763722610587,forced,41,naive,,forced_memory,3,20,1.0,8,prefix-all
0.925000011920929,0.909375011920929,0.9031312617063523,0.007509105061779815,10,500,0.16724924743175507,0.2057943473160267,0.018550763722610587,forced,42,naive,,forced_memory,3,20,1.0,8,prefix-all
0.925000011920929,0.909375011920929,0.9031312617063523,0.007509105061779815,10,500,0.16724924743175507,0.2057943473160267,0.018550763722610587,forced,50,naive,,forced_memory,3,20,1.0,8,prefix-all
0.925000011920929,0.909375011920929,0.9031312617063523,0.007509105061779815,10,500,0.16724924743175507,0.2057943473160267,0.018550763722610587,forced,60,naive,,forced_memory,3,20,1.0,8,prefix-all
0.925000011920929,0.909375011920929,0.9031312617063523,0.007509105061779815,10,500,0.16724924743175507,0.2057943473160267,0.018550763722610587,forced,61,naive,,forced_memory,3,20,1.0,8,prefix-all
0.925000011920929,0.909375011920929,0.9031312617063523,0.007509105061779815,10,500,0.16724924743175507,0.2057943473160267,0.018550763722610587,forced,62,naive,,forced_memory,3,20,1.0,8,prefix-all
0.925000011920929,0.909375011920929,0.9031312617063523,0.007509105061779815,10,500,0.16724924743175507,0.2057943473160267,0.018550763722610587,forced,70,naive,,forced_memory,3,20,1.0,8,prefix-all
0.925000011920929,0.909375011920929,0.9031312617063523,0.007509105061779815,10,500,0.16724924743175507,0.2057943473160267,0.018550763722610587,forced,80,naive,,forced_memory,3,20,1.0,8,prefix-all
0.925000011920929,0.909375011920929,0.9031312617063523,0.007509105061779815,10,500,0.16724924743175507,0.2057943473160267,0.018550763722610587,forced,100,naive,,forced_memory,3,20,1.0,8,prefix-all
0.925000011920929,0.909375011920929,0.9031312617063523,0.007509105061779815,10,500,0.16724924743175507,0.2057943473160267,0.018550763722610587,forced,101,naive,,forced_memory,3,20,1.0,8,prefix-all
0.925000011920929,0.909375011920929,0.9031312617063523,0.007509105061779815,10,500,0.16724924743175507,0.2057943473160267,0.018550763722610587,forced,102,naive,,forced_memory,3,20,1.0,8,prefix-all
0.925000011920929,0.909375011920929,0.9031312617063523,0.007509105061779815,10,500,0.16724924743175507,0.2057943473160267,0.018550763722610587,forced,120,naive,,forced_memory,3,20,1.0,8,prefix-all
1.0,1.0,0.9948250077962876,0.004619989964963911,10,500,0.003311763284727931,0.027157069597858935,0.019573406426736637,forced,20,naive,0,forced_memory,3,20,1.0,8,source-pinned-noise-fifo
1.0,1.0,0.997093752861023,0.0032672234233093295,10,500,0.0024026264436542988,0.015777626264374702,0.013920328762814627,forced,25,naive,5,forced_memory,3,20,1.0,8,source-pinned-noise-fifo
1.0,0.9937500357627869,0.9955250064134598,0.004109546080286005,10,500,0.002186910016462207,0.023199948532041163,0.01705501820841775,forced,30,naive,10,forced_memory,3,20,1.0,8,source-pinned-noise-fifo
1.0,0.9937500357627869,0.9955250064134598,0.004109546080286005,10,500,0.002186910016462207,0.023199948532041163,0.01705501820841775,forced,40,naive,20,forced_memory,3,20,1.0,8,source-pinned-noise-fifo
1.0,0.9937500357627869,0.9955250064134598,0.004109546080286005,10,500,0.002186910016462207,0.023199948532041163,0.01705501820841775,forced,60,naive,40,forced_memory,3,20,1.0,8,source-pinned-noise-fifo
1.0,0.9937500357627869,0.9955250064134598,0.004109546080286005,10,500,0.002186910016462207,0.023199948532041163,0.01705501820841775,forced,80,naive,60,forced_memory,3,20,1.0,8,source-pinned-noise-fifo
1.0,0.9937500357627869,0.9955250064134598,0.004109546080286005,10,500,0.002186910016462207,0.023199948532041163,0.01705501820841775,forced,100,naive,80,forced_memory,3,20,1.0,8,source-pinned-noise-fifo
0.40312501788139343,0.36250001192092896,0.3042937561273575,0.01905330822449108,20,500,1.4909327030181885,1.5866635525226593,0.03389596681105682,forced,5,naive,,forced_memory,3,5,0.25,8,source-only
0.637499988079071,0.621874988079071,0.5949125127792358,0.014654090547314987,20,500,0.8611207008361816,0.9415125271081924,0.02884197699569558,forced,10,naive,,forced_memory,3,10,0.5,8,source-only
0.800000011920929,0.7718750238418579,0.7653625130653381,0.009998506717780995,20,500,0.4776232838630676,0.5504113388061523,0.022642439656772977,forced,15,naive,,forced_memory,3,15,0.75,8,source-only
1.0,1.0,0.9964375048875809,0.0037609119421952732,20,500,0.0022483232896775007,0.018563367989379912,0.0165662395262342,forced,20,naive,,forced_memory,3,20,1.0,8,source-only
1.0,1.0,0.9964375048875809,0.0037609119421952732,20,500,0.0022483232896775007,0.018563367989379912,0.0165662395262342,forced,25,naive,,forced_memory,3,20,1.0,8,source-only
1.0,1.0,0.9964375048875809,0.0037609119421952732,20,500,0.0022483232896775007,0.018563367989379912,0.0165662395262342,forced,30,naive,,forced_memory,3,20,1.0,8,source-only
0.09062500298023224,0.03437500074505806,0.049925000857561824,0.011702457211425682,20,500,2.968966245651245,2.998212562561035,0.003785516794775245,forced,10,naive,,forced_memory,3,0,0.0,8,prefix-all
0.17812500894069672,0.109375,0.1144875016361475,0.013225620417178082,20,500,2.552917242050171,2.618354892730713,0.018628465166848306,forced,20,naive,,forced_memory,3,0,0.0,8,prefix-all
0.796875,0.765625,0.7657875120639801,0.009994771584085866,20,500,0.5015352368354797,0.5671533826589584,0.02228261290106829,forced,30,naive,,forced_memory,3,9,0.45,8,prefix-all
0.84375,0.815625011920929,0.8097062624692917,0.009897306670226376,20,500,0.39268726110458374,0.46135732102394106,0.024196902468990478,forced,31,naive,,forced_memory,3,10,0.5,8,prefix-all
0.840624988079071,0.815625011920929,0.8063250123262405,0.010480369921844458,20,500,0.35908108949661255,0.4243650158047676,0.02315184427782331,forced,32,naive,,forced_memory,3,11,0.55,8,prefix-all
0.887499988079071,0.862500011920929,0.8550750117301941,0.00985967259976478,20,500,0.21584013104438782,0.2722221735417843,0.01932647215637222,forced,40,naive,,forced_memory,3,19,0.95,8,prefix-all
0.965624988079071,0.949999988079071,0.9496875107288361,0.005664786443839888,20,500,0.07034947723150253,0.10438674065470696,0.0141838796380798,forced,41,naive,,forced_memory,3,20,1.0,8,prefix-all
0.965624988079071,0.949999988079071,0.9496875107288361,0.005664786443839888,20,500,0.07034947723150253,0.10438674065470696,0.0141838796380798,forced,42,naive,,forced_memory,3,20,1.0,8,prefix-all
0.965624988079071,0.949999988079071,0.9496875107288361,0.005664786443839888,20,500,0.07034947723150253,0.10438674065470696,0.0141838796380798,forced,50,naive,,forced_memory,3,20,1.0,8,prefix-all
0.965624988079071,0.949999988079071,0.9496875107288361,0.005664786443839888,20,500,0.07034947723150253,0.10438674065470696,0.0141838796380798,forced,60,naive,,forced_memory,3,20,1.0,8,prefix-all
0.965624988079071,0.949999988079071,0.9496875107288361,0.005664786443839888,20,500,0.07034947723150253,0.10438674065470696,0.0141838796380798,forced,61,naive,,forced_memory,3,20,1.0,8,prefix-all
0.965624988079071,0.949999988079071,0.9496875107288361,0.005664786443839888,20,500,0.07034947723150253,0.10438674065470696,0.0141838796380798,forced,62,naive,,forced_memory,3,20,1.0,8,prefix-all
0.965624988079071,0.949999988079071,0.9496875107288361,0.005664786443839888,20,500,0.07034947723150253,0.10438674065470696,0.0141838796380798,forced,70,naive,,forced_memory,3,20,1.0,8,prefix-all
0.965624988079071,0.949999988079071,0.9496875107288361,0.005664786443839888,20,500,0.07034947723150253,0.10438674065470696,0.0141838796380798,forced,80,naive,,forced_memory,3,20,1.0,8,prefix-all
0.965624988079071,0.949999988079071,0.9496875107288361,0.005664786443839888,20,500,0.07034947723150253,0.10438674065470696,0.0141838796380798,forced,100,naive,,forced_memory,3,20,1.0,8,prefix-all
0.965624988079071,0.949999988079071,0.9496875107288361,0.005664786443839888,20,500,0.07034947723150253,0.10438674065470696,0.0141838796380798,forced,101,naive,,forced_memory,3,20,1.0,8,prefix-all
0.965624988079071,0.949999988079071,0.9496875107288361,0.005664786443839888,20,500,0.07034947723150253,0.10438674065470696,0.0141838796380798,forced,102,naive,,forced_memory,3,20,1.0,8,prefix-all
0.965624988079071,0.949999988079071,0.9496875107288361,0.005664786443839888,20,500,0.07034947723150253,0.10438674065470696,0.0141838796380798,forced,120,naive,,forced_memory,3,20,1.0,8,prefix-all
1.0,1.0,0.9964375048875809,0.0037609119421952732,20,500,0.0022483232896775007,0.018563367989379912,0.0165662395262342,forced,20,naive,0,forced_memory,3,20,1.0,8,source-pinned-noise-fifo
1.0,1.0,0.9959437547922134,0.003929541574808764,20,500,0.0026981947012245655,0.021873561673332004,0.017236607476034674,forced,25,naive,5,forced_memory,3,20,1.0,8,source-pinned-noise-fifo
1.0,0.996874988079071,0.9959062559604644,0.004091116052443374,20,500,0.0028968830592930317,0.022618348934687674,0.017778045148056164,forced,30,naive,10,forced_memory,3,20,1.0,8,source-pinned-noise-fifo
1.0,1.0,0.9945750106573105,0.004457148473312961,20,500,0.004151633940637112,0.02706069342326373,0.018756750827683424,forced,40,naive,20,forced_memory,3,20,1.0,8,source-pinned-noise-fifo
1.0,1.0,0.9945750106573105,0.004457148473312961,20,500,0.004151633940637112,0.02706069342326373,0.018756750827683424,forced,60,naive,40,forced_memory,3,20,1.0,8,source-pinned-noise-fifo
1.0,1.0,0.9945750106573105,0.004457148473312961,20,500,0.004151633940637112,0.02706069342326373,0.018756750827683424,forced,80,naive,60,forced_memory,3,20,1.0,8,source-pinned-noise-fifo
1.0,1.0,0.9945750106573105,0.004457148473312961,20,500,0.004151633940637112,0.02706069342326373,0.018756750827683424,forced,100,naive,80,forced_memory,3,20,1.0,8,source-pinned-noise-fifo
0.39375001192092896,0.296875,0.32535625565052034,0.017309511208271476,40,500,1.502617597579956,1.6023332269191741,0.029877689585584035,forced,5,naive,,forced_memory,3,5,0.25,8,source-only
0.59375,0.518750011920929,0.5482312625646591,0.016084992472552476,40,500,0.8590162992477417,0.9368613086938858,0.025217834272960916,forced,10,naive,,forced_memory,3,10,0.5,8,source-only
0.828125,0.800000011920929,0.7855062614679337,0.013487174178404412,40,500,0.43760839104652405,0.5194600988030433,0.03009263414845495,forced,15,naive,,forced_memory,3,15,0.75,8,source-only
1.0,0.9906250238418579,0.9960187554359436,0.003743375325643409,40,500,0.002937525976449251,0.02154912073072046,0.015882750105237438,forced,20,naive,,forced_memory,3,20,1.0,8,source-only
1.0,0.9906250238418579,0.9960187554359436,0.003743375325643409,40,500,0.002937525976449251,0.02154912073072046,0.015882750105237438,forced,25,naive,,forced_memory,3,20,1.0,8,source-only
1.0,0.9906250238418579,0.9960187554359436,0.003743375325643409,40,500,0.002937525976449251,0.02154912073072046,0.015882750105237438,forced,30,naive,,forced_memory,3,20,1.0,8,source-only
0.09687500447034836,0.046875,0.049381250951439144,0.011918832200531849,40,500,2.978951930999756,2.9980225973129273,0.0038193671727437604,forced,10,naive,,forced_memory,3,0,0.0,8,prefix-all
0.09375,0.05312500149011612,0.04996250081434846,0.011537919944756572,40,500,2.981194019317627,2.998542481422424,0.004224934689882943,forced,20,naive,,forced_memory,3,0,0.0,8,prefix-all
0.09687500447034836,0.05937499925494194,0.049856250904500486,0.011945467053573588,40,500,2.9802052974700928,2.998795138835907,0.0044914651022741415,forced,30,naive,,forced_memory,3,0,0.0,8,prefix-all
0.09375,0.05625000223517418,0.049893750846385955,0.01181929548658812,40,500,2.9799208641052246,2.998817011356354,0.004459554357158404,forced,31,naive,,forced_memory,3,0,0.0,8,prefix-all
0.09375,0.05312500149011612,0.0499000008367002,0.011790396218724245,40,500,2.9801764488220215,2.9987669601440428,0.004469135272001838,forced,32,naive,,forced_memory,3,0,0.0,8,prefix-all
0.16562500596046448,0.13125000894069672,0.11534375147521496,0.013876513443806375,40,500,2.5600361824035645,2.6349168424606324,0.02169367899031488,forced,40,naive,,forced_memory,3,0,0.0,8,prefix-all
0.16562500596046448,0.11250000447034836,0.11313750138878823,0.013421642230622538,40,500,2.56081485748291,2.608963969230652,0.017627336356932297,forced,41,naive,,forced_memory,3,0,0.0,8,prefix-all
0.265625,0.20624999701976776,0.21263125279545783,0.01594921006215598,40,500,1.996683120727539,2.072904632806778,0.03608406998276363,forced,42,naive,,forced_memory,3,1,0.05,8,prefix-all
0.8031250238418579,0.7718750238418579,0.7650125119686126,0.0103915455877726,40,500,0.493887722492218,0.5641093995571137,0.02352440548553846,forced,50,naive,,forced_memory,3,9,0.45,8,prefix-all
0.96875,0.9437500238418579,0.9426500109434128,0.019100906747065553,40,500,0.07296080887317657,0.11992529837787151,0.039241350925720744,forced,60,naive,,forced_memory,3,19,0.95,8,prefix-all
1.0,0.996874988079071,0.9961562547683716,0.003725300601261037,40,500,0.0033973921090364456,0.019347791730891913,0.013427825801088101,forced,61,naive,,forced_memory,3,20,1.0,8,prefix-all
1.0,0.996874988079071,0.9961562547683716,0.003725300601261037,40,500,0.0033973921090364456,0.019347791730891913,0.013427825801088101,forced,62,naive,,forced_memory,3,20,1.0,8,prefix-all
1.0,0.996874988079071,0.9961562547683716,0.003725300601261037,40,500,0.0033973921090364456,0.019347791730891913,0.013427825801088101,forced,70,naive,,forced_memory,3,20,1.0,8,prefix-all
1.0,0.996874988079071,0.9961562547683716,0.003725300601261037,40,500,0.0033973921090364456,0.019347791730891913,0.013427825801088101,forced,80,naive,,forced_memory,3,20,1.0,8,prefix-all
1.0,0.996874988079071,0.9961562547683716,0.003725300601261037,40,500,0.0033973921090364456,0.019347791730891913,0.013427825801088101,forced,100,naive,,forced_memory,3,20,1.0,8,prefix-all
1.0,0.996874988079071,0.9961562547683716,0.003725300601261037,40,500,0.0033973921090364456,0.019347791730891913,0.013427825801088101,forced,101,naive,,forced_memory,3,20,1.0,8,prefix-all
1.0,0.996874988079071,0.9961562547683716,0.003725300601261037,40,500,0.0033973921090364456,0.019347791730891913,0.013427825801088101,forced,102,naive,,forced_memory,3,20,1.0,8,prefix-all
1.0,0.996874988079071,0.9961562547683716,0.003725300601261037,40,500,0.0033973921090364456,0.019347791730891913,0.013427825801088101,forced,120,naive,,forced_memory,3,20,1.0,8,prefix-all
1.0,0.9906250238418579,0.9960187554359436,0.003743375325643409,40,500,0.002937525976449251,0.02154912073072046,0.015882750105237438,forced,20,naive,0,forced_memory,3,20,1.0,8,source-pinned-noise-fifo
1.0,0.996874988079071,0.9968500040769577,0.003295252171566575,40,500,0.002282484667375684,0.01797411445947364,0.014434968395174778,forced,25,naive,5,forced_memory,3,20,1.0,8,source-pinned-noise-fifo
1.0,0.996874988079071,0.9962937554121017,0.0036914666341097023,40,500,0.002454540226608515,0.02045024461345747,0.016023169822084155,forced,30,naive,10,forced_memory,3,20,1.0,8,source-pinned-noise-fifo
1.0,0.996874988079071,0.994768757224083,0.004528250692931842,40,500,0.0028684348799288273,0.02763424735190347,0.019639419621854465,forced,40,naive,20,forced_memory,3,20,1.0,8,source-pinned-noise-fifo
1.0,0.9937500357627869,0.9955937559604645,0.004067175978335257,40,500,0.00396308396011591,0.024051284534856675,0.01777732856477648,forced,60,naive,40,forced_memory,3,20,1.0,8,source-pinned-noise-fifo
1.0,0.9937500357627869,0.9955937559604645,0.004067175978335257,40,500,0.00396308396011591,0.024051284534856675,0.01777732856477648,forced,80,naive,60,forced_memory,3,20,1.0,8,source-pinned-noise-fifo
1.0,0.9937500357627869,0.9955937559604645,0.004067175978335257,40,500,0.00396308396011591,0.024051284534856675,0.01777732856477648,forced,100,naive,80,forced_memory,3,20,1.0,8,source-pinned-noise-fifo
0.40937501192092896,0.3218750059604645,0.3345437563061714,0.018839133300220468,80,500,1.4448137283325195,1.5498931756019592,0.03533574299826798,forced,5,naive,,forced_memory,3,5,0.25,8,source-only
0.609375,0.578125,0.5577750124931335,0.017198819131369426,80,500,0.8596059679985046,0.9494700750112534,0.03397078125182914,forced,10,naive,,forced_memory,3,10,0.5,8,source-only
0.8375000357627869,0.800000011920929,0.7932687623500824,0.012818703458039619,80,500,0.4424820840358734,0.5139640423059464,0.02974040582810021,forced,15,naive,,forced_memory,3,15,0.75,8,source-only
1.0,1.0,0.9969250034093857,0.0037130180448943814,80,500,0.00262269820086658,0.01688940872484818,0.015723201765582867,forced,20,naive,,forced_memory,3,20,1.0,8,source-only
1.0,1.0,0.9969250034093857,0.0037130180448943814,80,500,0.00262269820086658,0.01688940872484818,0.015723201765582867,forced,25,naive,,forced_memory,3,20,1.0,8,source-only
1.0,1.0,0.9969250034093857,0.0037130180448943814,80,500,0.00262269820086658,0.01688940872484818,0.015723201765582867,forced,30,naive,,forced_memory,3,20,1.0,8,source-only
0.09687500447034836,0.05625000223517418,0.050306250892579556,0.01162415847933597,80,500,2.978656768798828,2.9979779062271117,0.004039799846812373,forced,10,naive,,forced_memory,3,0,0.0,8,prefix-all
0.09375,0.03750000149011612,0.05018125092610717,0.01171047060070639,80,500,2.9808108806610107,2.998023923397064,0.004043859887631025,forced,20,naive,,forced_memory,3,0,0.0,8,prefix-all
0.09375,0.05937499925494194,0.05065000091120601,0.011436277437143432,80,500,2.9787557125091553,2.998179488182068,0.004194449788819547,forced,30,naive,,forced_memory,3,0,0.0,8,prefix-all
0.09375,0.05000000074505806,0.050393750842660665,0.011650058855795568,80,500,2.978198289871216,2.9981463470458984,0.004192328810228401,forced,31,naive,,forced_memory,3,0,0.0,8,prefix-all
0.09062500298023224,0.0625,0.05058750088140369,0.011812605883610935,80,500,2.978214979171753,2.9981185646057127,0.0042056054491893535,forced,32,naive,,forced_memory,3,0,0.0,8,prefix-all
0.09062500298023224,0.04062500223517418,0.05026250092498958,0.012129245559082376,80,500,2.97859787940979,2.9981771993637083,0.004188332553389519,forced,40,naive,,forced_memory,3,0,0.0,8,prefix-all
0.09375,0.05312500149011612,0.05013750095665455,0.011685187209167088,80,500,2.9792137145996094,2.9981528697013853,0.0041708297852051926,forced,41,naive,,forced_memory,3,0,0.0,8,prefix-all
0.09062500298023224,0.04374999925494194,0.05056875099614262,0.012046814867000223,80,500,2.9787611961364746,2.998140225410461,0.004166366821176631,forced,42,naive,,forced_memory,3,0,0.0,8,prefix-all
0.09062500298023224,0.04374999925494194,0.05027500101551414,0.011669377896660385,80,500,2.979287624359131,2.9981679854393004,0.004201251388437526,forced,50,naive,,forced_memory,3,0,0.0,8,prefix-all
0.09062500298023224,0.04062500223517418,0.05032500091940165,0.011816130633653525,80,500,2.9781155586242676,2.998197411060333,0.0042223452104849435,forced,60,naive,,forced_memory,3,0,0.0,8,prefix-all
0.09062500298023224,0.04374999925494194,0.049856250975281,0.011204719899157571,80,500,2.978452682495117,2.9981522216796876,0.004188793607166453,forced,61,naive,,forced_memory,3,0,0.0,8,prefix-all
0.09062500298023224,0.03437500074505806,0.05040000092983246,0.011635586866191419,80,500,2.977947235107422,2.998160681247711,0.004234396682715805,forced,62,naive,,forced_memory,3,0,0.0,8,prefix-all
0.08749999850988388,0.04062500223517418,0.05028750090301037,0.011350048337696815,80,500,2.978635787963867,2.998178764820099,0.004225394708951964,forced,70,naive,,forced_memory,3,0,0.0,8,prefix-all
0.10625000298023224,0.05312500149011612,0.056606251034885646,0.013758876713829278,80,500,2.9707908630371094,2.9951599678993226,0.006145134450123471,forced,80,naive,,forced_memory,3,0,0.0,8,prefix-all
0.925000011920929,0.9000000357627869,0.9031437618732452,0.008181272061010271,80,500,0.1478702276945114,0.18552763509750367,0.016359685061703905,forced,100,naive,,forced_memory,3,19,0.95,8,prefix-all
1.0,1.0,0.9957625074386597,0.004166055438203277,80,500,0.002473808592185378,0.0220774251925759,0.017469091138526235,forced,101,naive,,forced_memory,3,20,1.0,8,prefix-all
1.0,1.0,0.9957625074386597,0.004166055438203277,80,500,0.002473808592185378,0.0220774251925759,0.017469091138526235,forced,102,naive,,forced_memory,3,20,1.0,8,prefix-all
1.0,1.0,0.9957625074386597,0.004166055438203277,80,500,0.002473808592185378,0.0220774251925759,0.017469091138526235,forced,120,naive,,forced_memory,3,20,1.0,8,prefix-all
1.0,1.0,0.9969250034093857,0.0037130180448943814,80,500,0.00262269820086658,0.01688940872484818,0.015723201765582867,forced,20,naive,0,forced_memory,3,20,1.0,8,source-pinned-noise-fifo
1.0,1.0,0.9959875049591065,0.004068909109502686,80,500,0.002677733777090907,0.021327364979311824,0.015936269403781747,forced,25,naive,5,forced_memory,3,20,1.0,8,source-pinned-noise-fifo
1.0,0.987500011920929,0.9951875078678131,0.004580435758869685,80,500,0.0030483915470540524,0.025636947526130827,0.01953237527668621,forced,30,naive,10,forced_memory,3,20,1.0,8,source-pinned-noise-fifo
1.0,1.0,0.9959312565326691,0.0036694321400812776,80,500,0.0032983242999762297,0.021529662535525858,0.01589976447933715,forced,40,naive,20,forced_memory,3,20,1.0,8,source-pinned-noise-fifo
1.0,0.9937500357627869,0.9951187576055527,0.004439423696458076,80,500,0.003119493369013071,0.024745526912622155,0.01792874488298681,forced,60,naive,40,forced_memory,3,20,1.0,8,source-pinned-noise-fifo
1.0,0.996874988079071,0.9919937618970871,0.005654568444041047,80,500,0.0061734868213534355,0.036526608199812474,0.021477234358678935,forced,80,naive,60,forced_memory,3,20,1.0,8,source-pinned-noise-fifo
1.0,0.9937500357627869,0.9945312596559525,0.004684887058482545,80,500,0.003587331622838974,0.02678199519775808,0.018175405403488106,forced,100,naive,80,forced_memory,3,20,1.0,8,source-pinned-noise-fifo
0.375,0.32500001788139343,0.30831250631809237,0.015838664440184183,10,500,1.5550979375839233,1.6590400285720825,0.030274018412935998,forced,5,naive,,forced_memory,4,5,0.25,8,source-only
0.6187500357627869,0.5687500238418579,0.558312512755394,0.018275346615081407,10,500,0.8638356328010559,0.9593719424009323,0.031782407808531865,forced,10,naive,,forced_memory,4,10,0.5,8,source-only
0.8062500357627869,0.78125,0.7641750117540359,0.011205075044369489,10,500,0.4593539237976074,0.5166458066701889,0.020339051404568226,forced,15,naive,,forced_memory,4,15,0.75,8,source-only
1.0,0.996874988079071,0.996437504529953,0.0036287608780120424,10,500,0.0022469505202025175,0.018634179489221425,0.01568409516764934,forced,20,naive,,forced_memory,4,20,1.0,8,source-only
1.0,0.996874988079071,0.996437504529953,0.0036287608780120424,10,500,0.0022469505202025175,0.018634179489221425,0.01568409516764934,forced,25,naive,,forced_memory,4,20,1.0,8,source-only
1.0,0.996874988079071,0.996437504529953,0.0036287608780120424,10,500,0.0022469505202025175,0.018634179489221425,0.01568409516764934,forced,30,naive,,forced_memory,4,20,1.0,8,source-only
0.3531250059604645,0.28437501192092896,0.29283750653266905,0.015419503786747436,10,500,1.7427870035171509,1.8024014999866487,0.02221197507048117,forced,10,naive,,forced_memory,4,0,0.0,8,prefix-all
0.7093750238418579,0.653124988079071,0.6704500111341476,0.012334871275376478,10,500,0.6628745794296265,0.7294249029159546,0.02502412454735987,forced,20,naive,,forced_memory,4,9,0.45,8,prefix-all
0.984375,0.984375,0.962675010561943,0.008599636422642432,10,500,0.0529756173491478,0.0936171797811985,0.018393173578710977,forced,30,naive,,forced_memory,4,19,0.95,8,prefix-all
1.0,1.0,0.9937187598943711,0.005094701890881745,10,500,0.0028282366693019867,0.03178548338264227,0.02147828153601071,forced,31,naive,,forced_memory,4,20,1.0,8,prefix-all
1.0,1.0,0.9937187598943711,0.005094701890881745,10,500,0.0028282366693019867,0.03178548338264227,0.02147828153601071,forced,32,naive,,forced_memory,4,20,1.0,8,prefix-all
1.0,1.0,0.9937187598943711,0.005094701890881745,10,500,0.0028282366693019867,0.03178548338264227,0.02147828153601071,forced,40,naive,,forced_memory,4,20,1.0,8,prefix-all
1.0,1.0,0.9937187598943711,0.005094701890881745,10,500,0.0028282366693019867,0.03178548338264227,0.02147828153601071,forced,41,naive,,forced_memory,4,20,1.0,8,prefix-all
1.0,1.0,0.9937187598943711,0.005094701890881745,10,500,0.0028282366693019867,0.03178548338264227,0.02147828153601071,forced,42,naive,,forced_memory,4,20,1.0,8,prefix-all
1.0,1.0,0.9937187598943711,0.005094701890881745,10,500,0.0028282366693019867,0.03178548338264227,0.02147828153601071,forced,50,naive,,forced_memory,4,20,1.0,8,prefix-all
1.0,1.0,0.9937187598943711,0.005094701890881745,10,500,0.0028282366693019867,0.03178548338264227,0.02147828153601071,forced,60,naive,,forced_memory,4,20,1.0,8,prefix-all
1.0,1.0,0.9937187598943711,0.005094701890881745,10,500,0.0028282366693019867,0.03178548338264227,0.02147828153601071,forced,61,naive,,forced_memory,4,20,1.0,8,prefix-all
1.0,1.0,0.9937187598943711,0.005094701890881745,10,500,0.0028282366693019867,0.03178548338264227,0.02147828153601071,forced,62,naive,,forced_memory,4,20,1.0,8,prefix-all
1.0,1.0,0.9937187598943711,0.005094701890881745,10,500,0.0028282366693019867,0.03178548338264227,0.02147828153601071,forced,70,naive,,forced_memory,4,20,1.0,8,prefix-all
1.0,1.0,0.9937187598943711,0.005094701890881745,10,500,0.0028282366693019867,0.03178548338264227,0.02147828153601071,forced,80,naive,,forced_memory,4,20,1.0,8,prefix-all
1.0,1.0,0.9937187598943711,0.005094701890881745,10,500,0.0028282366693019867,0.03178548338264227,0.02147828153601071,forced,100,naive,,forced_memory,4,20,1.0,8,prefix-all
1.0,1.0,0.9937187598943711,0.005094701890881745,10,500,0.0028282366693019867,0.03178548338264227,0.02147828153601071,forced,101,naive,,forced_memory,4,20,1.0,8,prefix-all
1.0,1.0,0.9937187598943711,0.005094701890881745,10,500,0.0028282366693019867,0.03178548338264227,0.02147828153601071,forced,102,naive,,forced_memory,4,20,1.0,8,prefix-all
1.0,1.0,0.9937187598943711,0.005094701890881745,10,500,0.0028282366693019867,0.03178548338264227,0.02147828153601071,forced,120,naive,,forced_memory,4,20,1.0,8,prefix-all
1.0,0.996874988079071,0.996437504529953,0.0036287608780120424,10,500,0.0022469505202025175,0.018634179489221425,0.01568409516764934,forced,20,naive,0,forced_memory,4,20,1.0,8,source-pinned-noise-fifo
1.0,0.987500011920929,0.9933687610626221,0.005390158726890324,10,500,0.00472615472972393,0.03259263827651739,0.0220509370177496,forced,25,naive,5,forced_memory,4,20,1.0,8,source-pinned-noise-fifo
1.0,0.9937500357627869,0.9949250074625016,0.004616776275047518,10,500,0.0035864748060703278,0.02511363368900493,0.02024106607239306,forced,30,naive,10,forced_memory,4,20,1.0,8,source-pinned-noise-fifo
1.0,0.9937500357627869,0.9949250074625016,0.004616776275047518,10,500,0.0035864748060703278,0.02511363368900493,0.02024106607239306,forced,40,naive,20,forced_memory,4,20,1.0,8,source-pinned-noise-fifo
1.0,0.9937500357627869,0.9949250074625016,0.004616776275047518,10,500,0.0035864748060703278,0.02511363368900493,0.02024106607239306,forced,60,naive,40,forced_memory,4,20,1.0,8,source-pinned-noise-fifo
1.0,0.9937500357627869,0.9949250074625016,0.004616776275047518,10,500,0.0035864748060703278,0.02511363368900493,0.02024106607239306,forced,80,naive,60,forced_memory,4,20,1.0,8,source-pinned-noise-fifo
1.0,0.9937500357627869,0.9949250074625016,0.004616776275047518,10,500,0.0035864748060703278,0.02511363368900493,0.02024106607239306,forced,100,naive,80,forced_memory,4,20,1.0,8,source-pinned-noise-fifo
0.3656249940395355,0.3375000059604645,0.3104187553524971,0.01762523286409234,20,500,1.5333491563796997,1.6223770387172698,0.030218640434646084,forced,5,naive,,forced_memory,4,5,0.25,8,source-only
0.6312500238418579,0.596875011920929,0.5686125119924546,0.01772788631291708,20,500,0.8614876866340637,0.9418792788982391,0.029563963966409146,forced,10,naive,,forced_memory,4,10,0.5,8,source-only
0.796875,0.784375011920929,0.7635875127315521,0.011626886827550566,20,500,0.4618810713291168,0.5332692421674728,0.02588941047038347,forced,15,naive,,forced_memory,4,15,0.75,8,source-only
1.0,0.987500011920929,0.9950625067949295,0.0050385170856144116,20,500,0.0022965464740991592,0.025547966362908483,0.022698547652405258,forced,20,naive,,forced_memory,4,20,1.0,8,source-only
1.0,0.987500011920929,0.9950625067949295,0.0050385170856144116,20,500,0.0022965464740991592,0.025547966362908483,0.022698547652405258,forced,25,naive,,forced_memory,4,20,1.0,8,source-only
1.0,0.987500011920929,0.9950625067949295,0.0050385170856144116,20,500,0.0022965464740991592,0.025547966362908483,0.022698547652405258,forced,30,naive,,forced_memory,4,20,1.0,8,source-only
0.09687500447034836,0.03437500074505806,0.050143750999122855,0.011677587936760983,20,500,2.9804539680480957,2.998913649559021,0.004714457204684904,forced,10,naive,,forced_memory,4,0,0.0,8,prefix-all
0.39375001192092896,0.35625001788139343,0.33909375602006914,0.014230901860374628,20,500,1.680039644241333,1.7395165188312531,0.021576876942270368,forced,20,naive,,forced_memory,4,0,0.0,8,prefix-all
0.71875,0.668749988079071,0.6706187607049942,0.013920953375218323,20,500,0.6280422806739807,0.7070994544029235,0.02401150790367774,forced,30,naive,,forced_memory,4,9,0.45,8,prefix-all
0.534375011920929,0.518750011920929,0.48437500739097594,0.015918495284192313,20,500,0.9789331555366516,1.0486195052862168,0.023069992965343674,forced,31,naive,,forced_memory,4,10,0.5,8,prefix-all
0.6343750357627869,0.581250011920929,0.5716000131368637,0.0159614591382841,20,500,0.7034576535224915,0.77500996363163,0.02228108710244608,forced,32,naive,,forced_memory,4,11,0.55,8,prefix-all
0.887499988079071,0.8687500357627869,0.8548937608003616,0.01113730182671971,20,500,0.21997018158435822,0.26567761251330374,0.02244015877777246,forced,40,naive,,forced_memory,4,19,0.95,8,prefix-all
0.925000011920929,0.909375011920929,0.9016312614679337,0.00889254130254575,20,500,0.14830338954925537,0.190939493983984,0.019362250576542193,forced,41,naive,,forced_memory,4,20,1.0,8,prefix-all
0.925000011920929,0.909375011920929,0.9016312614679337,0.00889254130254575,20,500,0.14830338954925537,0.190939493983984,0.019362250576542193,forced,42,naive,,forced_memory,4,20,1.0,8,prefix-all
0.925000011920929,0.909375011920929,0.9016312614679337,0.00889254130254575,20,500,0.14830338954925537,0.190939493983984,0.019362250576542193,forced,50,naive,,forced_memory,4,20,1.0,8,prefix-all
0.925000011920929,0.909375011920929,0.9016312614679337,0.00889254130254575,20,500,0.14830338954925537,0.190939493983984,0.019362250576542193,forced,60,naive,,forced_memory,4,20,1.0,8,prefix-all
0.925000011920929,0.909375011920929,0.9016312614679337,0.00889254130254575,20,500,0.14830338954925537,0.190939493983984,0.019362250576542193,forced,61,naive,,forced_memory,4,20,1.0,8,prefix-all
0.925000011920929,0.909375011920929,0.9016312614679337,0.00889254130254575,20,500,0.14830338954925537,0.190939493983984,0.019362250576542193,forced,62,naive,,forced_memory,4,20,1.0,8,prefix-all
0.925000011920929,0.909375011920929,0.9016312614679337,0.00889254130254575,20,500,0.14830338954925537,0.190939493983984,0.019362250576542193,forced,70,naive,,forced_memory,4,20,1.0,8,prefix-all
0.925000011920929,0.909375011920929,0.9016312614679337,0.00889254130254575,20,500,0.14830338954925537,0.190939493983984,0.019362250576542193,forced,80,naive,,forced_memory,4,20,1.0,8,prefix-all
0.925000011920929,0.909375011920929,0.9016312614679337,0.00889254130254575,20,500,0.14830338954925537,0.190939493983984,0.019362250576542193,forced,100,naive,,forced_memory,4,20,1.0,8,prefix-all
0.925000011920929,0.909375011920929,0.9016312614679337,0.00889254130254575,20,500,0.14830338954925537,0.190939493983984,0.019362250576542193,forced,101,naive,,forced_memory,4,20,1.0,8,prefix-all
0.925000011920929,0.909375011920929,0.9016312614679337,0.00889254130254575,20,500,0.14830338954925537,0.190939493983984,0.019362250576542193,forced,102,naive,,forced_memory,4,20,1.0,8,prefix-all
0.925000011920929,0.909375011920929,0.9016312614679337,0.00889254130254575,20,500,0.14830338954925537,0.190939493983984,0.019362250576542193,forced,120,naive,,forced_memory,4,20,1.0,8,prefix-all
1.0,0.987500011920929,0.9950625067949295,0.0050385170856144116,20,500,0.0022965464740991592,0.025547966362908483,0.022698547652405258,forced,20,naive,0,forced_memory,4,20,1.0,8,source-pinned-noise-fifo
1.0,0.9906250238418579,0.9956500072479249,0.0039010317139724386,20,500,0.00297987530939281,0.02310101854801178,0.016529548929706473,forced,25,naive,5,forced_memory,4,20,1.0,8,source-pinned-noise-fifo
1.0,0.9906250238418579,0.9946625088453293,0.004501225016109946,20,500,0.004189194180071354,0.02639941210951656,0.017704419174255116,forced,30,naive,10,forced_memory,4,20,1.0,8,source-pinned-noise-fifo
1.0,0.9906250238418579,0.99410001039505,0.004549477412310803,20,500,0.002827212680131197,0.02902765531465411,0.019445187491258963,forced,40,naive,20,forced_memory,4,20,1.0,8,source-pinned-noise-fifo
1.0,0.9906250238418579,0.99410001039505,0.004549477412310803,20,500,0.002827212680131197,0.02902765531465411,0.019445187491258963,forced,60,naive,40,forced_memory,4,20,1.0,8,source-pinned-noise-fifo
1.0,0.9906250238418579,0.99410001039505,0.004549477412310803,20,500,0.002827212680131197,0.02902765531465411,0.019445187491258963,forced,80,naive,60,forced_memory,4,20,1.0,8,source-pinned-noise-fifo
1.0,0.9906250238418579,0.99410001039505,0.004549477412310803,20,500,0.002827212680131197,0.02902765531465411,0.019445187491258963,forced,100,naive,80,forced_memory,4,20,1.0,8,source-pinned-noise-fifo
0.3656249940395355,0.2906250059604645,0.30699375569820403,0.01624439668303129,40,500,1.5072377920150757,1.6037024228572845,0.029716177886116066,forced,5,naive,,forced_memory,4,5,0.25,8,source-only
0.6187500357627869,0.6000000238418579,0.5596187623739243,0.01859622408529419,40,500,0.8766300082206726,0.9628844338655472,0.02990771286077466,forced,10,naive,,forced_memory,4,10,0.5,8,source-only
0.8218750357627869,0.793749988079071,0.7750812621116638,0.013019414347018962,40,500,0.45738276839256287,0.5357635913491249,0.02546003449054624,forced,15,naive,,forced_memory,4,15,0.75,8,source-only
1.0,0.996874988079071,0.9952937580347061,0.004539277057342643,40,500,0.0029733413830399513,0.02325237757479772,0.018804836467333354,forced,20,naive,,forced_memory,4,20,1.0,8,source-only
1.0,0.996874988079071,0.9952937580347061,0.004539277057342643,40,500,0.0029733413830399513,0.02325237757479772,0.018804836467333354,forced,25,naive,,forced_memory,4,20,1.0,8,source-only
1.0,0.996874988079071,0.9952937580347061,0.004539277057342643,40,500,0.0029733413830399513,0.02325237757479772,0.018804836467333354,forced,30,naive,,forced_memory,4,20,1.0,8,source-only
0.09687500447034836,0.04374999925494194,0.04967500079795718,0.011617766690902049,40,500,2.979346513748169,2.9983505482673647,0.004215419376029756,forced,10,naive,,forced_memory,4,0,0.0,8,prefix-all
0.09375,0.05000000074505806,0.05008125088736415,0.011932968987470385,40,500,2.9804129600524902,2.998422697067261,0.004253507405930567,forced,20,naive,,forced_memory,4,0,0.0,8,prefix-all
0.09375,0.04062500223517418,0.04973125084117055,0.012235723718765986,40,500,2.9823813438415527,2.998460255622864,0.0042472817189996665,forced,30,naive,,forced_memory,4,0,0.0,8,prefix-all
0.09375,0.046875,0.0496500009149313,0.012220091313217092,40,500,2.9818854331970215,2.9985038022994996,0.004272752965279392,forced,31,naive,,forced_memory,4,0,0.0,8,prefix-all
0.08749999850988388,0.04062500223517418,0.049812500916421414,0.012347665626612297,40,500,2.9817211627960205,2.9984809732437134,0.004292897659109023,forced,32,naive,,forced_memory,4,0,0.0,8,prefix-all
0.32500001788139343,0.29375001788139343,0.18400625310838223,0.05932399893528676,40,500,2.0929043292999268,2.481827874183655,0.1466156282439127,forced,40,naive,,forced_memory,4,0,0.0,8,prefix-all
0.22500000894069672,0.15312500298023224,0.17045625281333923,0.014761080540309527,40,500,2.2552146911621094,2.340996712207794,0.02922966807595679,forced,41,naive,,forced_memory,4,0,0.0,8,prefix-all
0.22187499701976776,0.13437500596046448,0.17280625331401825,0.015281600265467777,40,500,2.177328109741211,2.247713450431824,0.024395807054661243,forced,42,naive,,forced_memory,4,1,0.05,8,prefix-all
0.765625,0.7093750238418579,0.7174125126600266,0.012729463242274532,40,500,0.5719793438911438,0.6394494729042053,0.023883234191379117,forced,50,naive,,forced_memory,4,9,0.45,8,prefix-all
0.887499988079071,0.8687500357627869,0.8539937621355057,0.010685815467003562,40,500,0.2203536480665207,0.2639299368858337,0.01844112776955188,forced,60,naive,,forced_memory,4,19,0.95,8,prefix-all
0.965624988079071,0.953125,0.9485125108957291,0.006018704329696934,40,500,0.0792464166879654,0.12201165135204792,0.020200772630190933,forced,61,naive,,forced_memory,4,20,1.0,8,prefix-all
0.965624988079071,0.953125,0.9485125108957291,0.006018704329696934,40,500,0.0792464166879654,0.12201165135204792,0.020200772630190933,forced,62,naive,,forced_memory,4,20,1.0,8,prefix-all
0.965624988079071,0.953125,0.9485125108957291,0.006018704329696934,40,500,0.0792464166879654,0.12201165135204792,0.020200772630190933,forced,70,naive,,forced_memory,4,20,1.0,8,prefix-all
0.965624988079071,0.953125,0.9485125108957291,0.006018704329696934,40,500,0.0792464166879654,0.12201165135204792,0.020200772630190933,forced,80,naive,,forced_memory,4,20,1.0,8,prefix-all
0.965624988079071,0.953125,0.9485125108957291,0.006018704329696934,40,500,0.0792464166879654,0.12201165135204792,0.020200772630190933,forced,100,naive,,forced_memory,4,20,1.0,8,prefix-all
0.965624988079071,0.953125,0.9485125108957291,0.006018704329696934,40,500,0.0792464166879654,0.12201165135204792,0.020200772630190933,forced,101,naive,,forced_memory,4,20,1.0,8,prefix-all
0.965624988079071,0.953125,0.9485125108957291,0.006018704329696934,40,500,0.0792464166879654,0.12201165135204792,0.020200772630190933,forced,102,naive,,forced_memory,4,20,1.0,8,prefix-all
0.965624988079071,0.953125,0.9485125108957291,0.006018704329696934,40,500,0.0792464166879654,0.12201165135204792,0.020200772630190933,forced,120,naive,,forced_memory,4,20,1.0,8,prefix-all
1.0,0.996874988079071,0.9952937580347061,0.004539277057342643,40,500,0.0029733413830399513,0.02325237757479772,0.018804836467333354,forced,20,naive,0,forced_memory,4,20,1.0,8,source-pinned-noise-fifo
1.0,0.9937500357627869,0.9958312560319901,0.004067829038694356,40,500,0.0030784662812948227,0.021398926447145642,0.01693589385154574,forced,25,naive,5,forced_memory,4,20,1.0,8,source-pinned-noise-fifo
1.0,1.0,0.9969000047445298,0.0033598175224456147,40,500,0.0018718944629654288,0.016918196119600905,0.01502215587560429,forced,30,naive,10,forced_memory,4,20,1.0,8,source-pinned-noise-fifo
1.0,1.0,0.9956312563419342,0.004112182498082139,40,500,0.0030166928190737963,0.02332395434053615,0.017925545899091656,forced,40,naive,20,forced_memory,4,20,1.0,8,source-pinned-noise-fifo
1.0,0.9906250238418579,0.994325009226799,0.004790673620881238,40,500,0.004833299666643143,0.02765663515590131,0.0177021026945797,forced,60,naive,40,forced_memory,4,20,1.0,8,source-pinned-noise-fifo
1.0,0.9906250238418579,0.994325009226799,0.004790673620881238,40,500,0.004833299666643143,0.02765663515590131,0.0177021026945797,forced,80,naive,60,forced_memory,4,20,1.0,8,source-pinned-noise-fifo
1.0,0.9906250238418579,0.994325009226799,0.004790673620881238,40,500,0.004833299666643143,0.02765663515590131,0.0177021026945797,forced,100,naive,80,forced_memory,4,20,1.0,8,source-pinned-noise-fifo
0.3656249940395355,0.30937501788139343,0.30235625606775285,0.017376091823867602,80,500,1.4750630855560303,1.5661309578418732,0.02973578818669295,forced,5,naive,,forced_memory,4,5,0.25,8,source-only
0.6000000238418579,0.5718750357627869,0.5394687623381614,0.016333052512602454,80,500,0.8822810053825378,0.9723954447507859,0.02912622362484316,forced,10,naive,,forced_memory,4,10,0.5,8,source-only
0.8343750238418579,0.8125,0.7956250118017196,0.01230155025028769,80,500,0.416776180267334,0.49799115091562274,0.02633075814818111,forced,15,naive,,forced_memory,4,15,0.75,8,source-only
1.0,0.9937500357627869,0.995043759226799,0.004000239252009033,80,500,0.0037162546068429947,0.024591590899042785,0.01658591883090454,forced,20,naive,,forced_memory,4,20,1.0,8,source-only
1.0,0.9937500357627869,0.995043759226799,0.004000239252009033,80,500,0.0037162546068429947,0.024591590899042785,0.01658591883090454,forced,25,naive,,forced_memory,4,20,1.0,8,source-only
1.0,0.9937500357627869,0.995043759226799,0.004000239252009033,80,500,0.0037162546068429947,0.024591590899042785,0.01658591883090454,forced,30,naive,,forced_memory,4,20,1.0,8,source-only
0.09062500298023224,0.03125,0.049968750935047865,0.012039120948990931,80,500,2.9771616458892822,2.9981047730445862,0.004057679562984866,forced,10,naive,,forced_memory,4,0,0.0,8,prefix-all
0.09687500447034836,0.03437500074505806,0.05034375079721212,0.012113517579880552,80,500,2.979295253753662,2.9983057413101197,0.004169772472191858,forced,20,naive,,forced_memory,4,0,0.0,8,prefix-all
0.09062500298023224,0.03437500074505806,0.05070000080019236,0.012337151777757923,80,500,2.97900390625,2.9988998579978943,0.0045897213579500565,forced,30,naive,,forced_memory,4,0,0.0,8,prefix-all
0.09062500298023224,0.04062500223517418,0.050768750868737694,0.012420640479177604,80,500,2.97935152053833,2.9989156455993653,0.004645753411133779,forced,31,naive,,forced_memory,4,0,0.0,8,prefix-all
0.09375,0.03750000149011612,0.05056250093691051,0.012378945352400328,80,500,2.9801318645477295,2.9988925614356994,0.004596315608197864,forced,32,naive,,forced_memory,4,0,0.0,8,prefix-all
0.09375,0.04062500223517418,0.05036250089108944,0.012144372582923727,80,500,2.981353998184204,2.999181469917297,0.00471365217473231,forced,40,naive,,forced_memory,4,0,0.0,8,prefix-all
0.09687500447034836,0.04374999925494194,0.05025625098310411,0.012396161080516383,80,500,2.9809255599975586,2.9991888060569765,0.004789003709047658,forced,41,naive,,forced_memory,4,0,0.0,8,prefix-all
0.09062500298023224,0.04062500223517418,0.05012500103749335,0.012115331499394514,80,500,2.9812378883361816,2.999132818222046,0.004727270557929797,forced,42,naive,,forced_memory,4,0,0.0,8,prefix-all
0.09062500298023224,0.03750000149011612,0.050068750889971855,0.0120681319663215,80,500,2.980311632156372,2.999165089130402,0.004745512279681417,forced,50,naive,,forced_memory,4,0,0.0,8,prefix-all
0.10000000149011612,0.04062500223517418,0.050500000823289155,0.012032832876805469,80,500,2.980414628982544,2.9992718749046325,0.004853440962566518,forced,60,naive,,forced_memory,4,0,0.0,8,prefix-all
0.09375,0.04374999925494194,0.05058750086277723,0.011989846208358383,80,500,2.979984760284424,2.9993161120414733,0.004873012981786249,forced,61,naive,,forced_memory,4,0,0.0,8,prefix-all
0.09375,0.04062500223517418,0.05041875088587403,0.012204333139426636,80,500,2.9798824787139893,2.99929071187973,0.004848157166620262,forced,62,naive,,forced_memory,4,0,0.0,8,prefix-all
0.10000000149011612,0.04062500223517418,0.05033750092238188,0.011607318773765037,80,500,2.980292797088623,2.9993123388290406,0.00479936077588788,forced,70,naive,,forced_memory,4,0,0.0,8,prefix-all
0.12812499701976776,0.10625000298023224,0.07703125127777458,0.015412144000652215,80,500,2.9051733016967773,2.9592769384384154,0.020757320165032893,forced,80,naive,,forced_memory,4,0,0.0,8,prefix-all
0.981249988079071,0.9437500238418579,0.9587125127315521,0.00823664627406843,80,500,0.05791299790143967,0.10291283106803895,0.020483967900762925,forced,100,naive,,forced_memory,4,19,0.95,8,prefix-all
1.0,1.0,0.996250004529953,0.0037603936600159324,80,500,0.002397362608462572,0.019025459040421994,0.015511324353951599,forced,101,naive,,forced_memory,4,20,1.0,8,prefix-all
1.0,1.0,0.996250004529953,0.0037603936600159324,80,500,0.002397362608462572,0.019025459040421994,0.015511324353951599,forced,102,naive,,forced_memory,4,20,1.0,8,prefix-all
1.0,1.0,0.996250004529953,0.0037603936600159324,80,500,0.002397362608462572,0.019025459040421994,0.015511324353951599,forced,120,naive,,forced_memory,4,20,1.0,8,prefix-all
1.0,0.9937500357627869,0.995043759226799,0.004000239252009033,80,500,0.0037162546068429947,0.024591590899042785,0.01658591883090454,forced,20,naive,0,forced_memory,4,20,1.0,8,source-pinned-noise-fifo
1.0,0.996874988079071,0.9954062569141388,0.0039492537556791545,80,500,0.002876656362786889,0.02294079217221588,0.016794629590750603,forced,25,naive,5,forced_memory,4,20,1.0,8,source-pinned-noise-fifo
1.0,0.996874988079071,0.9944437593221664,0.004817679973530259,80,500,0.003408330725505948,0.029036560737527906,0.0207398460718199,forced,30,naive,10,forced_memory,4,20,1.0,8,source-pinned-noise-fifo
1.0,1.0,0.994943757891655,0.004537246161715752,80,500,0.0036901638377457857,0.025357240481767802,0.019794429630942644,forced,40,naive,20,forced_memory,4,20,1.0,8,source-pinned-noise-fifo
1.0,0.996874988079071,0.9954187576770782,0.00434007964773504,80,500,0.003756361547857523,0.022703925053589046,0.01761001732234215,forced,60,naive,40,forced_memory,4,20,1.0,8,source-pinned-noise-fifo
1.0,1.0,0.9949937590360641,0.004605097023913878,80,500,0.003149861004203558,0.023631013604812325,0.018443223856486116,forced,80,naive,60,forced_memory,4,20,1.0,8,source-pinned-noise-fifo
1.0,1.0,0.9945250097513199,0.004603931436164009,80,500,0.0026687311474233866,0.027419163506943733,0.019586964559944808,forced,100,naive,80,forced_memory,4,20,1.0,8,source-pinned-noise-fifo
0.37187501788139343,0.32500001788139343,0.30618750631809233,0.017685291989459766,10,500,1.5045020580291748,1.5923600997924805,0.030838827015189155,forced,5,naive,,forced_memory,5,5,0.25,8,source-only
0.5843750238418579,0.5218750238418579,0.5413000106811523,0.01462197713717343,10,500,0.9659415483474731,1.0383055114746094,0.02397385230844432,forced,10,naive,,forced_memory,5,10,0.5,8,source-only
0.8187500238418579,0.8062500357627869,0.7863625121116639,0.011439167306736678,10,500,0.4638752043247223,0.5198564714789391,0.02329947542061436,forced,15,naive,,forced_memory,5,15,0.75,8,source-only
1.0,1.0,0.9962500056028366,0.0037965768061635945,10,500,0.0027773575857281685,0.01995537444483489,0.017443051523633672,forced,20,naive,,forced_memory,5,20,1.0,8,source-only
1.0,1.0,0.9962500056028366,0.0037965768061635945,10,500,0.0027773575857281685,0.01995537444483489,0.017443051523633672,forced,25,naive,,forced_memory,5,20,1.0,8,source-only
1.0,1.0,0.9962500056028366,0.0037965768061635945,10,500,0.0027773575857281685,0.01995537444483489,0.017443051523633672,forced,30,naive,,forced_memory,5,20,1.0,8,source-only
0.453125,0.4281249940395355,0.41215000689029696,0.019051599333976554,10,500,1.5538021326065063,1.6314181106090546,0.02854138209345084,forced,10,naive,,forced_memory,5,0,0.0,8,prefix-all
0.762499988079071,0.715624988079071,0.7182875125408172,0.011671822782103533,10,500,0.5660932660102844,0.6214135137796402,0.02148444193379133,forced,20,naive,,forced_memory,5,9,0.45,8,prefix-all
0.934374988079071,0.9156250357627869,0.9080687617063522,0.010238978312899806,10,500,0.1364576369524002,0.17995976901054384,0.01927672353572522,forced,30,naive,,forced_memory,5,19,0.95,8,prefix-all
0.96875,0.949999988079071,0.9495812602043152,0.005796045135184944,10,500,0.07146203517913818,0.10440325681865216,0.01375444537831899,forced,31,naive,,forced_memory,5,20,1.0,8,prefix-all
0.96875,0.949999988079071,0.9495812602043152,0.005796045135184944,10,500,0.07146203517913818,0.10440325681865216,0.01375444537831899,forced,32,naive,,forced_memory,5,20,1.0,8,prefix-all
0.96875,0.949999988079071,0.9495812602043152,0.005796045135184944,10,500,0.07146203517913818,0.10440325681865216,0.01375444537831899,forced,40,naive,,forced_memory,5,20,1.0,8,prefix-all
0.96875,0.949999988079071,0.9495812602043152,0.005796045135184944,10,500,0.07146203517913818,0.10440325681865216,0.01375444537831899,forced,41,naive,,forced_memory,5,20,1.0,8,prefix-all
0.96875,0.949999988079071,0.9495812602043152,0.005796045135184944,10,500,0.07146203517913818,0.10440325681865216,0.01375444537831899,forced,42,naive,,forced_memory,5,20,1.0,8,prefix-all
0.96875,0.949999988079071,0.9495812602043152,0.005796045135184944,10,500,0.07146203517913818,0.10440325681865216,0.01375444537831899,forced,50,naive,,forced_memory,5,20,1.0,8,prefix-all
0.96875,0.949999988079071,0.9495812602043152,0.005796045135184944,10,500,0.07146203517913818,0.10440325681865216,0.01375444537831899,forced,60,naive,,forced_memory,5,20,1.0,8,prefix-all
0.96875,0.949999988079071,0.9495812602043152,0.005796045135184944,10,500,0.07146203517913818,0.10440325681865216,0.01375444537831899,forced,61,naive,,forced_memory,5,20,1.0,8,prefix-all
0.96875,0.949999988079071,0.9495812602043152,0.005796045135184944,10,500,0.07146203517913818,0.10440325681865216,0.01375444537831899,forced,62,naive,,forced_memory,5,20,1.0,8,prefix-all
0.96875,0.949999988079071,0.9495812602043152,0.005796045135184944,10,500,0.07146203517913818,0.10440325681865216,0.01375444537831899,forced,70,naive,,forced_memory,5,20,1.0,8,prefix-all
0.96875,0.949999988079071,0.9495812602043152,0.005796045135184944,10,500,0.07146203517913818,0.10440325681865216,0.01375444537831899,forced,80,naive,,forced_memory,5,20,1.0,8,prefix-all
0.96875,0.949999988079071,0.9495812602043152,0.005796045135184944,10,500,0.07146203517913818,0.10440325681865216,0.01375444537831899,forced,100,naive,,forced_memory,5,20,1.0,8,prefix-all
0.96875,0.949999988079071,0.9495812602043152,0.005796045135184944,10,500,0.07146203517913818,0.10440325681865216,0.01375444537831899,forced,101,naive,,forced_memory,5,20,1.0,8,prefix-all
0.96875,0.949999988079071,0.9495812602043152,0.005796045135184944,10,500,0.07146203517913818,0.10440325681865216,0.01375444537831899,forced,102,naive,,forced_memory,5,20,1.0,8,prefix-all
0.96875,0.949999988079071,0.9495812602043152,0.005796045135184944,10,500,0.07146203517913818,0.10440325681865216,0.01375444537831899,forced,120,naive,,forced_memory,5,20,1.0,8,prefix-all
1.0,1.0,0.9962500056028366,0.0037965768061635945,10,500,0.0027773575857281685,0.01995537444483489,0.017443051523633672,forced,20,naive,0,forced_memory,5,20,1.0,8,source-pinned-noise-fifo
1.0,1.0,0.9967375057935715,0.0032144341050984577,10,500,0.0022634663619101048,0.01736212929803878,0.013656791816034944,forced,25,naive,5,forced_memory,5,20,1.0,8,source-pinned-noise-fifo
1.0,1.0,0.9956312559843064,0.004705785346747818,10,500,0.0021210219711065292,0.02305929009150714,0.02036343360977846,forced,30,naive,10,forced_memory,5,20,1.0,8,source-pinned-noise-fifo
1.0,1.0,0.9956312559843064,0.004705785346747818,10,500,0.0021210219711065292,0.02305929009150714,0.02036343360977846,forced,40,naive,20,forced_memory,5,20,1.0,8,source-pinned-noise-fifo
1.0,1.0,0.9956312559843064,0.004705785346747818,10,500,0.0021210219711065292,0.02305929009150714,0.02036343360977846,forced,60,naive,40,forced_memory,5,20,1.0,8,source-pinned-noise-fifo
1.0,1.0,0.9956312559843064,0.004705785346747818,10,500,0.0021210219711065292,0.02305929009150714,0.02036343360977846,forced,80,naive,60,forced_memory,5,20,1.0,8,source-pinned-noise-fifo
1.0,1.0,0.9956312559843064,0.004705785346747818,10,500,0.0021210219711065292,0.02305929009150714,0.02036343360977846,forced,100,naive,80,forced_memory,5,20,1.0,8,source-pinned-noise-fifo
0.390625,0.3656249940395355,0.32673750627040865,0.01760539276811056,20,500,1.4675153493881226,1.5663213999271393,0.03078245658911145,forced,5,naive,,forced_memory,5,5,0.25,8,source-only
0.6468750238418579,0.6468750238418579,0.5929062626361847,0.019654510532905085,20,500,0.7861224412918091,0.8892394174337387,0.03946538414127576,forced,10,naive,,forced_memory,5,10,0.5,8,source-only
0.8218750357627869,0.800000011920929,0.7832625110149384,0.012930577601759039,20,500,0.446694940328598,0.5186531561017036,0.02728971242666084,forced,15,naive,,forced_memory,5,15,0.75,8,source-only
1.0,0.9937500357627869,0.9958375053405761,0.004110020595975574,20,500,0.0024313856847584248,0.021132960853166877,0.01735335124382408,forced,20,naive,,forced_memory,5,20,1.0,8,source-only
1.0,0.9937500357627869,0.9958375053405761,0.004110020595975574,20,500,0.0024313856847584248,0.021132960853166877,0.01735335124382408,forced,25,naive,,forced_memory,5,20,1.0,8,source-only
1.0,0.9937500357627869,0.9958375053405761,0.004110020595975574,20,500,0.0024313856847584248,0.021132960853166877,0.01735335124382408,forced,30,naive,,forced_memory,5,20,1.0,8,source-only
0.09062500298023224,0.046875,0.049793750993907454,0.01215847696890857,20,500,2.977590560913086,2.9977922940254214,0.003725422420736737,forced,10,naive,,forced_memory,5,0,0.0,8,prefix-all
0.3375000059604645,0.296875,0.28844375631213187,0.015861582386095932,20,500,1.8013451099395752,1.8921360816955566,0.03547038997459752,forced,20,naive,,forced_memory,5,0,0.0,8,prefix-all
0.7125000357627869,0.684374988079071,0.6692312616109848,0.013382256884533743,20,500,0.6434029936790466,0.7146195625066757,0.025892709170560232,forced,30,naive,,forced_memory,5,9,0.45,8,prefix-all
0.7593750357627869,0.71875,0.7165125122070313,0.011682380123346239,20,500,0.5367846488952637,0.5964076690673829,0.021393857184836478,forced,31,naive,,forced_memory,5,10,0.5,8,prefix-all
0.6968750357627869,0.668749988079071,0.6471187617778779,0.01639356982559821,20,500,0.6663880944252014,0.7596616098880767,0.03312820894533852,forced,32,naive,,forced_memory,5,11,0.55,8,prefix-all
0.96875,0.9437500238418579,0.9485187605619431,0.006867413036996267,20,500,0.0758242979645729,0.11168969061970711,0.019566377304488704,forced,40,naive,,forced_memory,5,19,0.95,8,prefix-all
1.0,1.0,0.9955750064849853,0.004301772276945799,20,500,0.0021708968561142683,0.022617815954145044,0.01702641631745134,forced,41,naive,,forced_memory,5,20,1.0,8,prefix-all
1.0,1.0,0.9955750064849853,0.004301772276945799,20,500,0.0021708968561142683,0.022617815954145044,0.01702641631745134,forced,42,naive,,forced_memory,5,20,1.0,8,prefix-all
1.0,1.0,0.9955750064849853,0.004301772276945799,20,500,0.0021708968561142683,0.022617815954145044,0.01702641631745134,forced,50,naive,,forced_memory,5,20,1.0,8,prefix-all
1.0,1.0,0.9955750064849853,0.004301772276945799,20,500,0.0021708968561142683,0.022617815954145044,0.01702641631745134,forced,60,naive,,forced_memory,5,20,1.0,8,prefix-all
1.0,1.0,0.9955750064849853,0.004301772276945799,20,500,0.0021708968561142683,0.022617815954145044,0.01702641631745134,forced,61,naive,,forced_memory,5,20,1.0,8,prefix-all
1.0,1.0,0.9955750064849853,0.004301772276945799,20,500,0.0021708968561142683,0.022617815954145044,0.01702641631745134,forced,62,naive,,forced_memory,5,20,1.0,8,prefix-all
1.0,1.0,0.9955750064849853,0.004301772276945799,20,500,0.0021708968561142683,0.022617815954145044,0.01702641631745134,forced,70,naive,,forced_memory,5,20,1.0,8,prefix-all
1.0,1.0,0.9955750064849853,0.004301772276945799,20,500,0.0021708968561142683,0.022617815954145044,0.01702641631745134,forced,80,naive,,forced_memory,5,20,1.0,8,prefix-all
1.0,1.0,0.9955750064849853,0.004301772276945799,20,500,0.0021708968561142683,0.022617815954145044,0.01702641631745134,forced,100,naive,,forced_memory,5,20,1.0,8,prefix-all
1.0,1.0,0.9955750064849853,0.004301772276945799,20,500,0.0021708968561142683,0.022617815954145044,0.01702641631745134,forced,101,naive,,forced_memory,5,20,1.0,8,prefix-all
1.0,1.0,0.9955750064849853,0.004301772276945799,20,500,0.0021708968561142683,0.022617815954145044,0.01702641631745134,forced,102,naive,,forced_memory,5,20,1.0,8,prefix-all
1.0,1.0,0.9955750064849853,0.004301772276945799,20,500,0.0021708968561142683,0.022617815954145044,0.01702641631745134,forced,120,naive,,forced_memory,5,20,1.0,8,prefix-all
1.0,0.9937500357627869,0.9958375053405761,0.004110020595975574,20,500,0.0024313856847584248,0.021132960853166877,0.01735335124382408,forced,20,naive,0,forced_memory,5,20,1.0,8,source-pinned-noise-fifo
1.0,1.0,0.9969375033378601,0.0032167679786414246,20,500,0.0022386747878044844,0.01658500622259453,0.014210078234500463,forced,25,naive,5,forced_memory,5,20,1.0,8,source-pinned-noise-fifo
1.0,1.0,0.9951312588453293,0.0042557735796230406,20,500,0.003155710641294718,0.024282863723579795,0.017619613719553017,forced,30,naive,10,forced_memory,5,20,1.0,8,source-pinned-noise-fifo
1.0,0.996874988079071,0.9951750079393387,0.0041599566175963346,20,500,0.003700016066431999,0.024411171924322843,0.016151835539465097,forced,40,naive,20,forced_memory,5,20,1.0,8,source-pinned-noise-fifo
1.0,0.996874988079071,0.9951750079393387,0.0041599566175963346,20,500,0.003700016066431999,0.024411171924322843,0.016151835539465097,forced,60,naive,40,forced_memory,5,20,1.0,8,source-pinned-noise-fifo
1.0,0.996874988079071,0.9951750079393387,0.0041599566175963346,20,500,0.003700016066431999,0.024411171924322843,0.016151835539465097,forced,80,naive,60,forced_memory,5,20,1.0,8,source-pinned-noise-fifo
1.0,0.996874988079071,0.9951750079393387,0.0041599566175963346,20,500,0.003700016066431999,0.024411171924322843,0.016151835539465097,forced,100,naive,80,forced_memory,5,20,1.0,8,source-pinned-noise-fifo
0.359375,0.28125,0.30706875658035276,0.01790746484127469,40,500,1.4590752124786377,1.5538039245605468,0.02886331971085901,forced,5,naive,,forced_memory,5,5,0.25,8,source-only
0.59375,0.5250000357627869,0.5314250108599663,0.014712367834051606,40,500,0.913482666015625,0.9893992906808853,0.024205898851158043,forced,10,naive,,forced_memory,5,10,0.5,8,source-only
0.828125,0.796875,0.7817250131368637,0.01725863124562182,40,500,0.4052196443080902,0.5072437073588372,0.0328893514104749,forced,15,naive,,forced_memory,5,15,0.75,8,source-only
1.0,1.0,0.9969062544107438,0.003521548357912033,40,500,0.0017856359481811523,0.0173591876369901,0.015675054156108138,forced,20,naive,,forced_memory,5,20,1.0,8,source-only
1.0,1.0,0.9969062544107438,0.003521548357912033,40,500,0.0017856359481811523,0.0173591876369901,0.015675054156108138,forced,25,naive,,forced_memory,5,20,1.0,8,source-only
1.0,1.0,0.9969062544107438,0.003521548357912033,40,500,0.0017856359481811523,0.0173591876369901,0.015675054156108138,forced,30,naive,,forced_memory,5,20,1.0,8,source-only
0.09375,0.05000000074505806,0.04870625074580312,0.012608360175317487,40,500,2.9796900749206543,2.998286841392517,0.0036358428655618854,forced,10,naive,,forced_memory,5,0,0.0,8,prefix-all
0.10312499850988388,0.04374999925494194,0.04907500084117055,0.012201268067711291,40,500,2.979710102081299,2.9983316469192505,0.0037499898708074023,forced,20,naive,,forced_memory,5,0,0.0,8,prefix-all
0.09687500447034836,0.046875,0.049612500928342344,0.0118241610916996,40,500,2.9795563220977783,2.998279166221619,0.003697017811846671,forced,30,naive,,forced_memory,5,0,0.0,8,prefix-all
0.10000000149011612,0.04374999925494194,0.049550000935792926,0.011633760237650543,40,500,2.9791576862335205,2.9983006858825685,0.003745495280711091,forced,31,naive,,forced_memory,5,0,0.0,8,prefix-all
0.09687500447034836,0.046875,0.04946875097975135,0.011647952976028381,40,500,2.9792943000793457,2.9982537422180178,0.0036626529028171723,forced,32,naive,,forced_memory,5,0,0.0,8,prefix-all
0.390625,0.3343749940395355,0.34063125592470167,0.014596793389176355,40,500,1.7522433996200562,1.8667317433357238,0.057269129581119224,forced,40,naive,,forced_memory,5,0,0.0,8,prefix-all
0.22500000894069672,0.1875,0.17153125301003455,0.01403465990822117,40,500,2.2752890586853027,2.3709459166526794,0.03460844818947971,forced,41,naive,,forced_memory,5,0,0.0,8,prefix-all
0.22812500596046448,0.16250000894069672,0.1732812530696392,0.01562359391829852,40,500,2.161511182785034,2.24408048582077,0.025295036533707224,forced,42,naive,,forced_memory,5,1,0.05,8,prefix-all
0.7406250238418579,0.690625011920929,0.6814250122308732,0.01992487504614325,40,500,0.5946304798126221,0.7039771150350571,0.03433488562366232,forced,50,naive,,forced_memory,5,9,0.45,8,prefix-all
0.9281250238418579,0.909375011920929,0.9014687613248825,0.007524112854825698,40,500,0.15166768431663513,0.19799610456824301,0.016853188239383653,forced,60,naive,,forced_memory,5,19,0.95,8,prefix-all
1.0,0.9937500357627869,0.9962437554597855,0.003988740274690384,40,500,0.002578645246103406,0.019394198139663785,0.015637154828979944,forced,61,naive,,forced_memory,5,20,1.0,8,prefix-all
1.0,0.9937500357627869,0.9962437554597855,0.003988740274690384,40,500,0.002578645246103406,0.019394198139663785,0.015637154828979944,forced,62,naive,,forced_memory,5,20,1.0,8,prefix-all
1.0,0.9937500357627869,0.9962437554597855,0.003988740274690384,40,500,0.002578645246103406,0.019394198139663785,0.015637154828979944,forced,70,naive,,forced_memory,5,20,1.0,8,prefix-all
1.0,0.9937500357627869,0.9962437554597855,0.003988740274690384,40,500,0.002578645246103406,0.019394198139663785,0.015637154828979944,forced,80,naive,,forced_memory,5,20,1.0,8,prefix-all
1.0,0.9937500357627869,0.9962437554597855,0.003988740274690384,40,500,0.002578645246103406,0.019394198139663785,0.015637154828979944,forced,100,naive,,forced_memory,5,20,1.0,8,prefix-all
1.0,0.9937500357627869,0.9962437554597855,0.003988740274690384,40,500,0.002578645246103406,0.019394198139663785,0.015637154828979944,forced,101,naive,,forced_memory,5,20,1.0,8,prefix-all
1.0,0.9937500357627869,0.9962437554597855,0.003988740274690384,40,500,0.002578645246103406,0.019394198139663785,0.015637154828979944,forced,102,naive,,forced_memory,5,20,1.0,8,prefix-all
1.0,0.9937500357627869,0.9962437554597855,0.003988740274690384,40,500,0.002578645246103406,0.019394198139663785,0.015637154828979944,forced,120,naive,,forced_memory,5,20,1.0,8,prefix-all
1.0,1.0,0.9969062544107438,0.003521548357912033,40,500,0.0017856359481811523,0.0173591876369901,0.015675054156108138,forced,20,naive,0,forced_memory,5,20,1.0,8,source-pinned-noise-fifo
1.0,1.0,0.9958125070333481,0.004046112012595924,40,500,0.0032960064709186554,0.0217506912490353,0.015966848053492223,forced,25,naive,5,forced_memory,5,20,1.0,8,source-pinned-noise-fifo
1.0,0.9906250238418579,0.9960000061988831,0.003900110749556489,40,500,0.002489788457751274,0.020607008719351144,0.01637735017190242,forced,30,naive,10,forced_memory,5,20,1.0,8,source-pinned-noise-fifo
1.0,0.9906250238418579,0.9947125089168548,0.004740459389743718,40,500,0.0030789771117269993,0.026831885463092477,0.020037853866442693,forced,40,naive,20,forced_memory,5,20,1.0,8,source-pinned-noise-fifo
1.0,0.9937500357627869,0.994425009727478,0.004711746264355275,40,500,0.002814993029460311,0.02804923727363348,0.020028548877047626,forced,60,naive,40,forced_memory,5,20,1.0,8,source-pinned-noise-fifo
1.0,0.9937500357627869,0.994425009727478,0.004711746264355275,40,500,0.002814993029460311,0.02804923727363348,0.020028548877047626,forced,80,naive,60,forced_memory,5,20,1.0,8,source-pinned-noise-fifo
1.0,0.9937500357627869,0.994425009727478,0.004711746264355275,40,500,0.002814993029460311,0.02804923727363348,0.020028548877047626,forced,100,naive,80,forced_memory,5,20,1.0,8,source-pinned-noise-fifo
0.3812499940395355,0.3062500059604645,0.3017250055670738,0.017639869745423965,80,500,1.4730398654937744,1.5622982211112977,0.03016984100706155,forced,5,naive,,forced_memory,5,5,0.25,8,source-only
0.6000000238418579,0.5625,0.5406625131368638,0.014828399064803018,80,500,0.8862937688827515,0.9840877064466477,0.026390263836183935,forced,10,naive,,forced_memory,5,10,0.5,8,source-only
0.8375000357627869,0.793749988079071,0.8015062625408172,0.010645970510111787,80,500,0.4234495759010315,0.48566532689332964,0.024403929085459096,forced,15,naive,,forced_memory,5,15,0.75,8,source-only
1.0,1.0,0.995762506365776,0.004208037720155837,80,500,0.002603511093184352,0.02178190914262086,0.018829453471143853,forced,20,naive,,forced_memory,5,20,1.0,8,source-only
1.0,1.0,0.995762506365776,0.004208037720155837,80,500,0.002603511093184352,0.02178190914262086,0.018829453471143853,forced,25,naive,,forced_memory,5,20,1.0,8,source-only
1.0,1.0,0.995762506365776,0.004208037720155837,80,500,0.002603511093184352,0.02178190914262086,0.018829453471143853,forced,30,naive,,forced_memory,5,20,1.0,8,source-only
0.109375,0.046875,0.05004375088959932,0.011946251825309607,80,500,2.9839835166931152,2.99784583568573,0.0035765515031674112,forced,10,naive,,forced_memory,5,0,0.0,8,prefix-all
0.10312499850988388,0.046875,0.049950000872835514,0.011563236675409538,80,500,2.9825491905212402,2.997886267185211,0.0036067748633887464,forced,20,naive,,forced_memory,5,0,0.0,8,prefix-all
0.11874999850988388,0.05000000074505806,0.050187500854954124,0.011929316762355938,80,500,2.9834372997283936,2.997913365840912,0.0036809493325080404,forced,30,naive,,forced_memory,5,0,0.0,8,prefix-all
0.11562500149011612,0.046875,0.05036875088140368,0.011815672677094486,80,500,2.983555793762207,2.997916509151459,0.003677097902649551,forced,31,naive,,forced_memory,5,0,0.0,8,prefix-all
0.11250000447034836,0.046875,0.05020000089332461,0.011976500608576128,80,500,2.9830737113952637,2.9979505786895753,0.0037024290474963395,forced,32,naive,,forced_memory,5,0,0.0,8,prefix-all
0.10625000298023224,0.04374999925494194,0.049875000916421414,0.011897347589170704,80,500,2.983044385910034,2.99795356798172,0.0037114594749376216,forced,40,naive,,forced_memory,5,0,0.0,8,prefix-all
0.11562500149011612,0.046875,0.04971250085532665,0.01207703799347545,80,500,2.982697010040283,2.997955331325531,0.0036782324876946924,forced,41,naive,,forced_memory,5,0,0.0,8,prefix-all
0.11250000447034836,0.04374999925494194,0.04993125092983246,0.012289444059119085,80,500,2.9834117889404297,2.99792581653595,0.0037403353083518484,forced,42,naive,,forced_memory,5,0,0.0,8,prefix-all
0.12187500298023224,0.05000000074505806,0.049925000922754405,0.012128633624922117,80,500,2.9830000400543213,2.9979949750900268,0.003722838535148559,forced,50,naive,,forced_memory,5,0,0.0,8,prefix-all
0.12187500298023224,0.05000000074505806,0.04973125086352229,0.012251675782994267,80,500,2.9816699028015137,2.998009554862976,0.0037409521931052294,forced,60,naive,,forced_memory,5,0,0.0,8,prefix-all
0.11250000447034836,0.046875,0.049675000961869956,0.012033962555930705,80,500,2.981281042098999,2.9980099062919616,0.003745258336953425,forced,61,naive,,forced_memory,5,0,0.0,8,prefix-all
0.11562500149011612,0.05000000074505806,0.05018125082179904,0.011977614301004795,80,500,2.9821553230285645,2.998020583152771,0.003747603177199573,forced,62,naive,,forced_memory,5,0,0.0,8,prefix-all
0.12187500298023224,0.05000000074505806,0.05008750084042549,0.011928832084410725,80,500,2.982426166534424,2.997999768257141,0.0037675136548635706,forced,70,naive,,forced_memory,5,0,0.0,8,prefix-all
0.12187500298023224,0.06875000149011612,0.055006251087412236,0.012978195857520079,80,500,2.977513551712036,2.9958366918563843,0.0051994043647772825,forced,80,naive,,forced_memory,5,0,0.0,8,prefix-all
0.965624988079071,0.949999988079071,0.942906262755394,0.008322773099913562,80,500,0.08559755235910416,0.13047614689171314,0.022541469323417482,forced,100,naive,,forced_memory,5,19,0.95,8,prefix-all
0.96875,0.965624988079071,0.9471250123977661,0.007401433873704918,80,500,0.07234697043895721,0.11170098841190339,0.020663319480470087,forced,101,naive,,forced_memory,5,20,1.0,8,prefix-all
0.96875,0.965624988079071,0.9471250123977661,0.007401433873704918,80,500,0.07234697043895721,0.11170098841190339,0.020663319480470087,forced,102,naive,,forced_memory,5,20,1.0,8,prefix-all
0.96875,0.965624988079071,0.9471250123977661,0.007401433873704918,80,500,0.07234697043895721,0.11170098841190339,0.020663319480470087,forced,120,naive,,forced_memory,5,20,1.0,8,prefix-all
1.0,1.0,0.995762506365776,0.004208037720155837,80,500,0.002603511093184352,0.02178190914262086,0.018829453471143853,forced,20,naive,0,forced_memory,5,20,1.0,8,source-pinned-noise-fifo
1.0,0.9937500357627869,0.9955875067710876,0.004176581988915854,80,500,0.003264571772888303,0.022912908575031907,0.018490005412810963,forced,25,naive,5,forced_memory,5,20,1.0,8,source-pinned-noise-fifo
1.0,0.996874988079071,0.9949312592744828,0.004196245749198213,80,500,0.0036276220344007015,0.02563815260399133,0.017056657861231502,forced,30,naive,10,forced_memory,5,20,1.0,8,source-pinned-noise-fifo
1.0,0.9906250238418579,0.9941312606334687,0.00504579425268437,80,500,0.004309122916311026,0.029244410755112766,0.020665159859799487,forced,40,naive,20,forced_memory,5,20,1.0,8,source-pinned-noise-fifo
1.0,1.0,0.9949062587022781,0.004362809714149379,80,500,0.0038554705679416656,0.02524518065713346,0.018278342315554332,forced,60,naive,40,forced_memory,5,20,1.0,8,source-pinned-noise-fifo
1.0,0.9906250238418579,0.9929125114679337,0.005738584727842124,80,500,0.003981014713644981,0.03208694780152291,0.021824985052302435,forced,80,naive,60,forced_memory,5,20,1.0,8,source-pinned-noise-fifo
1.0,0.9937500357627869,0.9944687572717666,0.005120704075228517,80,500,0.0027257357724010944,0.02682099678600207,0.020870259631532297,forced,100,naive,80,forced_memory,5,20,1.0,8,source-pinned-noise-fifo
0.375,0.28125,0.3067500060796738,0.01655082148794178,10,500,1.5061901807785034,1.5965490581989288,0.030268314500818374,forced,5,naive,,forced_memory,6,5,0.25,8,source-only
0.590624988079071,0.5406250357627869,0.5336312624812126,0.01509389811255087,10,500,0.9288057088851929,1.029517165184021,0.027563108150631507,forced,10,naive,,forced_memory,6,10,0.5,8,source-only
0.800000011920929,0.753125011920929,0.7637875127792358,0.010973270644766244,10,500,0.4656815528869629,0.5251205298900604,0.02388155547253756,forced,15,naive,,forced_memory,6,15,0.75,8,source-only
1.0,0.996874988079071,0.9956750082969665,0.0038837297192546257,10,500,0.0030551471281796694,0.021842965142335743,0.015913953465891525,forced,20,naive,,forced_memory,6,20,1.0,8,source-only
1.0,0.996874988079071,0.9956750082969665,0.0038837297192546257,10,500,0.0030551471281796694,0.021842965142335743,0.015913953465891525,forced,25,naive,,forced_memory,6,20,1.0,8,source-only
1.0,0.996874988079071,0.9956750082969665,0.0038837297192546257,10,500,0.0030551471281796694,0.021842965142335743,0.015913953465891525,forced,30,naive,,forced_memory,6,20,1.0,8,source-only
0.35625001788139343,0.28437501192092896,0.293143755197525,0.014640337194122183,10,500,1.7733064889907837,1.828250657081604,0.02101887357375515,forced,10,naive,,forced_memory,6,0,0.0,8,prefix-all
0.6031250357627869,0.5625,0.5527000108361244,0.01755613249079564,10,500,0.9655744433403015,1.080605733036995,0.03967311196865139,forced,20,naive,,forced_memory,6,9,0.45,8,prefix-all
0.984375,0.965624988079071,0.9641625120639801,0.008204523075910457,10,500,0.0483674593269825,0.09384016963839531,0.020118935600337794,forced,30,naive,,forced_memory,6,19,0.95,8,prefix-all
1.0,0.9937500357627869,0.9960812554359436,0.003879881712895889,10,500,0.0031842526514083147,0.020375672545284034,0.01684412556889593,forced,31,naive,,forced_memory,6,20,1.0,8,prefix-all
1.0,0.9937500357627869,0.9960812554359436,0.003879881712895889,10,500,0.0031842526514083147,0.020375672545284034,0.01684412556889593,forced,32,naive,,forced_memory,6,20,1.0,8,prefix-all
1.0,0.9937500357627869,0.9960812554359436,0.003879881712895889,10,500,0.0031842526514083147,0.020375672545284034,0.01684412556889593,forced,40,naive,,forced_memory,6,20,1.0,8,prefix-all
1.0,0.9937500357627869,0.9960812554359436,0.003879881712895889,10,500,0.0031842526514083147,0.020375672545284034,0.01684412556889593,forced,41,naive,,forced_memory,6,20,1.0,8,prefix-all
1.0,0.9937500357627869,0.9960812554359436,0.003879881712895889,10,500,0.0031842526514083147,0.020375672545284034,0.01684412556889593,forced,42,naive,,forced_memory,6,20,1.0,8,prefix-all
1.0,0.9937500357627869,0.9960812554359436,0.003879881712895889,10,500,0.0031842526514083147,0.020375672545284034,0.01684412556889593,forced,50,naive,,forced_memory,6,20,1.0,8,prefix-all
1.0,0.9937500357627869,0.9960812554359436,0.003879881712895889,10,500,0.0031842526514083147,0.020375672545284034,0.01684412556889593,forced,60,naive,,forced_memory,6,20,1.0,8,prefix-all
1.0,0.9937500357627869,0.9960812554359436,0.003879881712895889,10,500,0.0031842526514083147,0.020375672545284034,0.01684412556889593,forced,61,naive,,forced_memory,6,20,1.0,8,prefix-all
1.0,0.9937500357627869,0.9960812554359436,0.003879881712895889,10,500,0.0031842526514083147,0.020375672545284034,0.01684412556889593,forced,62,naive,,forced_memory,6,20,1.0,8,prefix-all
1.0,0.9937500357627869,0.9960812554359436,0.003879881712895889,10,500,0.0031842526514083147,0.020375672545284034,0.01684412556889593,forced,70,naive,,forced_memory,6,20,1.0,8,prefix-all
1.0,0.9937500357627869,0.9960812554359436,0.003879881712895889,10,500,0.0031842526514083147,0.020375672545284034,0.01684412556889593,forced,80,naive,,forced_memory,6,20,1.0,8,prefix-all
1.0,0.9937500357627869,0.9960812554359436,0.003879881712895889,10,500,0.0031842526514083147,0.020375672545284034,0.01684412556889593,forced,100,naive,,forced_memory,6,20,1.0,8,prefix-all
1.0,0.9937500357627869,0.9960812554359436,0.003879881712895889,10,500,0.0031842526514083147,0.020375672545284034,0.01684412556889593,forced,101,naive,,forced_memory,6,20,1.0,8,prefix-all
1.0,0.9937500357627869,0.9960812554359436,0.003879881712895889,10,500,0.0031842526514083147,0.020375672545284034,0.01684412556889593,forced,102,naive,,forced_memory,6,20,1.0,8,prefix-all
1.0,0.9937500357627869,0.9960812554359436,0.003879881712895889,10,500,0.0031842526514083147,0.020375672545284034,0.01684412556889593,forced,120,naive,,forced_memory,6,20,1.0,8,prefix-all
1.0,0.996874988079071,0.9956750082969665,0.0038837297192546257,10,500,0.0030551471281796694,0.021842965142335743,0.015913953465891525,forced,20,naive,0,forced_memory,6,20,1.0,8,source-pinned-noise-fifo
1.0,0.996874988079071,0.9954625071287155,0.004256989184341429,10,500,0.004017229191958904,0.023267226244322956,0.0163918862149158,forced,25,naive,5,forced_memory,6,20,1.0,8,source-pinned-noise-fifo
1.0,0.996874988079071,0.9961687568426132,0.0037589949400734274,10,500,0.003084013471379876,0.020379738305229694,0.015246394752690115,forced,30,naive,10,forced_memory,6,20,1.0,8,source-pinned-noise-fifo
1.0,0.996874988079071,0.9961687568426132,0.0037589949400734274,10,500,0.003084013471379876,0.020379738305229694,0.015246394752690115,forced,40,naive,20,forced_memory,6,20,1.0,8,source-pinned-noise-fifo
1.0,0.996874988079071,0.9961687568426132,0.0037589949400734274,10,500,0.003084013471379876,0.020379738305229694,0.015246394752690115,forced,60,naive,40,forced_memory,6,20,1.0,8,source-pinned-noise-fifo
1.0,0.996874988079071,0.9961687568426132,0.0037589949400734274,10,500,0.003084013471379876,0.020379738305229694,0.015246394752690115,forced,80,naive,60,forced_memory,6,20,1.0,8,source-pinned-noise-fifo
1.0,0.996874988079071,0.9961687568426132,0.0037589949400734274,10,500,0.003084013471379876,0.020379738305229694,0.015246394752690115,forced,100,naive,80,forced_memory,6,20,1.0,8,source-pinned-noise-fifo
0.35625001788139343,0.30000001192092896,0.30228125596046446,0.016906538940138015,20,500,1.5125471353530884,1.6021428527832031,0.029333686554798302,forced,5,naive,,forced_memory,6,5,0.25,8,source-only
0.59375,0.53125,0.5301062616109848,0.014525047087510106,20,500,0.9228922724723816,0.9939412559270859,0.02700062724314735,forced,10,naive,,forced_memory,6,10,0.5,8,source-only
0.8218750357627869,0.800000011920929,0.7908062607049942,0.012502591447759772,20,500,0.44494685530662537,0.5079448716640472,0.025215137099290522,forced,15,naive,,forced_memory,6,15,0.75,8,source-only
1.0,1.0,0.9951375072002411,0.004333347492403652,20,500,0.003003154182806611,0.02380457608262077,0.017635960980231638,forced,20,naive,,forced_memory,6,20,1.0,8,source-only
1.0,1.0,0.9951375072002411,0.004333347492403652,20,500,0.003003154182806611,0.02380457608262077,0.017635960980231638,forced,25,naive,,forced_memory,6,20,1.0,8,source-only
1.0,1.0,0.9951375072002411,0.004333347492403652,20,500,0.003003154182806611,0.02380457608262077,0.017635960980231638,forced,30,naive,,forced_memory,6,20,1.0,8,source-only
0.09687500447034836,0.05937499925494194,0.04939375079795718,0.011751148599455362,20,500,2.9806160926818848,2.99894668340683,0.004286112055714326,forced,10,naive,,forced_memory,6,0,0.0,8,prefix-all
0.30937501788139343,0.26250001788139343,0.24465000396966935,0.015223933897096783,20,500,1.8439334630966187,1.8964842422008514,0.021628939113302104,forced,20,naive,,forced_memory,6,0,0.0,8,prefix-all
0.581250011920929,0.5062500238418579,0.5285312608480454,0.014712444681761647,20,500,0.8977280855178833,0.970776668548584,0.02466590599503661,forced,30,naive,,forced_memory,6,9,0.45,8,prefix-all
0.643750011920929,0.596875011920929,0.5842312628030777,0.01674483530610966,20,500,0.7757323980331421,0.8360733795166015,0.026257492590433053,forced,31,naive,,forced_memory,6,10,0.5,8,prefix-all
0.6625000238418579,0.612500011920929,0.6186687624454499,0.014765526131586234,20,500,0.6342303156852722,0.6993223671913147,0.0232931151122482,forced,32,naive,,forced_memory,6,11,0.55,8,prefix-all
0.9781250357627869,0.9625000357627869,0.9574125112295151,0.008308985382717892,20,500,0.06410759687423706,0.11017605923116207,0.022152206188006878,forced,40,naive,,forced_memory,6,19,0.95,8,prefix-all
1.0,0.9937500357627869,0.9946375081539154,0.004659641503772613,20,500,0.003929092548787594,0.026598886092193425,0.02011929399958118,forced,41,naive,,forced_memory,6,20,1.0,8,prefix-all
1.0,0.9937500357627869,0.9946375081539154,0.004659641503772613,20,500,0.003929092548787594,0.026598886092193425,0.02011929399958118,forced,42,naive,,forced_memory,6,20,1.0,8,prefix-all
1.0,0.9937500357627869,0.9946375081539154,0.004659641503772613,20,500,0.003929092548787594,0.026598886092193425,0.02011929399958118,forced,50,naive,,forced_memory,6,20,1.0,8,prefix-all
1.0,0.9937500357627869,0.9946375081539154,0.004659641503772613,20,500,0.003929092548787594,0.026598886092193425,0.02011929399958118,forced,60,naive,,forced_memory,6,20,1.0,8,prefix-all
1.0,0.9937500357627869,0.9946375081539154,0.004659641503772613,20,500,0.003929092548787594,0.026598886092193425,0.02011929399958118,forced,61,naive,,forced_memory,6,20,1.0,8,prefix-all
1.0,0.9937500357627869,0.9946375081539154,0.004659641503772613,20,500,0.003929092548787594,0.026598886092193425,0.02011929399958118,forced,62,naive,,forced_memory,6,20,1.0,8,prefix-all
1.0,0.9937500357627869,0.9946375081539154,0.004659641503772613,20,500,0.003929092548787594,0.026598886092193425,0.02011929399958118,forced,70,naive,,forced_memory,6,20,1.0,8,prefix-all
1.0,0.9937500357627869,0.9946375081539154,0.004659641503772613,20,500,0.003929092548787594,0.026598886092193425,0.02011929399958118,forced,80,naive,,forced_memory,6,20,1.0,8,prefix-all
1.0,0.9937500357627869,0.9946375081539154,0.004659641503772613,20,500,0.003929092548787594,0.026598886092193425,0.02011929399958118,forced,100,naive,,forced_memory,6,20,1.0,8,prefix-all
1.0,0.9937500357627869,0.9946375081539154,0.004659641503772613,20,500,0.003929092548787594,0.026598886092193425,0.02011929399958118,forced,101,naive,,forced_memory,6,20,1.0,8,prefix-all
1.0,0.9937500357627869,0.9946375081539154,0.004659641503772613,20,500,0.003929092548787594,0.026598886092193425,0.02011929399958118,forced,102,naive,,forced_memory,6,20,1.0,8,prefix-all
1.0,0.9937500357627869,0.9946375081539154,0.004659641503772613,20,500,0.003929092548787594,0.026598886092193425,0.02011929399958118,forced,120,naive,,forced_memory,6,20,1.0,8,prefix-all
1.0,1.0,0.9951375072002411,0.004333347492403652,20,500,0.003003154182806611,0.02380457608262077,0.017635960980231638,forced,20,naive,0,forced_memory,6,20,1.0,8,source-pinned-noise-fifo
1.0,1.0,0.9958625061511993,0.004413907689075287,20,500,0.002835731953382492,0.02155113912327215,0.018278498702136794,forced,25,naive,5,forced_memory,6,20,1.0,8,source-pinned-noise-fifo
1.0,1.0,0.9955687574148178,0.004005938017928212,20,500,0.00293944263830781,0.022736076486762614,0.017255296350796246,forced,30,naive,10,forced_memory,6,20,1.0,8,source-pinned-noise-fifo
1.0,1.0,0.9950875079631806,0.004239886694868401,20,500,0.0038199506234377623,0.025189419185277076,0.019417121593051586,forced,40,naive,20,forced_memory,6,20,1.0,8,source-pinned-noise-fifo
1.0,1.0,0.9950875079631806,0.004239886694868401,20,500,0.0038199506234377623,0.025189419185277076,0.019417121593051586,forced,60,naive,40,forced_memory,6,20,1.0,8,source-pinned-noise-fifo
1.0,1.0,0.9950875079631806,0.004239886694868401,20,500,0.0038199506234377623,0.025189419185277076,0.019417121593051586,forced,80,naive,60,forced_memory,6,20,1.0,8,source-pinned-noise-fifo
1.0,1.0,0.9950875079631806,0.004239886694868401,20,500,0.0038199506234377623,0.025189419185277076,0.019417121593051586,forced,100,naive,80,forced_memory,6,20,1.0,8,source-pinned-noise-fifo
0.37187501788139343,0.3031249940395355,0.30396875596046447,0.015939675003190563,40,500,1.5119683742523193,1.5984807722568513,0.029087196763724052,forced,5,naive,,forced_memory,6,5,0.25,8,source-only
0.609375,0.565625011920929,0.560575010895729,0.014625716194412037,40,500,0.9165279269218445,0.9995862784385681,0.02569650256201262,forced,10,naive,,forced_memory,6,10,0.5,8,source-only
0.796875,0.765625,0.7645312612056732,0.011055393240288123,40,500,0.44726091623306274,0.5215331188440323,0.023867448975789532,forced,15,naive,,forced_memory,6,15,0.75,8,source-only
1.0,0.996874988079071,0.9951812579631806,0.004727152992853405,40,500,0.0032362639904022217,0.02590623105596751,0.02148658159044686,forced,20,naive,,forced_memory,6,20,1.0,8,source-only
1.0,0.996874988079071,0.9951812579631806,0.004727152992853405,40,500,0.0032362639904022217,0.02590623105596751,0.02148658159044686,forced,25,naive,,forced_memory,6,20,1.0,8,source-only
1.0,0.996874988079071,0.9951812579631806,0.004727152992853405,40,500,0.0032362639904022217,0.02590623105596751,0.02148658159044686,forced,30,naive,,forced_memory,6,20,1.0,8,source-only
0.09687500447034836,0.04062500223517418,0.05008750094100833,0.01282819789672145,40,500,2.9791297912597656,2.9990959644317625,0.0047153271095730365,forced,10,naive,,forced_memory,6,0,0.0,8,prefix-all
0.10000000149011612,0.03750000149011612,0.049762501016259196,0.012839995281722685,40,500,2.9781699180603027,2.9989789118766783,0.004611390470679272,forced,20,naive,,forced_memory,6,0,0.0,8,prefix-all
0.09062500298023224,0.02812500111758709,0.049906250901520254,0.012944103285012928,40,500,2.979067325592041,2.9988885164260863,0.0045725606665285206,forced,30,naive,,forced_memory,6,0,0.0,8,prefix-all
0.09375,0.03750000149011612,0.05011250087991357,0.012909958845029608,40,500,2.9788994789123535,2.9989140834808348,0.004616221791965156,forced,31,naive,,forced_memory,6,0,0.0,8,prefix-all
0.09375,0.03437500074505806,0.050012500945478676,0.012443616744519487,40,500,2.9787497520446777,2.9989367480278015,0.004667500232394318,forced,32,naive,,forced_memory,6,0,0.0,8,prefix-all
0.38750001788139343,0.34062501788139343,0.33758750569820406,0.016717790728012574,40,500,1.7306873798370361,1.869348722934723,0.07024445383160667,forced,40,naive,,forced_memory,6,0,0.0,8,prefix-all
0.15625,0.13750000298023224,0.11454375153779983,0.014040359319842287,40,500,2.5440688133239746,2.604481990337372,0.017223204374222718,forced,41,naive,,forced_memory,6,0,0.0,8,prefix-all
0.22187499701976776,0.20000000298023224,0.1736812529861927,0.015296520930584956,40,500,2.153329372406006,2.2247279434204104,0.024785345203108156,forced,42,naive,,forced_memory,6,1,0.05,8,prefix-all
0.703125,0.6656250357627869,0.6688875118494034,0.012233912391234216,40,500,0.6693660616874695,0.7241177468299865,0.022780011908205843,forced,50,naive,,forced_memory,6,9,0.45,8,prefix-all
0.9375,0.918749988079071,0.9063375113010407,0.00975641478908482,40,500,0.13997229933738708,0.18526127538084983,0.01717855090652587,forced,60,naive,,forced_memory,6,19,0.95,8,prefix-all
1.0,0.996874988079071,0.9963187552690506,0.00420461589429096,40,500,0.002177537651732564,0.01918625654326752,0.017582224766347406,forced,61,naive,,forced_memory,6,20,1.0,8,prefix-all
1.0,0.996874988079071,0.9963187552690506,0.00420461589429096,40,500,0.002177537651732564,0.01918625654326752,0.017582224766347406,forced,62,naive,,forced_memory,6,20,1.0,8,prefix-all
1.0,0.996874988079071,0.9963187552690506,0.00420461589429096,40,500,0.002177537651732564,0.01918625654326752,0.017582224766347406,forced,70,naive,,forced_memory,6,20,1.0,8,prefix-all
1.0,0.996874988079071,0.9963187552690506,0.00420461589429096,40,500,0.002177537651732564,0.01918625654326752,0.017582224766347406,forced,80,naive,,forced_memory,6,20,1.0,8,prefix-all
1.0,0.996874988079071,0.9963187552690506,0.00420461589429096,40,500,0.002177537651732564,0.01918625654326752,0.017582224766347406,forced,100,naive,,forced_memory,6,20,1.0,8,prefix-all
1.0,0.996874988079071,0.9963187552690506,0.00420461589429096,40,500,0.002177537651732564,0.01918625654326752,0.017582224766347406,forced,101,naive,,forced_memory,6,20,1.0,8,prefix-all
1.0,0.996874988079071,0.9963187552690506,0.00420461589429096,40,500,0.002177537651732564,0.01918625654326752,0.017582224766347406,forced,102,naive,,forced_memory,6,20,1.0,8,prefix-all
1.0,0.996874988079071,0.9963187552690506,0.00420461589429096,40,500,0.002177537651732564,0.01918625654326752,0.017582224766347406,forced,120,naive,,forced_memory,6,20,1.0,8,prefix-all
1.0,0.996874988079071,0.9951812579631806,0.004727152992853405,40,500,0.0032362639904022217,0.02590623105596751,0.02148658159044686,forced,20,naive,0,forced_memory,6,20,1.0,8,source-pinned-noise-fifo
1.0,1.0,0.9954187582731246,0.004022442224017301,40,500,0.0031537539325654507,0.023421018488239496,0.01657951983552868,forced,25,naive,5,forced_memory,6,20,1.0,8,source-pinned-noise-fifo
1.0,0.996874988079071,0.9959375059604645,0.003930540056863058,40,500,0.003029368817806244,0.021444399317726494,0.016797759136958013,forced,30,naive,10,forced_memory,6,20,1.0,8,source-pinned-noise-fifo
1.0,0.9937500357627869,0.9961750049591065,0.004185420503158331,40,500,0.0027344890404492617,0.020960544045083226,0.019799824309486885,forced,40,naive,20,forced_memory,6,20,1.0,8,source-pinned-noise-fifo
1.0,1.0,0.995293757557869,0.004421578651923731,40,500,0.003068797755986452,0.023868492112960667,0.017277739478359946,forced,60,naive,40,forced_memory,6,20,1.0,8,source-pinned-noise-fifo
1.0,1.0,0.995293757557869,0.004421578651923731,40,500,0.003068797755986452,0.023868492112960667,0.017277739478359946,forced,80,naive,60,forced_memory,6,20,1.0,8,source-pinned-noise-fifo
1.0,1.0,0.995293757557869,0.004421578651923731,40,500,0.003068797755986452,0.023868492112960667,0.017277739478359946,forced,100,naive,80,forced_memory,6,20,1.0,8,source-pinned-noise-fifo
0.3656249940395355,0.296875,0.3058062563538551,0.017770739838744134,80,500,1.5206013917922974,1.596664295911789,0.029803772436348148,forced,5,naive,,forced_memory,6,5,0.25,8,source-only
0.6187500357627869,0.5562500357627869,0.5598312619924545,0.017946504863788793,80,500,0.871617317199707,0.9455103257894516,0.02854687850206446,forced,10,naive,,forced_memory,6,10,0.5,8,source-only
0.8187500238418579,0.793749988079071,0.7834500124454499,0.012162789354343756,80,500,0.40418291091918945,0.47733698427677157,0.025300894520135665,forced,15,naive,,forced_memory,6,15,0.75,8,source-only
1.0,0.9937500357627869,0.9959937561750412,0.003975594910156829,80,500,0.0027156914584338665,0.02057141004689038,0.01689806572782964,forced,20,naive,,forced_memory,6,20,1.0,8,source-only
1.0,0.9937500357627869,0.9959937561750412,0.003975594910156829,80,500,0.0027156914584338665,0.02057141004689038,0.01689806572782964,forced,25,naive,,forced_memory,6,20,1.0,8,source-only
1.0,0.9937500357627869,0.9959937561750412,0.003975594910156829,80,500,0.0027156914584338665,0.02057141004689038,0.01689806572782964,forced,30,naive,,forced_memory,6,20,1.0,8,source-only
0.10312499850988388,0.04062500223517418,0.05073125091567635,0.012093081611064696,80,500,2.9813926219940186,2.9996416730880737,0.0050901833198853125,forced,10,naive,,forced_memory,6,0,0.0,8,prefix-all
0.10625000298023224,0.05625000223517418,0.05026875090226531,0.012937124354712523,80,500,2.980991840362549,2.999763337612152,0.005300146863514985,forced,20,naive,,forced_memory,6,0,0.0,8,prefix-all
0.10312499850988388,0.046875,0.04975000097230077,0.012550523133151172,80,500,2.981166124343872,2.999455927371979,0.005030564984794544,forced,30,naive,,forced_memory,6,0,0.0,8,prefix-all
0.109375,0.05312500149011612,0.05010000088065863,0.012275712947992963,80,500,2.9811015129089355,2.99946755695343,0.005171762362349671,forced,31,naive,,forced_memory,6,0,0.0,8,prefix-all
0.109375,0.046875,0.04981250093877315,0.012567163642721466,80,500,2.9805264472961426,2.9993402428627016,0.004980675768803222,forced,32,naive,,forced_memory,6,0,0.0,8,prefix-all
0.09687500447034836,0.046875,0.05023125091940164,0.01259980644486267,80,500,2.9810595512390137,2.999297145366669,0.004913083019348286,forced,40,naive,,forced_memory,6,0,0.0,8,prefix-all
0.09687500447034836,0.05000000074505806,0.05005625096336007,0.012674437820984917,80,500,2.980442523956299,2.999259512901306,0.004974161162616973,forced,41,naive,,forced_memory,6,0,0.0,8,prefix-all
0.10312499850988388,0.05000000074505806,0.05010625084117055,0.012909255157897368,80,500,2.9804606437683105,2.9994135050773623,0.005062290763754657,forced,42,naive,,forced_memory,6,0,0.0,8,prefix-all
0.11250000447034836,0.046875,0.050562500979751346,0.012107752186628242,80,500,2.9806594848632812,2.9993115696907044,0.004973529887676516,forced,50,naive,,forced_memory,6,0,0.0,8,prefix-all
0.10625000298023224,0.05000000074505806,0.05018125091120601,0.012313704134691423,80,500,2.9810431003570557,2.9993479328155517,0.004964013708700515,forced,60,naive,,forced_memory,6,0,0.0,8,prefix-all
0.10625000298023224,0.046875,0.050168750930577516,0.012600798512048074,80,500,2.981109142303467,2.999348261833191,0.005018211199326249,forced,61,naive,,forced_memory,6,0,0.0,8,prefix-all
0.109375,0.05000000074505806,0.05045000090450048,0.012317124903977633,80,500,2.981238842010498,2.99936927652359,0.0050056289439958405,forced,62,naive,,forced_memory,6,0,0.0,8,prefix-all
0.11250000447034836,0.05000000074505806,0.05020625091716647,0.012688286791496752,80,500,2.9807369709014893,2.9993247656822204,0.004971324672379083,forced,70,naive,,forced_memory,6,0,0.0,8,prefix-all
0.16250000894069672,0.15937499701976776,0.09868125153332949,0.02630498670572943,80,500,2.6293187141418457,2.865195439338684,0.09784978164584873,forced,80,naive,,forced_memory,6,0,0.0,8,prefix-all
0.9375,0.90625,0.9050812619924545,0.009889095032792195,80,500,0.13780000805854797,0.1922250434756279,0.02006124536893253,forced,100,naive,,forced_memory,6,19,0.95,8,prefix-all
0.925000011920929,0.90625,0.9025250126123429,0.0076311027234777845,80,500,0.1437222957611084,0.1952895245552063,0.017544971295740692,forced,101,naive,,forced_memory,6,20,1.0,8,prefix-all
0.925000011920929,0.90625,0.9025250126123429,0.0076311027234777845,80,500,0.1437222957611084,0.1952895245552063,0.017544971295740692,forced,102,naive,,forced_memory,6,20,1.0,8,prefix-all
0.925000011920929,0.90625,0.9025250126123429,0.0076311027234777845,80,500,0.1437222957611084,0.1952895245552063,0.017544971295740692,forced,120,naive,,forced_memory,6,20,1.0,8,prefix-all
1.0,0.9937500357627869,0.9959937561750412,0.003975594910156829,80,500,0.0027156914584338665,0.02057141004689038,0.01689806572782964,forced,20,naive,0,forced_memory,6,20,1.0,8,source-pinned-noise-fifo
1.0,0.9906250238418579,0.996250006556511,0.003847675981852419,80,500,0.0031443671323359013,0.019369335675612092,0.014752861290378689,forced,25,naive,5,forced_memory,6,20,1.0,8,source-pinned-noise-fifo
1.0,0.9937500357627869,0.9954125076532364,0.004317669047096424,80,500,0.003194556338712573,0.023617470521945506,0.01859219178952485,forced,30,naive,10,forced_memory,6,20,1.0,8,source-pinned-noise-fifo
1.0,0.996874988079071,0.9951750091314315,0.004298501238568892,80,500,0.003551462199538946,0.024766032432671635,0.0186695493327764,forced,40,naive,20,forced_memory,6,20,1.0,8,source-pinned-noise-fifo
1.0,1.0,0.9958937562704087,0.004111954052469918,80,500,0.002683385508134961,0.020923643598798662,0.01670294464996009,forced,60,naive,40,forced_memory,6,20,1.0,8,source-pinned-noise-fifo
1.0,0.996874988079071,0.9945812582969665,0.004920497901732058,80,500,0.0034682885743677616,0.02609294332936406,0.02086153514458826,forced,80,naive,60,forced_memory,6,20,1.0,8,source-pinned-noise-fifo
1.0,0.996874988079071,0.994750009894371,0.004611458158981297,80,500,0.0028824438340961933,0.02644267605850473,0.019895754020344353,forced,100,naive,80,forced_memory,6,20,1.0,8,source-pinned-noise-fifo
0.3843750059604645,0.34375,0.34443125581741335,0.013787758943600625,10,500,1.5541273355484009,1.6298023121356964,0.02684880008518797,forced,5,gated,,forced_memory,0,5,0.25,8,source-only
0.596875011920929,0.581250011920929,0.5531812623739243,0.01224492741919054,10,500,0.8421220779418945,0.9174141925573349,0.02260333619316086,forced,10,gated,,forced_memory,0,10,0.5,8,source-only
0.800000011920929,0.778124988079071,0.7714250128269196,0.00827462220807816,10,500,0.4830552935600281,0.5479691731333732,0.01876611827733098,forced,15,gated,,forced_memory,0,15,0.75,8,source-only
1.0,1.0,0.9965125041007996,0.0037061726052625074,10,500,0.0019228620221838355,0.018601753000868484,0.017723308573570178,forced,20,gated,,forced_memory,0,20,1.0,8,source-only
1.0,1.0,0.9965125041007996,0.0037061726052625074,10,500,0.0019228620221838355,0.018601753000868484,0.017723308573570178,forced,25,gated,,forced_memory,0,20,1.0,8,source-only
1.0,1.0,0.9965125041007996,0.0037061726052625074,10,500,0.0019228620221838355,0.018601753000868484,0.017723308573570178,forced,30,gated,,forced_memory,0,20,1.0,8,source-only
0.3375000059604645,0.2750000059604645,0.2940562559366226,0.012906059765709563,10,500,1.7597877979278564,1.8152546932697295,0.022529089510569044,forced,10,gated,,forced_memory,0,0,0.0,8,prefix-all
0.7906250357627869,0.778124988079071,0.7649562610387802,0.008799083282021516,10,500,0.4864986538887024,0.5529078223705292,0.02594592859907652,forced,20,gated,,forced_memory,0,9,0.45,8,prefix-all
0.987500011920929,0.965624988079071,0.9659250118732452,0.008564314841480814,10,500,0.052563369274139404,0.08993191832304001,0.019591789811543452,forced,30,gated,,forced_memory,0,19,0.95,8,prefix-all
1.0,0.9906250238418579,0.9963937544822693,0.003668751649881757,10,500,0.001955792773514986,0.01829438737779856,0.014640596473975705,forced,31,gated,,forced_memory,0,20,1.0,8,prefix-all
1.0,0.9906250238418579,0.9963937544822693,0.003668751649881757,10,500,0.001955792773514986,0.01829438737779856,0.014640596473975705,forced,32,gated,,forced_memory,0,20,1.0,8,prefix-all
1.0,0.9906250238418579,0.9963937544822693,0.003668751649881757,10,500,0.001955792773514986,0.01829438737779856,0.014640596473975705,forced,40,gated,,forced_memory,0,20,1.0,8,prefix-all
1.0,0.9906250238418579,0.9963937544822693,0.003668751649881757,10,500,0.001955792773514986,0.01829438737779856,0.014640596473975705,forced,41,gated,,forced_memory,0,20,1.0,8,prefix-all
1.0,0.9906250238418579,0.9963937544822693,0.003668751649881757,10,500,0.001955792773514986,0.01829438737779856,0.014640596473975705,forced,42,gated,,forced_memory,0,20,1.0,8,prefix-all
1.0,0.9906250238418579,0.9963937544822693,0.003668751649881757,10,500,0.001955792773514986,0.01829438737779856,0.014640596473975705,forced,50,gated,,forced_memory,0,20,1.0,8,prefix-all
1.0,0.9906250238418579,0.9963937544822693,0.003668751649881757,10,500,0.001955792773514986,0.01829438737779856,0.014640596473975705,forced,60,gated,,forced_memory,0,20,1.0,8,prefix-all
1.0,0.9906250238418579,0.9963937544822693,0.003668751649881757,10,500,0.001955792773514986,0.01829438737779856,0.014640596473975705,forced,61,gated,,forced_memory,0,20,1.0,8,prefix-all
1.0,0.9906250238418579,0.9963937544822693,0.003668751649881757,10,500,0.001955792773514986,0.01829438737779856,0.014640596473975705,forced,62,gated,,forced_memory,0,20,1.0,8,prefix-all
1.0,0.9906250238418579,0.9963937544822693,0.003668751649881757,10,500,0.001955792773514986,0.01829438737779856,0.014640596473975705,forced,70,gated,,forced_memory,0,20,1.0,8,prefix-all
1.0,0.9906250238418579,0.9963937544822693,0.003668751649881757,10,500,0.001955792773514986,0.01829438737779856,0.014640596473975705,forced,80,gated,,forced_memory,0,20,1.0,8,prefix-all
1.0,0.9906250238418579,0.9963937544822693,0.003668751649881757,10,500,0.001955792773514986,0.01829438737779856,0.014640596473975705,forced,100,gated,,forced_memory,0,20,1.0,8,prefix-all
1.0,0.9906250238418579,0.9963937544822693,0.003668751649881757,10,500,0.001955792773514986,0.01829438737779856,0.014640596473975705,forced,101,gated,,forced_memory,0,20,1.0,8,prefix-all
1.0,0.9906250238418579,0.9963937544822693,0.003668751649881757,10,500,0.001955792773514986,0.01829438737779856,0.014640596473975705,forced,102,gated,,forced_memory,0,20,1.0,8,prefix-all
1.0,0.9906250238418579,0.9963937544822693,0.003668751649881757,10,500,0.001955792773514986,0.01829438737779856,0.014640596473975705,forced,120,gated,,forced_memory,0,20,1.0,8,prefix-all
1.0,1.0,0.9965125041007996,0.0037061726052625074,10,500,0.0019228620221838355,0.018601753000868484,0.017723308573570178,forced,20,gated,0,forced_memory,0,20,1.0,8,source-pinned-noise-fifo
1.0,0.996874988079071,0.9969687547683715,0.003413400214834042,10,500,0.0017035144846886396,0.01572218776308,0.014370843277864823,forced,25,gated,5,forced_memory,0,20,1.0,8,source-pinned-noise-fifo
1.0,1.0,0.9965812532901764,0.003838993057402071,10,500,0.001593584194779396,0.01791936162719503,0.016818472410119988,forced,30,gated,10,forced_memory,0,20,1.0,8,source-pinned-noise-fifo
1.0,1.0,0.9965812532901764,0.003838993057402071,10,500,0.001593584194779396,0.01791936162719503,0.016818472410119988,forced,40,gated,20,forced_memory,0,20,1.0,8,source-pinned-noise-fifo
1.0,1.0,0.9965812532901764,0.003838993057402071,10,500,0.001593584194779396,0.01791936162719503,0.016818472410119988,forced,60,gated,40,forced_memory,0,20,1.0,8,source-pinned-noise-fifo
1.0,1.0,0.9965812532901764,0.003838993057402071,10,500,0.001593584194779396,0.01791936162719503,0.016818472410119988,forced,80,gated,60,forced_memory,0,20,1.0,8,source-pinned-noise-fifo
1.0,1.0,0.9965812532901764,0.003838993057402071,10,500,0.001593584194779396,0.01791936162719503,0.016818472410119988,forced,100,gated,80,forced_memory,0,20,1.0,8,source-pinned-noise-fifo
0.36250001192092896,0.30000001192092896,0.3078250067234039,0.012566224503301006,20,500,1.5284678936004639,1.6132191743850708,0.025550340744415985,forced,5,gated,,forced_memory,0,5,0.25,8,source-only
0.596875011920929,0.546875,0.5495687602758408,0.012594546982036624,20,500,0.8539563417434692,0.9278549441099166,0.024253969285690936,forced,10,gated,,forced_memory,0,10,0.5,8,source-only
0.8187500238418579,0.800000011920929,0.7801375111341476,0.012243168524133225,20,500,0.39722302556037903,0.4584244936108589,0.02254588452500375,forced,15,gated,,forced_memory,0,15,0.75,8,source-only
1.0,0.9937500357627869,0.995593757390976,0.004124399468433759,20,500,0.00299543933942914,0.023294000817928463,0.017516579356857846,forced,20,gated,,forced_memory,0,20,1.0,8,source-only
1.0,0.9937500357627869,0.995593757390976,0.004124399468433759,20,500,0.00299543933942914,0.023294000817928463,0.017516579356857846,forced,25,gated,,forced_memory,0,20,1.0,8,source-only
1.0,0.9937500357627869,0.995593757390976,0.004124399468433759,20,500,0.00299543933942914,0.023294000817928463,0.017516579356857846,forced,30,gated,,forced_memory,0,20,1.0,8,source-only
0.09375,0.078125,0.05023125093430281,0.012391925150299528,20,500,2.9793896675109863,2.997824478149414,0.003928846624757978,forced,10,gated,,forced_memory,0,0,0.0,8,prefix-all
0.15625,0.11874999850988388,0.11443750156462193,0.013160517737634705,20,500,2.5432746410369873,2.6088015899658203,0.019139680060171655,forced,20,gated,,forced_memory,0,0,0.0,8,prefix-all
0.793749988079071,0.7593750357627869,0.7655812629461288,0.0077091948826027825,20,500,0.4707157015800476,0.5336215641498566,0.020894266132182825,forced,30,gated,,forced_memory,0,9,0.45,8,prefix-all
0.8375000357627869,0.8125,0.8108812620639801,0.007036230627392477,20,500,0.36318784952163696,0.4136635208129883,0.019514561070645208,forced,31,gated,,forced_memory,0,10,0.5,8,prefix-all
0.878125011920929,0.862500011920929,0.8565125126838684,0.006609165072184498,20,500,0.25863009691238403,0.30662988394498825,0.019133198417620775,forced,32,gated,,forced_memory,0,11,0.55,8,prefix-all
0.9906250238418579,0.96875,0.962493762254715,0.008183679219583982,20,500,0.053670477122068405,0.09412857088446618,0.01751591062138822,forced,40,gated,,forced_memory,0,19,0.95,8,prefix-all
1.0,1.0,0.9970250031948089,0.0031338781752706254,20,500,0.0015798857202753425,0.014689720014343039,0.011903849536045534,forced,41,gated,,forced_memory,0,20,1.0,8,prefix-all
1.0,1.0,0.9970250031948089,0.0031338781752706254,20,500,0.0015798857202753425,0.014689720014343039,0.011903849536045534,forced,42,gated,,forced_memory,0,20,1.0,8,prefix-all
1.0,1.0,0.9970250031948089,0.0031338781752706254,20,500,0.0015798857202753425,0.014689720014343039,0.011903849536045534,forced,50,gated,,forced_memory,0,20,1.0,8,prefix-all
1.0,1.0,0.9970250031948089,0.0031338781752706254,20,500,0.0015798857202753425,0.014689720014343039,0.011903849536045534,forced,60,gated,,forced_memory,0,20,1.0,8,prefix-all
1.0,1.0,0.9970250031948089,0.0031338781752706254,20,500,0.0015798857202753425,0.014689720014343039,0.011903849536045534,forced,61,gated,,forced_memory,0,20,1.0,8,prefix-all
1.0,1.0,0.9970250031948089,0.0031338781752706254,20,500,0.0015798857202753425,0.014689720014343039,0.011903849536045534,forced,62,gated,,forced_memory,0,20,1.0,8,prefix-all
1.0,1.0,0.9970250031948089,0.0031338781752706254,20,500,0.0015798857202753425,0.014689720014343039,0.011903849536045534,forced,70,gated,,forced_memory,0,20,1.0,8,prefix-all
1.0,1.0,0.9970250031948089,0.0031338781752706254,20,500,0.0015798857202753425,0.014689720014343039,0.011903849536045534,forced,80,gated,,forced_memory,0,20,1.0,8,prefix-all
1.0,1.0,0.9970250031948089,0.0031338781752706254,20,500,0.0015798857202753425,0.014689720014343039,0.011903849536045534,forced,100,gated,,forced_memory,0,20,1.0,8,prefix-all
1.0,1.0,0.9970250031948089,0.0031338781752706254,20,500,0.0015798857202753425,0.014689720014343039,0.011903849536045534,forced,101,gated,,forced_memory,0,20,1.0,8,prefix-all
1.0,1.0,0.9970250031948089,0.0031338781752706254,20,500,0.0015798857202753425,0.014689720014343039,0.011903849536045534,forced,102,gated,,forced_memory,0,20,1.0,8,prefix-all
1.0,1.0,0.9970250031948089,0.0031338781752706254,20,500,0.0015798857202753425,0.014689720014343039,0.011903849536045534,forced,120,gated,,forced_memory,0,20,1.0,8,prefix-all
1.0,0.9937500357627869,0.995593757390976,0.004124399468433759,20,500,0.00299543933942914,0.023294000817928463,0.017516579356857846,forced,20,gated,0,forced_memory,0,20,1.0,8,source-pinned-noise-fifo
1.0,0.9906250238418579,0.9975187517404557,0.003228836174448918,20,500,0.001821379759348929,0.01346278509357944,0.0134775359340272,forced,25,gated,5,forced_memory,0,20,1.0,8,source-pinned-noise-fifo
1.0,1.0,0.9962312556505203,0.003595184892388387,20,500,0.0019786551129072905,0.01889578498946503,0.014680790461508712,forced,30,gated,10,forced_memory,0,20,1.0,8,source-pinned-noise-fifo
1.0,1.0,0.9966125036478043,0.0036563003617674306,20,500,0.0023696355056017637,0.018005662010982634,0.016264337700174172,forced,40,gated,20,forced_memory,0,20,1.0,8,source-pinned-noise-fifo
1.0,1.0,0.9966125036478043,0.0036563003617674306,20,500,0.0023696355056017637,0.018005662010982634,0.016264337700174172,forced,60,gated,40,forced_memory,0,20,1.0,8,source-pinned-noise-fifo
1.0,1.0,0.9966125036478043,0.0036563003617674306,20,500,0.0023696355056017637,0.018005662010982634,0.016264337700174172,forced,80,gated,60,forced_memory,0,20,1.0,8,source-pinned-noise-fifo
1.0,1.0,0.9966125036478043,0.0036563003617674306,20,500,0.0023696355056017637,0.018005662010982634,0.016264337700174172,forced,100,gated,80,forced_memory,0,20,1.0,8,source-pinned-noise-fifo
0.3687500059604645,0.32500001788139343,0.31269375562667845,0.013417192486539971,40,500,1.6242023706436157,1.7135521478652953,0.027280635917027254,forced,5,gated,,forced_memory,0,5,0.25,8,source-only
0.596875011920929,0.559374988079071,0.5573812625408172,0.013373742614928042,40,500,0.8383914232254028,0.9176223295927047,0.030702144824975915,forced,10,gated,,forced_memory,0,10,0.5,8,source-only
0.796875,0.7750000357627869,0.7717000114917755,0.0074430541879362605,40,500,0.48798075318336487,0.5513063957095146,0.01988418120261701,forced,15,gated,,forced_memory,0,15,0.75,8,source-only
1.0,0.9906250238418579,0.9958187551498413,0.004396985334771074,40,500,0.0012534024426713586,0.02115551559184678,0.01973841088140431,forced,20,gated,,forced_memory,0,20,1.0,8,source-only
1.0,0.9906250238418579,0.9958187551498413,0.004396985334771074,40,500,0.0012534024426713586,0.02115551559184678,0.01973841088140431,forced,25,gated,,forced_memory,0,20,1.0,8,source-only
1.0,0.9906250238418579,0.9958187551498413,0.004396985334771074,40,500,0.0012534024426713586,0.02115551559184678,0.01973841088140431,forced,30,gated,,forced_memory,0,20,1.0,8,source-only
0.09687500447034836,0.02187499962747097,0.050631250884383916,0.012839604193818039,40,500,2.9814488887786865,2.9978433499336243,0.003768534963433207,forced,10,gated,,forced_memory,0,0,0.0,8,prefix-all
0.09687500447034836,0.05312500149011612,0.0506250009983778,0.012801062185380064,40,500,2.9825878143310547,2.9980045251846312,0.0038917293685035203,forced,20,gated,,forced_memory,0,0,0.0,8,prefix-all
0.09062500298023224,0.05000000074505806,0.050762500934302804,0.012862123754339705,40,500,2.9821972846984863,2.997937815666199,0.0039162412421302265,forced,30,gated,,forced_memory,0,0,0.0,8,prefix-all
0.10000000149011612,0.046875,0.05058750094845891,0.012866751307949282,40,500,2.9820914268493652,2.9979320368766786,0.003927799483809558,forced,31,gated,,forced_memory,0,0,0.0,8,prefix-all
0.10000000149011612,0.03750000149011612,0.05035000082850456,0.01275499923985443,40,500,2.9817423820495605,2.997902138710022,0.003936225022577914,forced,32,gated,,forced_memory,0,0,0.0,8,prefix-all
0.36250001192092896,0.34062501788139343,0.33115000581741333,0.010817636657836253,40,500,2.0221776962280273,2.0766349124908445,0.023611967576461425,forced,40,gated,,forced_memory,0,0,0.0,8,prefix-all
0.16250000894069672,0.125,0.11436250160634517,0.012366784115955577,40,500,2.5482285022735596,2.5965231022834776,0.015906496904023317,forced,41,gated,,forced_memory,0,0,0.0,8,prefix-all
0.22187499701976776,0.20000000298023224,0.17265625315904617,0.013281617746451627,40,500,2.163032054901123,2.232908055782318,0.023658046292553282,forced,42,gated,,forced_memory,0,1,0.05,8,prefix-all
0.793749988079071,0.778124988079071,0.7661062617301941,0.007971065993045104,40,500,0.47283831238746643,0.5431010953187942,0.021673242729175472,forced,50,gated,,forced_memory,0,9,0.45,8,prefix-all
0.981249988079071,0.965624988079071,0.96155626142025,0.008598461500913021,40,500,0.054652780294418335,0.09648223367333413,0.019203825251687623,forced,60,gated,,forced_memory,0,19,0.95,8,prefix-all
1.0,1.0,0.996937503695488,0.0029836691501522314,40,500,0.002179522067308426,0.015914834244176744,0.01234031160359533,forced,61,gated,,forced_memory,0,20,1.0,8,prefix-all
1.0,1.0,0.996937503695488,0.0029836691501522314,40,500,0.002179522067308426,0.015914834244176744,0.01234031160359533,forced,62,gated,,forced_memory,0,20,1.0,8,prefix-all
1.0,1.0,0.996937503695488,0.0029836691501522314,40,500,0.002179522067308426,0.015914834244176744,0.01234031160359533,forced,70,gated,,forced_memory,0,20,1.0,8,prefix-all
1.0,1.0,0.996937503695488,0.0029836691501522314,40,500,0.002179522067308426,0.015914834244176744,0.01234031160359533,forced,80,gated,,forced_memory,0,20,1.0,8,prefix-all
1.0,1.0,0.996937503695488,0.0029836691501522314,40,500,0.002179522067308426,0.015914834244176744,0.01234031160359533,forced,100,gated,,forced_memory,0,20,1.0,8,prefix-all
1.0,1.0,0.996937503695488,0.0029836691501522314,40,500,0.002179522067308426,0.015914834244176744,0.01234031160359533,forced,101,gated,,forced_memory,0,20,1.0,8,prefix-all
1.0,1.0,0.996937503695488,0.0029836691501522314,40,500,0.002179522067308426,0.015914834244176744,0.01234031160359533,forced,102,gated,,forced_memory,0,20,1.0,8,prefix-all
1.0,1.0,0.996937503695488,0.0029836691501522314,40,500,0.002179522067308426,0.015914834244176744,0.01234031160359533,forced,120,gated,,forced_memory,0,20,1.0,8,prefix-all
1.0,0.9906250238418579,0.9958187551498413,0.004396985334771074,40,500,0.0012534024426713586,0.02115551559184678,0.01973841088140431,forced,20,gated,0,forced_memory,0,20,1.0,8,source-pinned-noise-fifo
1.0,1.0,0.9971250032186508,0.0031770573266246133,40,500,0.0020442150998860598,0.01589441084768623,0.014519401819020098,forced,25,gated,5,forced_memory,0,20,1.0,8,source-pinned-noise-fifo
1.0,1.0,0.9966000055074692,0.0035633892519309645,40,500,0.002543474081903696,0.018133142676670103,0.017235831692440803,forced,30,gated,10,forced_memory,0,20,1.0,8,source-pinned-noise-fifo
1.0,0.9906250238418579,0.9961812545061112,0.004089703531714794,40,500,0.002115075709298253,0.019540609060786664,0.017101327498867246,forced,40,gated,20,forced_memory,0,20,1.0,8,source-pinned-noise-fifo
1.0,0.9906250238418579,0.9966000044345855,0.0034689595010133894,40,500,0.0022856572177261114,0.017348694499116392,0.014270484968728294,forced,60,gated,40,forced_memory,0,20,1.0,8,source-pinned-noise-fifo
1.0,0.9906250238418579,0.9966000044345855,0.0034689595010133894,40,500,0.0022856572177261114,0.017348694499116392,0.014270484968728294,forced,80,gated,60,forced_memory,0,20,1.0,8,source-pinned-noise-fifo
1.0,0.9906250238418579,0.9966000044345855,0.0034689595010133894,40,500,0.0022856572177261114,0.017348694499116392,0.014270484968728294,forced,100,gated,80,forced_memory,0,20,1.0,8,source-pinned-noise-fifo
0.37187501788139343,0.296875,0.3028875064253807,0.012288136025627887,80,500,1.4652001857757568,1.5269770841598511,0.02495432446449566,forced,5,gated,,forced_memory,0,5,0.25,8,source-only
0.578125,0.518750011920929,0.5301812611818314,0.010876184035222544,80,500,0.8818073272705078,0.9490215507745743,0.024290301844340813,forced,10,gated,,forced_memory,0,10,0.5,8,source-only
0.793749988079071,0.765625,0.7629312628507614,0.008193792984445695,80,500,0.3954550623893738,0.46393735373020173,0.02058498271756679,forced,15,gated,,forced_memory,0,15,0.75,8,source-only
1.0,1.0,0.9959312559366226,0.00387649794544167,80,500,0.0024647568352520466,0.021810525899752974,0.018258363314924784,forced,20,gated,,forced_memory,0,20,1.0,8,source-only
1.0,1.0,0.9959312559366226,0.00387649794544167,80,500,0.0024647568352520466,0.021810525899752974,0.018258363314924784,forced,25,gated,,forced_memory,0,20,1.0,8,source-only
1.0,1.0,0.9959312559366226,0.00387649794544167,80,500,0.0024647568352520466,0.021810525899752974,0.018258363314924784,forced,30,gated,,forced_memory,0,20,1.0,8,source-only
0.10000000149011612,0.046875,0.051131250876933335,0.012211897250258542,80,500,2.9826247692108154,2.997946604728699,0.0037272956650925455,forced,10,gated,,forced_memory,0,0,0.0,8,prefix-all
0.09687500447034836,0.05000000074505806,0.0511812508739531,0.012867684615108737,80,500,2.9830470085144043,2.9980835428237915,0.0038773783409592473,forced,20,gated,,forced_memory,0,0,0.0,8,prefix-all
0.09687500447034836,0.05312500149011612,0.05051875089108944,0.012070125706461913,80,500,2.984135150909424,2.9980487394332886,0.003944034629087957,forced,30,gated,,forced_memory,0,0,0.0,8,prefix-all
0.09687500447034836,0.05625000223517418,0.05053125085309148,0.012414197929407313,80,500,2.9840991497039795,2.998049798488617,0.003944359130855945,forced,31,gated,,forced_memory,0,0,0.0,8,prefix-all
0.10000000149011612,0.05312500149011612,0.05068125090375543,0.012557086968932893,80,500,2.984208345413208,2.998045674800873,0.00396546387771708,forced,32,gated,,forced_memory,0,0,0.0,8,prefix-all
0.09375,0.05000000074505806,0.05052500085532665,0.012215423214420394,80,500,2.9841203689575195,2.9980942435264586,0.004016907049023504,forced,40,gated,,forced_memory,0,0,0.0,8,prefix-all
0.09687500447034836,0.05000000074505806,0.05056250081211328,0.012452880068083563,80,500,2.9841156005859375,2.9980862851142884,0.00402305785637807,forced,41,gated,,forced_memory,0,0,0.0,8,prefix-all
0.10000000149011612,0.046875,0.05058125091716647,0.012307662660844671,80,500,2.984149217605591,2.9980796589851377,0.0040068987976022595,forced,42,gated,,forced_memory,0,0,0.0,8,prefix-all
0.10000000149011612,0.05312500149011612,0.05030625092610717,0.01196691258519496,80,500,2.9843273162841797,2.9981066184043885,0.00407568984455859,forced,50,gated,,forced_memory,0,0,0.0,8,prefix-all
0.10000000149011612,0.04062500223517418,0.05061875095590949,0.012029746881313773,80,500,2.9841742515563965,2.9981160178184507,0.0040879878835689215,forced,60,gated,,forced_memory,0,0,0.0,8,prefix-all
0.10000000149011612,0.04374999925494194,0.05091250104084611,0.0119874352519794,80,500,2.984221935272217,2.9981283855438234,0.004101928599659264,forced,61,gated,,forced_memory,0,0,0.0,8,prefix-all
0.10000000149011612,0.04374999925494194,0.05062500098347664,0.011780877277564767,80,500,2.9843013286590576,2.9981334047317505,0.004098298087304326,forced,62,gated,,forced_memory,0,0,0.0,8,prefix-all
0.09687500447034836,0.04374999925494194,0.050918750859797,0.011925699606829883,80,500,2.984483003616333,2.9980888833999635,0.004089693545759074,forced,70,gated,,forced_memory,0,0,0.0,8,prefix-all
0.13437500596046448,0.09375,0.09028125163912773,0.0140805092991096,80,500,2.8056442737579346,2.8882710452079774,0.04002793012537388,forced,80,gated,,forced_memory,0,0,0.0,8,prefix-all
0.9468750357627869,0.940625011920929,0.923231261253357,0.00870167637089519,80,500,0.11585281044244766,0.15663327407836913,0.016706613834107195,forced,100,gated,,forced_memory,0,19,0.95,8,prefix-all
1.0,0.996874988079071,0.9956937561035156,0.004458038930734381,80,500,0.0028446833603084087,0.021061249249149115,0.01942586148274219,forced,101,gated,,forced_memory,0,20,1.0,8,prefix-all
1.0,0.996874988079071,0.9956937561035156,0.004458038930734381,80,500,0.0028446833603084087,0.021061249249149115,0.01942586148274219,forced,102,gated,,forced_memory,0,20,1.0,8,prefix-all
1.0,0.996874988079071,0.9956937561035156,0.004458038930734381,80,500,0.0028446833603084087,0.021061249249149115,0.01942586148274219,forced,120,gated,,forced_memory,0,20,1.0,8,prefix-all
1.0,1.0,0.9959312559366226,0.00387649794544167,80,500,0.0024647568352520466,0.021810525899752974,0.018258363314924784,forced,20,gated,0,forced_memory,0,20,1.0,8,source-pinned-noise-fifo
1.0,1.0,0.9966125047206879,0.0036241069100103624,80,500,0.0020501413382589817,0.017558451756834983,0.014472986282130928,forced,25,gated,5,forced_memory,0,20,1.0,8,source-pinned-noise-fifo
1.0,0.996874988079071,0.996662504196167,0.0035731322404993983,80,500,0.001988212112337351,0.017503121078014373,0.015169572241828754,forced,30,gated,10,forced_memory,0,20,1.0,8,source-pinned-noise-fifo
1.0,1.0,0.9953937553167344,0.005047931368200289,80,500,0.0018270245054736733,0.024625085663283242,0.023285447953085833,forced,40,gated,20,forced_memory,0,20,1.0,8,source-pinned-noise-fifo
1.0,1.0,0.9960937554836273,0.0038419622997956063,80,500,0.001992355566471815,0.02031906347768381,0.017527835235053996,forced,60,gated,40,forced_memory,0,20,1.0,8,source-pinned-noise-fifo
1.0,0.996874988079071,0.9957500063180923,0.0039061157738010084,80,500,0.0031215741764754057,0.021095179928466677,0.016565152612706347,forced,80,gated,60,forced_memory,0,20,1.0,8,source-pinned-noise-fifo
1.0,0.9937500357627869,0.9959625064134597,0.00377430725037836,80,500,0.0022060717456042767,0.019248012789525093,0.01476329529183353,forced,100,gated,80,forced_memory,0,20,1.0,8,source-pinned-noise-fifo
0.375,0.3343749940395355,0.32733750677108764,0.013468893403445254,10,500,1.5667860507965088,1.6621280355453492,0.027791728392292984,forced,5,gated,,forced_memory,1,5,0.25,8,source-only
0.628125011920929,0.609375,0.5845375114679336,0.015144259584669568,10,500,0.791216254234314,0.9005575522184371,0.028905880122378522,forced,10,gated,,forced_memory,1,10,0.5,8,source-only
0.859375,0.831250011920929,0.8166125112771988,0.014129751496652973,10,500,0.3569320738315582,0.43149244266748427,0.027964406999740638,forced,15,gated,,forced_memory,1,15,0.75,8,source-only
1.0,1.0,0.9968812550306321,0.0031405694405353003,10,500,0.00210840767249465,0.016300036653876304,0.013212015693392854,forced,20,gated,,forced_memory,1,20,1.0,8,source-only
1.0,1.0,0.9968812550306321,0.0031405694405353003,10,500,0.00210840767249465,0.016300036653876304,0.013212015693392854,forced,25,gated,,forced_memory,1,20,1.0,8,source-only
1.0,1.0,0.9968812550306321,0.0031405694405353003,10,500,0.00210840767249465,0.016300036653876304,0.013212015693392854,forced,30,gated,,forced_memory,1,20,1.0,8,source-only
0.39375001192092896,0.35625001788139343,0.3416937561035156,0.012135721176376731,10,500,1.697134017944336,1.7596665391921997,0.022963501707752434,forced,10,gated,,forced_memory,1,0,0.0,8,prefix-all
0.75,0.721875011920929,0.7183000127077103,0.008253351905664922,10,500,0.5463830828666687,0.6073143321275711,0.02073675072534443,forced,20,gated,,forced_memory,1,9,0.45,8,prefix-all
0.9906250238418579,0.949999988079071,0.9680687620639801,0.008056488160010613,10,500,0.04806799441576004,0.08416277171671391,0.01740371594209997,forced,30,gated,,forced_memory,1,19,0.95,8,prefix-all
1.0,0.9937500357627869,0.9951687564849854,0.0048892794750548755,10,500,0.003036487614735961,0.024131500812247395,0.019588928911672913,forced,31,gated,,forced_memory,1,20,1.0,8,prefix-all
1.0,0.9937500357627869,0.9951687564849854,0.0048892794750548755,10,500,0.003036487614735961,0.024131500812247395,0.019588928911672913,forced,32,gated,,forced_memory,1,20,1.0,8,prefix-all
1.0,0.9937500357627869,0.9951687564849854,0.0048892794750548755,10,500,0.003036487614735961,0.024131500812247395,0.019588928911672913,forced,40,gated,,forced_memory,1,20,1.0,8,prefix-all
1.0,0.9937500357627869,0.9951687564849854,0.0048892794750548755,10,500,0.003036487614735961,0.024131500812247395,0.019588928911672913,forced,41,gated,,forced_memory,1,20,1.0,8,prefix-all
1.0,0.9937500357627869,0.9951687564849854,0.0048892794750548755,10,500,0.003036487614735961,0.024131500812247395,0.019588928911672913,forced,42,gated,,forced_memory,1,20,1.0,8,prefix-all
1.0,0.9937500357627869,0.9951687564849854,0.0048892794750548755,10,500,0.003036487614735961,0.024131500812247395,0.019588928911672913,forced,50,gated,,forced_memory,1,20,1.0,8,prefix-all
1.0,0.9937500357627869,0.9951687564849854,0.0048892794750548755,10,500,0.003036487614735961,0.024131500812247395,0.019588928911672913,forced,60,gated,,forced_memory,1,20,1.0,8,prefix-all
1.0,0.9937500357627869,0.9951687564849854,0.0048892794750548755,10,500,0.003036487614735961,0.024131500812247395,0.019588928911672913,forced,61,gated,,forced_memory,1,20,1.0,8,prefix-all
1.0,0.9937500357627869,0.9951687564849854,0.0048892794750548755,10,500,0.003036487614735961,0.024131500812247395,0.019588928911672913,forced,62,gated,,forced_memory,1,20,1.0,8,prefix-all
1.0,0.9937500357627869,0.9951687564849854,0.0048892794750548755,10,500,0.003036487614735961,0.024131500812247395,0.019588928911672913,forced,70,gated,,forced_memory,1,20,1.0,8,prefix-all
1.0,0.9937500357627869,0.9951687564849854,0.0048892794750548755,10,500,0.003036487614735961,0.024131500812247395,0.019588928911672913,forced,80,gated,,forced_memory,1,20,1.0,8,prefix-all
1.0,0.9937500357627869,0.9951687564849854,0.0048892794750548755,10,500,0.003036487614735961,0.024131500812247395,0.019588928911672913,forced,100,gated,,forced_memory,1,20,1.0,8,prefix-all
1.0,0.9937500357627869,0.9951687564849854,0.0048892794750548755,10,500,0.003036487614735961,0.024131500812247395,0.019588928911672913,forced,101,gated,,forced_memory,1,20,1.0,8,prefix-all
1.0,0.9937500357627869,0.9951687564849854,0.0048892794750548755,10,500,0.003036487614735961,0.024131500812247395,0.019588928911672913,forced,102,gated,,forced_memory,1,20,1.0,8,prefix-all
1.0,0.9937500357627869,0.9951687564849854,0.0048892794750548755,10,500,0.003036487614735961,0.024131500812247395,0.019588928911672913,forced,120,gated,,forced_memory,1,20,1.0,8,prefix-all
1.0,1.0,0.9968812550306321,0.0031405694405353003,10,500,0.00210840767249465,0.016300036653876304,0.013212015693392854,forced,20,gated,0,forced_memory,1,20,1.0,8,source-pinned-noise-fifo
1.0,0.996874988079071,0.9961000047922134,0.00398052962570298,10,500,0.0019996503833681345,0.021200235604308545,0.01842031067416372,forced,25,gated,5,forced_memory,1,20,1.0,8,source-pinned-noise-fifo
1.0,0.996874988079071,0.9973625012636185,0.0032047012832282363,10,500,0.0013803137699142098,0.014748660176759586,0.01597633232737914,forced,30,gated,10,forced_memory,1,20,1.0,8,source-pinned-noise-fifo
1.0,0.996874988079071,0.9973625012636185,0.0032047012832282363,10,500,0.0013803137699142098,0.014748660176759586,0.01597633232737914,forced,40,gated,20,forced_memory,1,20,1.0,8,source-pinned-noise-fifo
1.0,0.996874988079071,0.9973625012636185,0.0032047012832282363,10,500,0.0013803137699142098,0.014748660176759586,0.01597633232737914,forced,60,gated,40,forced_memory,1,20,1.0,8,source-pinned-noise-fifo
1.0,0.996874988079071,0.9973625012636185,0.0032047012832282363,10,500,0.0013803137699142098,0.014748660176759586,0.01597633232737914,forced,80,gated,60,forced_memory,1,20,1.0,8,source-pinned-noise-fifo
1.0,0.996874988079071,0.9973625012636185,0.0032047012832282363,10,500,0.0013803137699142098,0.014748660176759586,0.01597633232737914,forced,100,gated,80,forced_memory,1,20,1.0,8,source-pinned-noise-fifo
0.35625001788139343,0.31562501192092896,0.3054875060915947,0.012478288263308419,20,500,1.4826617240905762,1.5477149755954742,0.02549033205185217,forced,5,gated,,forced_memory,1,5,0.25,8,source-only
0.621874988079071,0.574999988079071,0.5726687620878219,0.01454568585088615,20,500,0.8068886995315552,0.9038869122266769,0.02830082414071996,forced,10,gated,,forced_memory,1,10,0.5,8,source-only
0.856249988079071,0.824999988079071,0.8188000116348266,0.013414859511314613,20,500,0.35730472207069397,0.42775431978702544,0.02917448106481468,forced,15,gated,,forced_memory,1,15,0.75,8,source-only
1.0,1.0,0.9945937585830689,0.005036092717000916,20,500,0.002323336433619261,0.02727409536903724,0.022606399385615907,forced,20,gated,,forced_memory,1,20,1.0,8,source-only
1.0,1.0,0.9945937585830689,0.005036092717000916,20,500,0.002323336433619261,0.02727409536903724,0.022606399385615907,forced,25,gated,,forced_memory,1,20,1.0,8,source-only
1.0,1.0,0.9945937585830689,0.005036092717000916,20,500,0.002323336433619261,0.02727409536903724,0.022606399385615907,forced,30,gated,,forced_memory,1,20,1.0,8,source-only
0.10000000149011612,0.04374999925494194,0.05085625085607171,0.012005420508232854,20,500,2.981065273284912,2.99784432220459,0.0036294313847325846,forced,10,gated,,forced_memory,1,0,0.0,8,prefix-all
0.4312500059604645,0.37187501788139343,0.379150005042553,0.014538612282931997,20,500,1.7858772277832031,1.8826194276809693,0.032028078699836045,forced,20,gated,,forced_memory,1,0,0.0,8,prefix-all
0.793749988079071,0.7562500238418579,0.7655062621831894,0.008469012316515439,20,500,0.48650026321411133,0.5453137129545211,0.022420385063522265,forced,30,gated,,forced_memory,1,9,0.45,8,prefix-all
0.8375000357627869,0.809374988079071,0.8115875123739242,0.007163503280223728,20,500,0.3689664900302887,0.4303280014395714,0.019724741516804294,forced,31,gated,,forced_memory,1,10,0.5,8,prefix-all
0.8812500238418579,0.846875011920929,0.8565875109434128,0.006743293904881533,20,500,0.26408272981643677,0.31802554047107695,0.02011721968757209,forced,32,gated,,forced_memory,1,11,0.55,8,prefix-all
0.940625011920929,0.9375,0.9212687611579895,0.009111057656887975,20,500,0.11924447864294052,0.1599905251711607,0.01928914266947501,forced,40,gated,,forced_memory,1,19,0.95,8,prefix-all
0.96875,0.9468750357627869,0.9497500071525574,0.004336431348054741,20,500,0.07543344795703888,0.1054493415504694,0.014889649298196587,forced,41,gated,,forced_memory,1,20,1.0,8,prefix-all
0.96875,0.9468750357627869,0.9497500071525574,0.004336431348054741,20,500,0.07543344795703888,0.1054493415504694,0.014889649298196587,forced,42,gated,,forced_memory,1,20,1.0,8,prefix-all
0.96875,0.9468750357627869,0.9497500071525574,0.004336431348054741,20,500,0.07543344795703888,0.1054493415504694,0.014889649298196587,forced,50,gated,,forced_memory,1,20,1.0,8,prefix-all
0.96875,0.9468750357627869,0.9497500071525574,0.004336431348054741,20,500,0.07543344795703888,0.1054493415504694,0.014889649298196587,forced,60,gated,,forced_memory,1,20,1.0,8,prefix-all
0.96875,0.9468750357627869,0.9497500071525574,0.004336431348054741,20,500,0.07543344795703888,0.1054493415504694,0.014889649298196587,forced,61,gated,,forced_memory,1,20,1.0,8,prefix-all
0.96875,0.9468750357627869,0.9497500071525574,0.004336431348054741,20,500,0.07543344795703888,0.1054493415504694,0.014889649298196587,forced,62,gated,,forced_memory,1,20,1.0,8,prefix-all
0.96875,0.9468750357627869,0.9497500071525574,0.004336431348054741,20,500,0.07543344795703888,0.1054493415504694,0.014889649298196587,forced,70,gated,,forced_memory,1,20,1.0,8,prefix-all
0.96875,0.9468750357627869,0.9497500071525574,0.004336431348054741,20,500,0.07543344795703888,0.1054493415504694,0.014889649298196587,forced,80,gated,,forced_memory,1,20,1.0,8,prefix-all
0.96875,0.9468750357627869,0.9497500071525574,0.004336431348054741,20,500,0.07543344795703888,0.1054493415504694,0.014889649298196587,forced,100,gated,,forced_memory,1,20,1.0,8,prefix-all
0.96875,0.9468750357627869,0.9497500071525574,0.004336431348054741,20,500,0.07543344795703888,0.1054493415504694,0.014889649298196587,forced,101,gated,,forced_memory,1,20,1.0,8,prefix-all
0.96875,0.9468750357627869,0.9497500071525574,0.004336431348054741,20,500,0.07543344795703888,0.1054493415504694,0.014889649298196587,forced,102,gated,,forced_memory,1,20,1.0,8,prefix-all
0.96875,0.9468750357627869,0.9497500071525574,0.004336431348054741,20,500,0.07543344795703888,0.1054493415504694,0.014889649298196587,forced,120,gated,,forced_memory,1,20,1.0,8,prefix-all
1.0,1.0,0.9945937585830689,0.005036092717000916,20,500,0.002323336433619261,0.02727409536903724,0.022606399385615907,forced,20,gated,0,forced_memory,1,20,1.0,8,source-pinned-noise-fifo
1.0,0.996874988079071,0.9943000106811524,0.004581101179542603,20,500,0.003897071583196521,0.02755541516421363,0.018522489394470477,forced,25,gated,5,forced_memory,1,20,1.0,8,source-pinned-noise-fifo
1.0,0.9906250238418579,0.9966625044345856,0.0036434994508811745,20,500,0.0016746425535529852,0.01811991382436827,0.017569110858992074,forced,30,gated,10,forced_memory,1,20,1.0,8,source-pinned-noise-fifo
1.0,1.0,0.9961562559604645,0.0038439947628446155,20,500,0.0025154403410851955,0.019294407345354557,0.01546616977843736,forced,40,gated,20,forced_memory,1,20,1.0,8,source-pinned-noise-fifo
1.0,1.0,0.9961562559604645,0.0038439947628446155,20,500,0.0025154403410851955,0.019294407345354557,0.01546616977843736,forced,60,gated,40,forced_memory,1,20,1.0,8,source-pinned-noise-fifo
1.0,1.0,0.9961562559604645,0.0038439947628446155,20,500,0.0025154403410851955,0.019294407345354557,0.01546616977843736,forced,80,gated,60,forced_memory,1,20,1.0,8,source-pinned-noise-fifo
1.0,1.0,0.9961562559604645,0.0038439947628446155,20,500,0.0025154403410851955,0.019294407345354557,0.01546616977843736,forced,100,gated,80,forced_memory,1,20,1.0,8,source-pinned-noise-fifo
0.36250001192092896,0.3343749940395355,0.31183125561475755,0.012765998845605796,40,500,1.5856233835220337,1.651375339269638,0.02595245831175631,forced,5,gated,,forced_memory,1,5,0.25,8,source-only
0.637499988079071,0.590624988079071,0.5892312611341477,0.013695590411410791,40,500,0.8132305145263672,0.909201473236084,0.02647605441068192,forced,10,gated,,forced_memory,1,10,0.5,8,source-only
0.793749988079071,0.7750000357627869,0.7630437617301941,0.008184709945869522,40,500,0.42164263129234314,0.4681231856942177,0.018919655374961205,forced,15,gated,,forced_memory,1,15,0.75,8,source-only
1.0,0.996874988079071,0.9966625046730041,0.0033764016646243592,40,500,0.002044567372649908,0.017148916570004075,0.013628627263616003,forced,20,gated,,forced_memory,1,20,1.0,8,source-only
1.0,0.996874988079071,0.9966625046730041,0.0033764016646243592,40,500,0.002044567372649908,0.017148916570004075,0.013628627263616003,forced,25,gated,,forced_memory,1,20,1.0,8,source-only
1.0,0.996874988079071,0.9966625046730041,0.0033764016646243592,40,500,0.002044567372649908,0.017148916570004075,0.013628627263616003,forced,30,gated,,forced_memory,1,20,1.0,8,source-only
0.09687500447034836,0.046875,0.049362500801682474,0.011678633165230596,40,500,2.9817066192626953,2.9979693536758423,0.0037218152066820736,forced,10,gated,,forced_memory,1,0,0.0,8,prefix-all
0.09375,0.04374999925494194,0.04936250088363886,0.012133045270314934,40,500,2.981520175933838,2.997930311203003,0.0037025634533060397,forced,20,gated,,forced_memory,1,0,0.0,8,prefix-all
0.09062500298023224,0.04374999925494194,0.04935000088438392,0.012108210248606994,40,500,2.9807381629943848,2.998001564502716,0.003703019926672959,forced,30,gated,,forced_memory,1,0,0.0,8,prefix-all
0.09687500447034836,0.04062500223517418,0.04929375088959932,0.011976101040444102,40,500,2.9810235500335693,2.998005331993103,0.003707772811867897,forced,31,gated,,forced_memory,1,0,0.0,8,prefix-all
0.10000000149011612,0.04062500223517418,0.049425000831484794,0.012035975035864064,40,500,2.9810843467712402,2.9979935879707336,0.003710092385033871,forced,32,gated,,forced_memory,1,0,0.0,8,prefix-all
0.3843750059604645,0.34687501192092896,0.33783125615119936,0.012016738082664917,40,500,1.6742773056030273,1.7468623797893523,0.027377939210726586,forced,40,gated,,forced_memory,1,0,0.0,8,prefix-all
0.15937499701976776,0.12812499701976776,0.11396250168979168,0.013049251940727648,40,500,2.538219451904297,2.5973042883872988,0.017000718026661966,forced,41,gated,,forced_memory,1,0,0.0,8,prefix-all
0.21875,0.19375000894069672,0.1730500031709671,0.01248069743098332,40,500,2.1554558277130127,2.2194190077781677,0.022857627392654834,forced,42,gated,,forced_memory,1,1,0.05,8,prefix-all
0.746874988079071,0.71875,0.7163875116109848,0.007871317553856234,40,500,0.5558905601501465,0.6122478822469711,0.021588670602804196,forced,50,gated,,forced_memory,1,9,0.45,8,prefix-all
0.971875011920929,0.953125,0.9510937600135804,0.006062417565626551,40,500,0.06816548109054565,0.10495983001589775,0.016432915948426618,forced,60,gated,,forced_memory,1,19,0.95,8,prefix-all
1.0,1.0,0.9964625046253205,0.0035169359167631833,40,500,0.0026189987547695637,0.01796335736196488,0.013670167481994329,forced,61,gated,,forced_memory,1,20,1.0,8,prefix-all
1.0,1.0,0.9964625046253205,0.0035169359167631833,40,500,0.0026189987547695637,0.01796335736196488,0.013670167481994329,forced,62,gated,,forced_memory,1,20,1.0,8,prefix-all
1.0,1.0,0.9964625046253205,0.0035169359167631833,40,500,0.0026189987547695637,0.01796335736196488,0.013670167481994329,forced,70,gated,,forced_memory,1,20,1.0,8,prefix-all
1.0,1.0,0.9964625046253205,0.0035169359167631833,40,500,0.0026189987547695637,0.01796335736196488,0.013670167481994329,forced,80,gated,,forced_memory,1,20,1.0,8,prefix-all
1.0,1.0,0.9964625046253205,0.0035169359167631833,40,500,0.0026189987547695637,0.01796335736196488,0.013670167481994329,forced,100,gated,,forced_memory,1,20,1.0,8,prefix-all
1.0,1.0,0.9964625046253205,0.0035169359167631833,40,500,0.0026189987547695637,0.01796335736196488,0.013670167481994329,forced,101,gated,,forced_memory,1,20,1.0,8,prefix-all
1.0,1.0,0.9964625046253205,0.0035169359167631833,40,500,0.0026189987547695637,0.01796335736196488,0.013670167481994329,forced,102,gated,,forced_memory,1,20,1.0,8,prefix-all
1.0,1.0,0.9964625046253205,0.0035169359167631833,40,500,0.0026189987547695637,0.01796335736196488,0.013670167481994329,forced,120,gated,,forced_memory,1,20,1.0,8,prefix-all
1.0,0.996874988079071,0.9966625046730041,0.0033764016646243592,40,500,0.002044567372649908,0.017148916570004075,0.013628627263616003,forced,20,gated,0,forced_memory,1,20,1.0,8,source-pinned-noise-fifo
1.0,1.0,0.9948125081062317,0.004889793575203563,40,500,0.0018245266983285546,0.025750253399601207,0.021176921239375535,forced,25,gated,5,forced_memory,1,20,1.0,8,source-pinned-noise-fifo
1.0,1.0,0.994812508225441,0.004503029785209313,40,500,0.0020678762812167406,0.02497999107046053,0.017920080381541074,forced,30,gated,10,forced_memory,1,20,1.0,8,source-pinned-noise-fifo
1.0,1.0,0.9968875036239624,0.0035465346273433904,40,500,0.0013432062696665525,0.01646278554899618,0.015933750974663624,forced,40,gated,20,forced_memory,1,20,1.0,8,source-pinned-noise-fifo
1.0,0.996874988079071,0.996625004529953,0.003425537487873416,40,500,0.002189654391258955,0.018686447558924554,0.01715885242781063,forced,60,gated,40,forced_memory,1,20,1.0,8,source-pinned-noise-fifo
1.0,0.996874988079071,0.996625004529953,0.003425537487873416,40,500,0.002189654391258955,0.018686447558924554,0.01715885242781063,forced,80,gated,60,forced_memory,1,20,1.0,8,source-pinned-noise-fifo
1.0,0.996874988079071,0.996625004529953,0.003425537487873416,40,500,0.002189654391258955,0.018686447558924554,0.01715885242781063,forced,100,gated,80,forced_memory,1,20,1.0,8,source-pinned-noise-fifo
0.36250001192092896,0.296875,0.3115625057220459,0.012238675500468367,80,500,1.644067406654358,1.7153012793064117,0.03185960442086643,forced,5,gated,,forced_memory,1,5,0.25,8,source-only
0.59375,0.5531250238418579,0.5577375118732453,0.01282446950096204,80,500,0.8518244028091431,0.9421847993135453,0.02507817247344866,forced,10,gated,,forced_memory,1,10,0.5,8,source-only
0.8687500357627869,0.8343750238418579,0.8236812616586685,0.012177045827676607,80,500,0.31798073649406433,0.4033912550806999,0.027369562575469512,forced,15,gated,,forced_memory,1,15,0.75,8,source-only
1.0,0.996874988079071,0.9974687525033951,0.0029280010825073113,80,500,0.001962094334885478,0.014365154998376966,0.013299370236117363,forced,20,gated,,forced_memory,1,20,1.0,8,source-only
1.0,0.996874988079071,0.9974687525033951,0.0029280010825073113,80,500,0.001962094334885478,0.014365154998376966,0.013299370236117363,forced,25,gated,,forced_memory,1,20,1.0,8,source-only
1.0,0.996874988079071,0.9974687525033951,0.0029280010825073113,80,500,0.001962094334885478,0.014365154998376966,0.013299370236117363,forced,30,gated,,forced_memory,1,20,1.0,8,source-only
0.09375,0.04062500223517418,0.050037500772625206,0.012465521285633116,80,500,2.983142852783203,2.998084847450256,0.003973288666801973,forced,10,gated,,forced_memory,1,0,0.0,8,prefix-all
0.09375,0.03750000149011612,0.049918750859797,0.011913311786383184,80,500,2.9832262992858887,2.99804802942276,0.003979407146563139,forced,20,gated,,forced_memory,1,0,0.0,8,prefix-all
0.09375,0.046875,0.04984375087171793,0.012005654823090631,80,500,2.982880115509033,2.998009799003601,0.003936027491466644,forced,30,gated,,forced_memory,1,0,0.0,8,prefix-all
0.09687500447034836,0.046875,0.0501312508918345,0.01232226632513932,80,500,2.9827880859375,2.9980038752555846,0.003947113902935047,forced,31,gated,,forced_memory,1,0,0.0,8,prefix-all
0.09687500447034836,0.05312500149011612,0.049943750785663724,0.012499092416994963,80,500,2.982354164123535,2.998010922431946,0.003948015612465793,forced,32,gated,,forced_memory,1,0,0.0,8,prefix-all
0.10000000149011612,0.05312500149011612,0.04985625085234642,0.012407424640874463,80,500,2.982879400253296,2.997992506980896,0.003933839895772454,forced,40,gated,,forced_memory,1,0,0.0,8,prefix-all
0.10000000149011612,0.05625000223517418,0.05014375092089176,0.012514009536517915,80,500,2.9828732013702393,2.997985996723175,0.003931279243370034,forced,41,gated,,forced_memory,1,0,0.0,8,prefix-all
0.10000000149011612,0.05625000223517418,0.04998750087991357,0.012234678228609942,80,500,2.982903003692627,2.9980040192604065,0.003940825067629849,forced,42,gated,,forced_memory,1,0,0.0,8,prefix-all
0.09687500447034836,0.05937499925494194,0.05025000083632767,0.012395500969154292,80,500,2.983447551727295,2.9979897837638854,0.003929666999045039,forced,50,gated,,forced_memory,1,0,0.0,8,prefix-all
0.09062500298023224,0.05312500149011612,0.049962500996887683,0.012333206242665627,80,500,2.9829211235046387,2.998007019996643,0.003917551136364967,forced,60,gated,,forced_memory,1,0,0.0,8,prefix-all
0.09375,0.05312500149011612,0.05013125090673566,0.012279395801238832,80,500,2.9834818840026855,2.998009322166443,0.0039133849451662974,forced,61,gated,,forced_memory,1,0,0.0,8,prefix-all
0.09375,0.05312500149011612,0.05004375090263784,0.012264104076344796,80,500,2.98353910446167,2.9980044298171995,0.003918086118739028,forced,62,gated,,forced_memory,1,0,0.0,8,prefix-all
0.09375,0.05625000223517418,0.05015000101178885,0.012252908194162797,80,500,2.9839069843292236,2.9980349321365356,0.003944409607808579,forced,70,gated,,forced_memory,1,0,0.0,8,prefix-all
0.13437500596046448,0.08749999850988388,0.09385625157505274,0.013916900367789423,80,500,2.7601139545440674,2.871121364116669,0.04629056231756414,forced,80,gated,,forced_memory,1,0,0.0,8,prefix-all
0.9312500357627869,0.925000011920929,0.9080000120401382,0.008566375956779837,80,500,0.13628923892974854,0.17645516526699065,0.018181315579041804,forced,100,gated,,forced_memory,1,19,0.95,8,prefix-all
1.0,0.9906250238418579,0.9952437579631805,0.004534490691350786,80,500,0.0029731150716543198,0.023275933935772628,0.018737935811194758,forced,101,gated,,forced_memory,1,20,1.0,8,prefix-all
1.0,0.9906250238418579,0.9952437579631805,0.004534490691350786,80,500,0.0029731150716543198,0.023275933935772628,0.018737935811194758,forced,102,gated,,forced_memory,1,20,1.0,8,prefix-all
1.0,0.9906250238418579,0.9952437579631805,0.004534490691350786,80,500,0.0029731150716543198,0.023275933935772628,0.018737935811194758,forced,120,gated,,forced_memory,1,20,1.0,8,prefix-all
1.0,0.996874988079071,0.9974687525033951,0.0029280010825073113,80,500,0.001962094334885478,0.014365154998376966,0.013299370236117363,forced,20,gated,0,forced_memory,1,20,1.0,8,source-pinned-noise-fifo
1.0,1.0,0.9956375070810318,0.003922063105628163,80,500,0.0032403289806097746,0.022689835797064007,0.017002593716686214,forced,25,gated,5,forced_memory,1,20,1.0,8,source-pinned-noise-fifo
1.0,1.0,0.9961812560558319,0.003666663126728434,80,500,0.0027423896826803684,0.01965514263883233,0.01611844305935193,forced,30,gated,10,forced_memory,1,20,1.0,8,source-pinned-noise-fifo
1.0,1.0,0.9964625037908554,0.0038812562085156752,80,500,0.002448707353323698,0.018473813339602203,0.01741193887682542,forced,40,gated,20,forced_memory,1,20,1.0,8,source-pinned-noise-fifo
1.0,0.9937500357627869,0.9956125078201294,0.004051397939516477,80,500,0.001986630028113723,0.023182569889817387,0.018473446848462038,forced,60,gated,40,forced_memory,1,20,1.0,8,source-pinned-noise-fifo
1.0,0.9906250238418579,0.9961187555789948,0.004001254982438507,80,500,0.0028864084742963314,0.01948080654395744,0.016835998131165538,forced,80,gated,60,forced_memory,1,20,1.0,8,source-pinned-noise-fifo
1.0,0.9906250238418579,0.9943500096797944,0.004621544983541935,80,500,0.003917536698281765,0.025990410573780535,0.018018024632690723,forced,100,gated,80,forced_memory,1,20,1.0,8,source-pinned-noise-fifo
0.37187501788139343,0.32500001788139343,0.3153500065207481,0.012613646195026761,10,500,1.6143890619277954,1.7031306526660919,0.025631006418299893,forced,5,gated,,forced_memory,2,5,0.25,8,source-only
0.581250011920929,0.5218750238418579,0.5342125123739243,0.010310272847944243,10,500,0.9362168312072754,0.9912909374237061,0.021164591500444096,forced,10,gated,,forced_memory,2,10,0.5,8,source-only
0.7593750357627869,0.731249988079071,0.7201875101327896,0.013008560278891423,10,500,0.5680116415023804,0.644073724269867,0.027133569053287104,forced,15,gated,,forced_memory,2,15,0.75,8,source-only
1.0,0.9937500357627869,0.9966437547206879,0.0035085235613746247,10,500,0.0018540790770202875,0.018458278076257557,0.01643625713573393,forced,20,gated,,forced_memory,2,20,1.0,8,source-only
1.0,0.9937500357627869,0.9966437547206879,0.0035085235613746247,10,500,0.0018540790770202875,0.018458278076257557,0.01643625713573393,forced,25,gated,,forced_memory,2,20,1.0,8,source-only
1.0,0.9937500357627869,0.9966437547206879,0.0035085235613746247,10,500,0.0018540790770202875,0.018458278076257557,0.01643625713573393,forced,30,gated,,forced_memory,2,20,1.0,8,source-only
0.42500001192092896,0.3812499940395355,0.3846312563419342,0.011361976317971425,10,500,1.5699751377105713,1.6342673003673553,0.020758389472097287,forced,10,gated,,forced_memory,2,0,0.0,8,prefix-all
0.7906250357627869,0.7750000357627869,0.7661375117301941,0.007474634669958619,10,500,0.49088114500045776,0.5432568922638893,0.021024163965258698,forced,20,gated,,forced_memory,2,9,0.45,8,prefix-all
0.9906250238418579,0.9625000357627869,0.9645000103712081,0.008495403095120325,10,500,0.049878932535648346,0.09481528374552727,0.019583296395522982,forced,30,gated,,forced_memory,2,19,0.95,8,prefix-all
1.0,0.9906250238418579,0.9959125061035157,0.0038995289917457066,10,500,0.0019557164050638676,0.02164321953151375,0.01795421042234779,forced,31,gated,,forced_memory,2,20,1.0,8,prefix-all
1.0,0.9906250238418579,0.9959125061035157,0.0038995289917457066,10,500,0.0019557164050638676,0.02164321953151375,0.01795421042234779,forced,32,gated,,forced_memory,2,20,1.0,8,prefix-all
1.0,0.9906250238418579,0.9959125061035157,0.0038995289917457066,10,500,0.0019557164050638676,0.02164321953151375,0.01795421042234779,forced,40,gated,,forced_memory,2,20,1.0,8,prefix-all
1.0,0.9906250238418579,0.9959125061035157,0.0038995289917457066,10,500,0.0019557164050638676,0.02164321953151375,0.01795421042234779,forced,41,gated,,forced_memory,2,20,1.0,8,prefix-all
1.0,0.9906250238418579,0.9959125061035157,0.0038995289917457066,10,500,0.0019557164050638676,0.02164321953151375,0.01795421042234779,forced,42,gated,,forced_memory,2,20,1.0,8,prefix-all
1.0,0.9906250238418579,0.9959125061035157,0.0038995289917457066,10,500,0.0019557164050638676,0.02164321953151375,0.01795421042234779,forced,50,gated,,forced_memory,2,20,1.0,8,prefix-all
1.0,0.9906250238418579,0.9959125061035157,0.0038995289917457066,10,500,0.0019557164050638676,0.02164321953151375,0.01795421042234779,forced,60,gated,,forced_memory,2,20,1.0,8,prefix-all
1.0,0.9906250238418579,0.9959125061035157,0.0038995289917457066,10,500,0.0019557164050638676,0.02164321953151375,0.01795421042234779,forced,61,gated,,forced_memory,2,20,1.0,8,prefix-all
1.0,0.9906250238418579,0.9959125061035157,0.0038995289917457066,10,500,0.0019557164050638676,0.02164321953151375,0.01795421042234779,forced,62,gated,,forced_memory,2,20,1.0,8,prefix-all
1.0,0.9906250238418579,0.9959125061035157,0.0038995289917457066,10,500,0.0019557164050638676,0.02164321953151375,0.01795421042234779,forced,70,gated,,forced_memory,2,20,1.0,8,prefix-all
1.0,0.9906250238418579,0.9959125061035157,0.0038995289917457066,10,500,0.0019557164050638676,0.02164321953151375,0.01795421042234779,forced,80,gated,,forced_memory,2,20,1.0,8,prefix-all
1.0,0.9906250238418579,0.9959125061035157,0.0038995289917457066,10,500,0.0019557164050638676,0.02164321953151375,0.01795421042234779,forced,100,gated,,forced_memory,2,20,1.0,8,prefix-all
1.0,0.9906250238418579,0.9959125061035157,0.0038995289917457066,10,500,0.0019557164050638676,0.02164321953151375,0.01795421042234779,forced,101,gated,,forced_memory,2,20,1.0,8,prefix-all
1.0,0.9906250238418579,0.9959125061035157,0.0038995289917457066,10,500,0.0019557164050638676,0.02164321953151375,0.01795421042234779,forced,102,gated,,forced_memory,2,20,1.0,8,prefix-all
1.0,0.9906250238418579,0.9959125061035157,0.0038995289917457066,10,500,0.0019557164050638676,0.02164321953151375,0.01795421042234779,forced,120,gated,,forced_memory,2,20,1.0,8,prefix-all
1.0,0.9937500357627869,0.9966437547206879,0.0035085235613746247,10,500,0.0018540790770202875,0.018458278076257557,0.01643625713573393,forced,20,gated,0,forced_memory,2,20,1.0,8,source-pinned-noise-fifo
1.0,0.9906250238418579,0.9963687543869019,0.0036386452687939314,10,500,0.0015300249215215445,0.018882066124817357,0.01582186159612522,forced,25,gated,5,forced_memory,2,20,1.0,8,source-pinned-noise-fifo
1.0,0.996874988079071,0.9958312559127808,0.0038151069861660416,10,500,0.0030548404902219772,0.02155556987132877,0.016793042521786743,forced,30,gated,10,forced_memory,2,20,1.0,8,source-pinned-noise-fifo
1.0,0.996874988079071,0.9958312559127808,0.0038151069861660416,10,500,0.0030548404902219772,0.02155556987132877,0.016793042521786743,forced,40,gated,20,forced_memory,2,20,1.0,8,source-pinned-noise-fifo
1.0,0.996874988079071,0.9958312559127808,0.0038151069861660416,10,500,0.0030548404902219772,0.02155556987132877,0.016793042521786743,forced,60,gated,40,forced_memory,2,20,1.0,8,source-pinned-noise-fifo
1.0,0.996874988079071,0.9958312559127808,0.0038151069861660416,10,500,0.0030548404902219772,0.02155556987132877,0.016793042521786743,forced,80,gated,60,forced_memory,2,20,1.0,8,source-pinned-noise-fifo
1.0,0.996874988079071,0.9958312559127808,0.0038151069861660416,10,500,0.0030548404902219772,0.02155556987132877,0.016793042521786743,forced,100,gated,80,forced_memory,2,20,1.0,8,source-pinned-noise-fifo
0.37812501192092896,0.328125,0.3267625053524971,0.015760011840186893,20,500,1.438556432723999,1.5368721098899842,0.04937324605059377,forced,5,gated,,forced_memory,2,5,0.25,8,source-only
0.5843750238418579,0.5375000238418579,0.5382875120639801,0.01257186291491544,20,500,0.9285645484924316,0.9892030022144318,0.023936581838575024,forced,10,gated,,forced_memory,2,10,0.5,8,source-only
0.793749988079071,0.765625,0.7731625117063522,0.007787620525036439,20,500,0.4953712522983551,0.5441749314665795,0.019265027914008467,forced,15,gated,,forced_memory,2,15,0.75,8,source-only
1.0,1.0,0.9971937522888183,0.003376722559952235,20,500,0.0022043692879378796,0.01528237214172259,0.014587396620243871,forced,20,gated,,forced_memory,2,20,1.0,8,source-only
1.0,1.0,0.9971937522888183,0.003376722559952235,20,500,0.0022043692879378796,0.01528237214172259,0.014587396620243871,forced,25,gated,,forced_memory,2,20,1.0,8,source-only
1.0,1.0,0.9971937522888183,0.003376722559952235,20,500,0.0022043692879378796,0.01528237214172259,0.014587396620243871,forced,30,gated,,forced_memory,2,20,1.0,8,source-only
0.09687500447034836,0.03437500074505806,0.04921250096708536,0.012077426188439834,20,500,2.980320692062378,2.9983012161254883,0.0039335840206670405,forced,10,gated,,forced_memory,2,0,0.0,8,prefix-all
0.37187501788139343,0.328125,0.33439375579357145,0.01001267011787919,20,500,2.0093994140625,2.040450659751892,0.010265616444944298,forced,20,gated,,forced_memory,2,0,0.0,8,prefix-all
0.793749988079071,0.762499988079071,0.7657750120162964,0.007982950347233226,20,500,0.48057737946510315,0.5427740544080735,0.020998610206464884,forced,30,gated,,forced_memory,2,9,0.45,8,prefix-all
0.840624988079071,0.8062500357627869,0.8109250127077102,0.007653368719700012,20,500,0.37278851866722107,0.4296986290216446,0.023266969045719718,forced,31,gated,,forced_memory,2,10,0.5,8,prefix-all
0.878125011920929,0.8531250357627869,0.8548750107288361,0.006779448689700655,20,500,0.2625676393508911,0.31920437622070313,0.0211656042962135,forced,32,gated,,forced_memory,2,11,0.55,8,prefix-all
0.9781250357627869,0.953125,0.957731262087822,0.00814020504250576,20,500,0.06298285722732544,0.09949425798654556,0.016037792839946503,forced,40,gated,,forced_memory,2,19,0.95,8,prefix-all
0.965624988079071,0.953125,0.9493375086784362,0.004387314990930581,20,500,0.06998958438634872,0.10653589691221714,0.015939567338207988,forced,41,gated,,forced_memory,2,20,1.0,8,prefix-all
0.965624988079071,0.953125,0.9493375086784362,0.004387314990930581,20,500,0.06998958438634872,0.10653589691221714,0.015939567338207988,forced,42,gated,,forced_memory,2,20,1.0,8,prefix-all
0.965624988079071,0.953125,0.9493375086784362,0.004387314990930581,20,500,0.06998958438634872,0.10653589691221714,0.015939567338207988,forced,50,gated,,forced_memory,2,20,1.0,8,prefix-all
0.965624988079071,0.953125,0.9493375086784362,0.004387314990930581,20,500,0.06998958438634872,0.10653589691221714,0.015939567338207988,forced,60,gated,,forced_memory,2,20,1.0,8,prefix-all
0.965624988079071,0.953125,0.9493375086784362,0.004387314990930581,20,500,0.06998958438634872,0.10653589691221714,0.015939567338207988,forced,61,gated,,forced_memory,2,20,1.0,8,prefix-all
0.965624988079071,0.953125,0.9493375086784362,0.004387314990930581,20,500,0.06998958438634872,0.10653589691221714,0.015939567338207988,forced,62,gated,,forced_memory,2,20,1.0,8,prefix-all
0.965624988079071,0.953125,0.9493375086784362,0.004387314990930581,20,500,0.06998958438634872,0.10653589691221714,0.015939567338207988,forced,70,gated,,forced_memory,2,20,1.0,8,prefix-all
0.965624988079071,0.953125,0.9493375086784362,0.004387314990930581,20,500,0.06998958438634872,0.10653589691221714,0.015939567338207988,forced,80,gated,,forced_memory,2,20,1.0,8,prefix-all
0.965624988079071,0.953125,0.9493375086784362,0.004387314990930581,20,500,0.06998958438634872,0.10653589691221714,0.015939567338207988,forced,100,gated,,forced_memory,2,20,1.0,8,prefix-all
0.965624988079071,0.953125,0.9493375086784362,0.004387314990930581,20,500,0.06998958438634872,0.10653589691221714,0.015939567338207988,forced,101,gated,,forced_memory,2,20,1.0,8,prefix-all
0.965624988079071,0.953125,0.9493375086784362,0.004387314990930581,20,500,0.06998958438634872,0.10653589691221714,0.015939567338207988,forced,102,gated,,forced_memory,2,20,1.0,8,prefix-all
0.965624988079071,0.953125,0.9493375086784362,0.004387314990930581,20,500,0.06998958438634872,0.10653589691221714,0.015939567338207988,forced,120,gated,,forced_memory,2,20,1.0,8,prefix-all
1.0,1.0,0.9971937522888183,0.003376722559952235,20,500,0.0022043692879378796,0.01528237214172259,0.014587396620243871,forced,20,gated,0,forced_memory,2,20,1.0,8,source-pinned-noise-fifo
1.0,1.0,0.9954312579631805,0.00469015266266516,20,500,0.0021586050279438496,0.02251890592975542,0.018817382574270927,forced,25,gated,5,forced_memory,2,20,1.0,8,source-pinned-noise-fifo
1.0,0.996874988079071,0.9962562556266785,0.004409228393455233,20,500,0.001780771417543292,0.0186626862057019,0.01811959877959143,forced,30,gated,10,forced_memory,2,20,1.0,8,source-pinned-noise-fifo
1.0,1.0,0.9961125049591064,0.0039976269950726335,20,500,0.002007748931646347,0.020365939848590642,0.017379285328114974,forced,40,gated,20,forced_memory,2,20,1.0,8,source-pinned-noise-fifo
1.0,1.0,0.9961125049591064,0.0039976269950726335,20,500,0.002007748931646347,0.020365939848590642,0.017379285328114974,forced,60,gated,40,forced_memory,2,20,1.0,8,source-pinned-noise-fifo
1.0,1.0,0.9961125049591064,0.0039976269950726335,20,500,0.002007748931646347,0.020365939848590642,0.017379285328114974,forced,80,gated,60,forced_memory,2,20,1.0,8,source-pinned-noise-fifo
1.0,1.0,0.9961125049591064,0.0039976269950726335,20,500,0.002007748931646347,0.020365939848590642,0.017379285328114974,forced,100,gated,80,forced_memory,2,20,1.0,8,source-pinned-noise-fifo
0.3656249940395355,0.328125,0.3137250061035156,0.01331496986092895,40,500,1.5800431966781616,1.6471726138591767,0.024999662314523843,forced,5,gated,,forced_memory,2,5,0.25,8,source-only
0.578125,0.512499988079071,0.5355437616109848,0.01103179204738299,40,500,0.9328524470329285,0.9896538624763489,0.021004836641611523,forced,10,gated,,forced_memory,2,10,0.5,8,source-only
0.737500011920929,0.715624988079071,0.7035375120639801,0.011425102441600152,40,500,0.5684944987297058,0.6334791629314422,0.02707088988640358,forced,15,gated,,forced_memory,2,15,0.75,8,source-only
1.0,1.0,0.9965062550306321,0.003496746868231118,40,500,0.00181811791844666,0.017742311604088172,0.015057825990723656,forced,20,gated,,forced_memory,2,20,1.0,8,source-only
1.0,1.0,0.9965062550306321,0.003496746868231118,40,500,0.00181811791844666,0.017742311604088172,0.015057825990723656,forced,25,gated,,forced_memory,2,20,1.0,8,source-only
1.0,1.0,0.9965062550306321,0.003496746868231118,40,500,0.00181811791844666,0.017742311604088172,0.015057825990723656,forced,30,gated,,forced_memory,2,20,1.0,8,source-only
0.09687500447034836,0.04062500223517418,0.04937500102445483,0.012146566115762389,40,500,2.9828600883483887,2.9979754548072814,0.004075468370769753,forced,10,gated,,forced_memory,2,0,0.0,8,prefix-all
0.10000000149011612,0.04374999925494194,0.048968750808387994,0.012420489502406463,40,500,2.983954906463623,2.998160650253296,0.004183860408779301,forced,20,gated,,forced_memory,2,0,0.0,8,prefix-all
0.09687500447034836,0.046875,0.04963125086948276,0.012627504656677127,40,500,2.9844141006469727,2.998114456653595,0.0041966705609125425,forced,30,gated,,forced_memory,2,0,0.0,8,prefix-all
0.09687500447034836,0.04374999925494194,0.04935625079646706,0.012463840123373813,40,500,2.9845166206359863,2.9981487011909485,0.00419560441075408,forced,31,gated,,forced_memory,2,0,0.0,8,prefix-all
0.10000000149011612,0.04374999925494194,0.04923750082403421,0.012604432665504943,40,500,2.984541654586792,2.9981391291618347,0.0041942420213233675,forced,32,gated,,forced_memory,2,0,0.0,8,prefix-all
0.3687500059604645,0.3375000059604645,0.3281812559962273,0.011300959151611865,40,500,2.033355712890625,2.0877935152053833,0.02384144335822804,forced,40,gated,,forced_memory,2,0,0.0,8,prefix-all
0.15937499701976776,0.09687500447034836,0.1142375015169382,0.012684137809990286,40,500,2.5505218505859375,2.597800024986267,0.016878423361506217,forced,41,gated,,forced_memory,2,0,0.0,8,prefix-all
0.22187499701976776,0.15000000596046448,0.17414375308156013,0.012831131360268169,40,500,2.1642398834228516,2.2257530851364136,0.022639166993300826,forced,42,gated,,forced_memory,2,1,0.05,8,prefix-all
0.746874988079071,0.715624988079071,0.7168000122308731,0.008162547820438161,40,500,0.5632807016372681,0.6139015107154846,0.02055888193542695,forced,50,gated,,forced_memory,2,9,0.45,8,prefix-all
0.9468750357627869,0.925000011920929,0.9199812628030777,0.010005255293740772,40,500,0.12347207218408585,0.16853182567656042,0.019526053647518717,forced,60,gated,,forced_memory,2,19,0.95,8,prefix-all
1.0,1.0,0.9964000059366226,0.0036669030943147977,40,500,0.0019354866817593575,0.018244615209754556,0.01419242076439268,forced,61,gated,,forced_memory,2,20,1.0,8,prefix-all
1.0,1.0,0.9964000059366226,0.0036669030943147977,40,500,0.0019354866817593575,0.018244615209754556,0.01419242076439268,forced,62,gated,,forced_memory,2,20,1.0,8,prefix-all
1.0,1.0,0.9964000059366226,0.0036669030943147977,40,500,0.0019354866817593575,0.018244615209754556,0.01419242076439268,forced,70,gated,,forced_memory,2,20,1.0,8,prefix-all
1.0,1.0,0.9964000059366226,0.0036669030943147977,40,500,0.0019354866817593575,0.018244615209754556,0.01419242076439268,forced,80,gated,,forced_memory,2,20,1.0,8,prefix-all
1.0,1.0,0.9964000059366226,0.0036669030943147977,40,500,0.0019354866817593575,0.018244615209754556,0.01419242076439268,forced,100,gated,,forced_memory,2,20,1.0,8,prefix-all
1.0,1.0,0.9964000059366226,0.0036669030943147977,40,500,0.0019354866817593575,0.018244615209754556,0.01419242076439268,forced,101,gated,,forced_memory,2,20,1.0,8,prefix-all
1.0,1.0,0.9964000059366226,0.0036669030943147977,40,500,0.0019354866817593575,0.018244615209754556,0.01419242076439268,forced,102,gated,,forced_memory,2,20,1.0,8,prefix-all
1.0,1.0,0.9964000059366226,0.0036669030943147977,40,500,0.0019354866817593575,0.018244615209754556,0.01419242076439268,forced,120,gated,,forced_memory,2,20,1.0,8,prefix-all
1.0,1.0,0.9965062550306321,0.003496746868231118,40,500,0.00181811791844666,0.017742311604088172,0.015057825990723656,forced,20,gated,0,forced_memory,2,20,1.0,8,source-pinned-noise-fifo
1.0,0.996874988079071,0.9965875047445297,0.0036490702234839682,40,500,0.0011529240291565657,0.017537819027667864,0.015101018216013649,forced,25,gated,5,forced_memory,2,20,1.0,8,source-pinned-noise-fifo
1.0,0.9937500357627869,0.9973312537670136,0.0029854429281018593,40,500,0.001939435489475727,0.014474700754974038,0.013366484656513819,forced,30,gated,10,forced_memory,2,20,1.0,8,source-pinned-noise-fifo
1.0,0.996874988079071,0.9961562551259995,0.004042127753098946,40,500,0.0022667772136628628,0.02023636170942336,0.01783948941640807,forced,40,gated,20,forced_memory,2,20,1.0,8,source-pinned-noise-fifo
1.0,1.0,0.9973562532663345,0.0029815158711410674,40,500,0.0016753545496612787,0.014475600401405246,0.014045415956826082,forced,60,gated,40,forced_memory,2,20,1.0,8,source-pinned-noise-fifo
1.0,1.0,0.9973562532663345,0.0029815158711410674,40,500,0.0016753545496612787,0.014475600401405246,0.014045415956826082,forced,80,gated,60,forced_memory,2,20,1.0,8,source-pinned-noise-fifo
1.0,1.0,0.9973562532663345,0.0029815158711410674,40,500,0.0016753545496612787,0.014475600401405246,0.014045415956826082,forced,100,gated,80,forced_memory,2,20,1.0,8,source-pinned-noise-fifo
0.37187501788139343,0.328125,0.3141000056862831,0.012758979178146765,80,500,1.6164897680282593,1.7003069763183594,0.027032922506353498,forced,5,gated,,forced_memory,2,5,0.25,8,source-only
0.5843750238418579,0.5562500357627869,0.5394875106811523,0.012596310561219206,80,500,0.9143009185791016,0.9903289884328842,0.022677354894494184,forced,10,gated,,forced_memory,2,10,0.5,8,source-only
0.753125011920929,0.71875,0.7110625110864639,0.013187500445774226,80,500,0.6055711507797241,0.6678253436088561,0.027538589785077908,forced,15,gated,,forced_memory,2,15,0.75,8,source-only
1.0,1.0,0.9957687550783157,0.0054384666798709255,80,500,0.0021206457167863846,0.0215533436271362,0.02318795247690636,forced,20,gated,,forced_memory,2,20,1.0,8,source-only
1.0,1.0,0.9957687550783157,0.0054384666798709255,80,500,0.0021206457167863846,0.0215533436271362,0.02318795247690636,forced,25,gated,,forced_memory,2,20,1.0,8,source-only
1.0,1.0,0.9957687550783157,0.0054384666798709255,80,500,0.0021206457167863846,0.0215533436271362,0.02318795247690636,forced,30,gated,,forced_memory,2,20,1.0,8,source-only
0.09687500447034836,0.04062500223517418,0.05035000092536211,0.011657320922109585,80,500,2.9829328060150146,2.998157070159912,0.0035900494286074773,forced,10,gated,,forced_memory,2,0,0.0,8,prefix-all
0.09687500447034836,0.03750000149011612,0.050331250876188276,0.011928647049830066,80,500,2.9844002723693848,2.998186233997345,0.003693730033009658,forced,20,gated,,forced_memory,2,0,0.0,8,prefix-all
0.09687500447034836,0.03750000149011612,0.050368750859051944,0.011916078818905527,80,500,2.9827327728271484,2.9981459760665894,0.003653268258873495,forced,30,gated,,forced_memory,2,0,0.0,8,prefix-all
0.09687500447034836,0.03750000149011612,0.050568750947713854,0.011904928029043584,80,500,2.982492208480835,2.9981781158447265,0.0036775839015742297,forced,31,gated,,forced_memory,2,0,0.0,8,prefix-all
0.09687500447034836,0.04062500223517418,0.050543750919401643,0.011827092774186794,80,500,2.982779026031494,2.9981819763183593,0.0036634069287113905,forced,32,gated,,forced_memory,2,0,0.0,8,prefix-all
0.09687500447034836,0.03750000149011612,0.05014375083893537,0.011725991203633029,80,500,2.9826722145080566,2.9982021169662474,0.0036591090690080816,forced,40,gated,,forced_memory,2,0,0.0,8,prefix-all
0.09687500447034836,0.03750000149011612,0.05030000089854002,0.011811832284653035,80,500,2.9829320907592773,2.9981855216026307,0.0036554032029308364,forced,41,gated,,forced_memory,2,0,0.0,8,prefix-all
0.09687500447034836,0.03750000149011612,0.05044375090673566,0.011902040164054052,80,500,2.9827797412872314,2.998189573764801,0.00365480804972272,forced,42,gated,,forced_memory,2,0,0.0,8,prefix-all
0.09687500447034836,0.03750000149011612,0.050143750820308926,0.011813940203437085,80,500,2.982724666595459,2.9982074251174926,0.0036133501075530142,forced,50,gated,,forced_memory,2,0,0.0,8,prefix-all
0.10000000149011612,0.03750000149011612,0.049725000865757464,0.011782641046090744,80,500,2.982760190963745,2.998172019481659,0.003608407567823708,forced,60,gated,,forced_memory,2,0,0.0,8,prefix-all
0.10000000149011612,0.03750000149011612,0.04986875087581575,0.01191614443384773,80,500,2.9825551509857178,2.9981620235443116,0.003603612768312369,forced,61,gated,,forced_memory,2,0,0.0,8,prefix-all
0.10000000149011612,0.03750000149011612,0.05005625084228814,0.011872399569974166,80,500,2.982426166534424,2.9981546506881713,0.0035959260029034897,forced,62,gated,,forced_memory,2,0,0.0,8,prefix-all
0.10000000149011612,0.03750000149011612,0.05040625089034438,0.011749792451474856,80,500,2.9826900959014893,2.998142042160034,0.003593337048502043,forced,70,gated,,forced_memory,2,0,0.0,8,prefix-all
0.24375000596046448,0.19687500596046448,0.15756250286102294,0.03380834132386244,80,500,2.447472333908081,2.7057944493293764,0.09946072740949709,forced,80,gated,,forced_memory,2,0,0.0,8,prefix-all
0.9437500238418579,0.918749988079071,0.9192937611341476,0.009472267778495767,80,500,0.12413740158081055,0.16598650228977202,0.017917340596857474,forced,100,gated,,forced_memory,2,19,0.95,8,prefix-all
1.0,1.0,0.9959625055789948,0.0036799827470660254,80,500,0.003381524933502078,0.02024751164810732,0.01456954532816486,forced,101,gated,,forced_memory,2,20,1.0,8,prefix-all
1.0,1.0,0.9959625055789948,0.0036799827470660254,80,500,0.003381524933502078,0.02024751164810732,0.01456954532816486,forced,102,gated,,forced_memory,2,20,1.0,8,prefix-all
1.0,1.0,0.9959625055789948,0.0036799827470660254,80,500,0.003381524933502078,0.02024751164810732,0.01456954532816486,forced,120,gated,,forced_memory,2,20,1.0,8,prefix-all
1.0,1.0,0.9957687550783157,0.0054384666798709255,80,500,0.0021206457167863846,0.0215533436271362,0.02318795247690636,forced,20,gated,0,forced_memory,2,20,1.0,8,source-pinned-noise-fifo
1.0,0.996874988079071,0.9969062544107438,0.0035104384321799826,80,500,0.0013013279531151056,0.015969630886567755,0.014682306991738404,forced,25,gated,5,forced_memory,2,20,1.0,8,source-pinned-noise-fifo
1.0,0.9937500357627869,0.9969750037193298,0.0033467711086580683,80,500,0.002242138609290123,0.01623470527259633,0.014694516920841586,forced,30,gated,10,forced_memory,2,20,1.0,8,source-pinned-noise-fifo
1.0,1.0,0.9972187526226044,0.0033099850496139745,80,500,0.0013248223112896085,0.01531071528303437,0.014550453927196649,forced,40,gated,20,forced_memory,2,20,1.0,8,source-pinned-noise-fifo
1.0,1.0,0.9965375049114227,0.004220866243775378,80,500,0.0016648152377456427,0.01882512875739485,0.020466415747804605,forced,60,gated,40,forced_memory,2,20,1.0,8,source-pinned-noise-fifo
1.0,1.0,0.9971750025749206,0.0032517701715033304,80,500,0.0017434715991839767,0.014268337084213273,0.01275393933958623,forced,80,gated,60,forced_memory,2,20,1.0,8,source-pinned-noise-fifo
1.0,1.0,0.9945125082731247,0.004541967034516133,80,500,0.002787357894703746,0.02609826434077695,0.01804935291765229,forced,100,gated,80,forced_memory,2,20,1.0,8,source-pinned-noise-fifo
0.3812499940395355,0.31562501192092896,0.31531250596046445,0.0140263423541015,10,500,1.4026095867156982,1.478569528579712,0.02571893548470275,forced,5,gated,,forced_memory,3,5,0.25,8,source-only
0.5875000357627869,0.574999988079071,0.5538437623977661,0.011954135072964072,10,500,0.8902795910835266,0.9591731683015824,0.026782169249111976,forced,10,gated,,forced_memory,3,10,0.5,8,source-only
0.796875,0.768750011920929,0.7712312622070312,0.007974302468409045,10,500,0.493918240070343,0.5505522365570068,0.019122268583220137,forced,15,gated,,forced_memory,3,15,0.75,8,source-only
1.0,1.0,0.9971625037193298,0.0033534175244340626,10,500,0.0010419829050078988,0.015542927962960675,0.014782430410013016,forced,20,gated,,forced_memory,3,20,1.0,8,source-only
1.0,1.0,0.9971625037193298,0.0033534175244340626,10,500,0.0010419829050078988,0.015542927962960675,0.014782430410013016,forced,25,gated,,forced_memory,3,20,1.0,8,source-only
1.0,1.0,0.9971625037193298,0.0033534175244340626,10,500,0.0010419829050078988,0.015542927962960675,0.014782430410013016,forced,30,gated,,forced_memory,3,20,1.0,8,source-only
0.3812499940395355,0.34062501788139343,0.33816875582933426,0.012319083517901558,10,500,1.685153603553772,1.7476258127689361,0.024776004890996493,forced,10,gated,,forced_memory,3,0,0.0,8,prefix-all
0.800000011920929,0.762499988079071,0.7658125112056732,0.008392472177501243,10,500,0.48535794019699097,0.5474581004977226,0.021291817421362023,forced,20,gated,,forced_memory,3,9,0.45,8,prefix-all
0.987500011920929,0.96875,0.9662750103473663,0.007989700547826224,10,500,0.0501585528254509,0.08924540005624294,0.018203898652203284,forced,30,gated,,forced_memory,3,19,0.95,8,prefix-all
0.9625000357627869,0.956250011920929,0.9483812592029571,0.005082973341393215,10,500,0.07016532123088837,0.1067835500985384,0.018348380804594448,forced,31,gated,,forced_memory,3,20,1.0,8,prefix-all
0.9625000357627869,0.956250011920929,0.9483812592029571,0.005082973341393215,10,500,0.07016532123088837,0.1067835500985384,0.018348380804594448,forced,32,gated,,forced_memory,3,20,1.0,8,prefix-all
0.9625000357627869,0.956250011920929,0.9483812592029571,0.005082973341393215,10,500,0.07016532123088837,0.1067835500985384,0.018348380804594448,forced,40,gated,,forced_memory,3,20,1.0,8,prefix-all
0.9625000357627869,0.956250011920929,0.9483812592029571,0.005082973341393215,10,500,0.07016532123088837,0.1067835500985384,0.018348380804594448,forced,41,gated,,forced_memory,3,20,1.0,8,prefix-all
0.9625000357627869,0.956250011920929,0.9483812592029571,0.005082973341393215,10,500,0.07016532123088837,0.1067835500985384,0.018348380804594448,forced,42,gated,,forced_memory,3,20,1.0,8,prefix-all
0.9625000357627869,0.956250011920929,0.9483812592029571,0.005082973341393215,10,500,0.07016532123088837,0.1067835500985384,0.018348380804594448,forced,50,gated,,forced_memory,3,20,1.0,8,prefix-all
0.9625000357627869,0.956250011920929,0.9483812592029571,0.005082973341393215,10,500,0.07016532123088837,0.1067835500985384,0.018348380804594448,forced,60,gated,,forced_memory,3,20,1.0,8,prefix-all
0.9625000357627869,0.956250011920929,0.9483812592029571,0.005082973341393215,10,500,0.07016532123088837,0.1067835500985384,0.018348380804594448,forced,61,gated,,forced_memory,3,20,1.0,8,prefix-all
0.9625000357627869,0.956250011920929,0.9483812592029571,0.005082973341393215,10,500,0.07016532123088837,0.1067835500985384,0.018348380804594448,forced,62,gated,,forced_memory,3,20,1.0,8,prefix-all
0.9625000357627869,0.956250011920929,0.9483812592029571,0.005082973341393215,10,500,0.07016532123088837,0.1067835500985384,0.018348380804594448,forced,70,gated,,forced_memory,3,20,1.0,8,prefix-all
0.9625000357627869,0.956250011920929,0.9483812592029571,0.005082973341393215,10,500,0.07016532123088837,0.1067835500985384,0.018348380804594448,forced,80,gated,,forced_memory,3,20,1.0,8,prefix-all
0.9625000357627869,0.956250011920929,0.9483812592029571,0.005082973341393215,10,500,0.07016532123088837,0.1067835500985384,0.018348380804594448,forced,100,gated,,forced_memory,3,20,1.0,8,prefix-all
0.9625000357627869,0.956250011920929,0.9483812592029571,0.005082973341393215,10,500,0.07016532123088837,0.1067835500985384,0.018348380804594448,forced,101,gated,,forced_memory,3,20,1.0,8,prefix-all
0.9625000357627869,0.956250011920929,0.9483812592029571,0.005082973341393215,10,500,0.07016532123088837,0.1067835500985384,0.018348380804594448,forced,102,gated,,forced_memory,3,20,1.0,8,prefix-all
0.9625000357627869,0.956250011920929,0.9483812592029571,0.005082973341393215,10,500,0.07016532123088837,0.1067835500985384,0.018348380804594448,forced,120,gated,,forced_memory,3,20,1.0,8,prefix-all
1.0,1.0,0.9971625037193298,0.0033534175244340626,10,500,0.0010419829050078988,0.015542927962960675,0.014782430410013016,forced,20,gated,0,forced_memory,3,20,1.0,8,source-pinned-noise-fifo
1.0,0.996874988079071,0.9965312546491623,0.0034600019428761993,10,500,0.0018962591420859098,0.017405800447100772,0.0145207091717416,forced,25,gated,5,forced_memory,3,20,1.0,8,source-pinned-noise-fifo
1.0,0.996874988079071,0.9961062560081482,0.004291019740394293,10,500,0.001961164176464081,0.020308061678893864,0.018047459293185263,forced,30,gated,10,forced_memory,3,20,1.0,8,source-pinned-noise-fifo
1.0,0.996874988079071,0.9961062560081482,0.004291019740394293,10,500,0.001961164176464081,0.020308061678893864,0.018047459293185263,forced,40,gated,20,forced_memory,3,20,1.0,8,source-pinned-noise-fifo
1.0,0.996874988079071,0.9961062560081482,0.004291019740394293,10,500,0.001961164176464081,0.020308061678893864,0.018047459293185263,forced,60,gated,40,forced_memory,3,20,1.0,8,source-pinned-noise-fifo
1.0,0.996874988079071,0.9961062560081482,0.004291019740394293,10,500,0.001961164176464081,0.020308061678893864,0.018047459293185263,forced,80,gated,60,forced_memory,3,20,1.0,8,source-pinned-noise-fifo
1.0,0.996874988079071,0.9961062560081482,0.004291019740394293,10,500,0.001961164176464081,0.020308061678893864,0.018047459293185263,forced,100,gated,80,forced_memory,3,20,1.0,8,source-pinned-noise-fifo
0.3812499940395355,0.3375000059604645,0.3390750060677528,0.013764901250722541,20,500,1.5702720880508423,1.6431650638580322,0.028702343658264226,forced,5,gated,,forced_memory,3,5,0.25,8,source-only
0.59375,0.5562500357627869,0.5522375131845474,0.012916249050509126,20,500,0.8760145902633667,0.9380276650190353,0.023729440250954466,forced,10,gated,,forced_memory,3,10,0.5,8,source-only
0.796875,0.7718750238418579,0.7710375123023987,0.007920611092846292,20,500,0.49674415588378906,0.5591200369596482,0.020855338315285694,forced,15,gated,,forced_memory,3,15,0.75,8,source-only
1.0,0.996874988079071,0.9965687540769577,0.00399754473866401,20,500,0.001411363948136568,0.017747686979128048,0.01675200406012768,forced,20,gated,,forced_memory,3,20,1.0,8,source-only
1.0,0.996874988079071,0.9965687540769577,0.00399754473866401,20,500,0.001411363948136568,0.017747686979128048,0.01675200406012768,forced,25,gated,,forced_memory,3,20,1.0,8,source-only
1.0,0.996874988079071,0.9965687540769577,0.00399754473866401,20,500,0.001411363948136568,0.017747686979128048,0.01675200406012768,forced,30,gated,,forced_memory,3,20,1.0,8,source-only
0.10312499850988388,0.03750000149011612,0.04963750089332462,0.011547517506478018,20,500,2.9827728271484375,2.997818896770477,0.003465902436109658,forced,10,gated,,forced_memory,3,0,0.0,8,prefix-all
0.28125,0.24375000596046448,0.23956875342130662,0.01218820461944014,20,500,2.1905364990234375,2.248171792984009,0.029256133405070734,forced,20,gated,,forced_memory,3,0,0.0,8,prefix-all
0.753125011920929,0.706250011920929,0.7172250119447708,0.007963451253538732,20,500,0.534842848777771,0.6137357025146485,0.02173761702875032,forced,30,gated,,forced_memory,3,9,0.45,8,prefix-all
0.7906250357627869,0.768750011920929,0.7623750122785569,0.007457169654904494,20,500,0.4427312910556793,0.49763617795705795,0.02098946764816783,forced,31,gated,,forced_memory,3,10,0.5,8,prefix-all
0.878125011920929,0.8656250238418579,0.8554500119686127,0.006469927309978866,20,500,0.27010494470596313,0.32343739265203475,0.021311922550912438,forced,32,gated,,forced_memory,3,11,0.55,8,prefix-all
0.996874988079071,0.981249988079071,0.9702062613964081,0.008615508482607975,20,500,0.04241090267896652,0.07800997001677752,0.01762275488834825,forced,40,gated,,forced_memory,3,19,0.95,8,prefix-all
1.0,1.0,0.9971125025749207,0.0029084645124504566,20,500,0.001954523613676429,0.015216001481283456,0.012933809453197664,forced,41,gated,,forced_memory,3,20,1.0,8,prefix-all
1.0,1.0,0.9971125025749207,0.0029084645124504566,20,500,0.001954523613676429,0.015216001481283456,0.012933809453197664,forced,42,gated,,forced_memory,3,20,1.0,8,prefix-all
1.0,1.0,0.9971125025749207,0.0029084645124504566,20,500,0.001954523613676429,0.015216001481283456,0.012933809453197664,forced,50,gated,,forced_memory,3,20,1.0,8,prefix-all
1.0,1.0,0.9971125025749207,0.0029084645124504566,20,500,0.001954523613676429,0.015216001481283456,0.012933809453197664,forced,60,gated,,forced_memory,3,20,1.0,8,prefix-all
1.0,1.0,0.9971125025749207,0.0029084645124504566,20,500,0.001954523613676429,0.015216001481283456,0.012933809453197664,forced,61,gated,,forced_memory,3,20,1.0,8,prefix-all
1.0,1.0,0.9971125025749207,0.0029084645124504566,20,500,0.001954523613676429,0.015216001481283456,0.012933809453197664,forced,62,gated,,forced_memory,3,20,1.0,8,prefix-all
1.0,1.0,0.9971125025749207,0.0029084645124504566,20,500,0.001954523613676429,0.015216001481283456,0.012933809453197664,forced,70,gated,,forced_memory,3,20,1.0,8,prefix-all
1.0,1.0,0.9971125025749207,0.0029084645124504566,20,500,0.001954523613676429,0.015216001481283456,0.012933809453197664,forced,80,gated,,forced_memory,3,20,1.0,8,prefix-all
1.0,1.0,0.9971125025749207,0.0029084645124504566,20,500,0.001954523613676429,0.015216001481283456,0.012933809453197664,forced,100,gated,,forced_memory,3,20,1.0,8,prefix-all
1.0,1.0,0.9971125025749207,0.0029084645124504566,20,500,0.001954523613676429,0.015216001481283456,0.012933809453197664,forced,101,gated,,forced_memory,3,20,1.0,8,prefix-all
1.0,1.0,0.9971125025749207,0.0029084645124504566,20,500,0.001954523613676429,0.015216001481283456,0.012933809453197664,forced,102,gated,,forced_memory,3,20,1.0,8,prefix-all
1.0,1.0,0.9971125025749207,0.0029084645124504566,20,500,0.001954523613676429,0.015216001481283456,0.012933809453197664,forced,120,gated,,forced_memory,3,20,1.0,8,prefix-all
1.0,0.996874988079071,0.9965687540769577,0.00399754473866401,20,500,0.001411363948136568,0.017747686979128048,0.01675200406012768,forced,20,gated,0,forced_memory,3,20,1.0,8,source-pinned-noise-fifo
1.0,1.0,0.9971312538385392,0.003282395837986037,20,500,0.0011875588679686189,0.01580807419633493,0.015881743539727024,forced,25,gated,5,forced_memory,3,20,1.0,8,source-pinned-noise-fifo
1.0,0.981249988079071,0.9961062551736831,0.004156927276013433,20,500,0.0023888233117759228,0.019897904795128853,0.018204414397862016,forced,30,gated,10,forced_memory,3,20,1.0,8,source-pinned-noise-fifo
1.0,0.996874988079071,0.996387503862381,0.003670588433891864,20,500,0.0017460152739658952,0.019020832408452405,0.016528474760915502,forced,40,gated,20,forced_memory,3,20,1.0,8,source-pinned-noise-fifo
1.0,0.996874988079071,0.996387503862381,0.003670588433891864,20,500,0.0017460152739658952,0.019020832408452405,0.016528474760915502,forced,60,gated,40,forced_memory,3,20,1.0,8,source-pinned-noise-fifo
1.0,0.996874988079071,0.996387503862381,0.003670588433891864,20,500,0.0017460152739658952,0.019020832408452405,0.016528474760915502,forced,80,gated,60,forced_memory,3,20,1.0,8,source-pinned-noise-fifo
1.0,0.996874988079071,0.996387503862381,0.003670588433891864,20,500,0.0017460152739658952,0.019020832408452405,0.016528474760915502,forced,100,gated,80,forced_memory,3,20,1.0,8,source-pinned-noise-fifo
0.40312501788139343,0.3687500059604645,0.3465562557578087,0.01799837134939446,40,500,1.5063698291778564,1.6048540210723876,0.03456737650763958,forced,5,gated,,forced_memory,3,5,0.25,8,source-only
0.5843750238418579,0.528124988079071,0.5422937613725662,0.013239399403603037,40,500,0.9222197532653809,0.9897715746164322,0.024065377707918983,forced,10,gated,,forced_memory,3,10,0.5,8,source-only
0.8031250238418579,0.778124988079071,0.7726562632322311,0.008403578734887892,40,500,0.49398916959762573,0.549479873418808,0.018412509055266476,forced,15,gated,,forced_memory,3,15,0.75,8,source-only
1.0,1.0,0.99740625166893,0.0030953202525677587,40,500,0.0012503962498158216,0.013574955822899937,0.013682148440677708,forced,20,gated,,forced_memory,3,20,1.0,8,source-only
1.0,1.0,0.99740625166893,0.0030953202525677587,40,500,0.0012503962498158216,0.013574955822899937,0.013682148440677708,forced,25,gated,,forced_memory,3,20,1.0,8,source-only
1.0,1.0,0.99740625166893,0.0030953202525677587,40,500,0.0012503962498158216,0.013574955822899937,0.013682148440677708,forced,30,gated,,forced_memory,3,20,1.0,8,source-only
0.09687500447034836,0.03125,0.0498812508340925,0.011573709318600387,40,500,2.982976198196411,2.9976705718040466,0.0035047652942509027,forced,10,gated,,forced_memory,3,0,0.0,8,prefix-all
0.09375,0.04062500223517418,0.05042500081658363,0.012503712134125239,40,500,2.9836068153381348,2.997832558631897,0.0036260141782715493,forced,20,gated,,forced_memory,3,0,0.0,8,prefix-all
0.09687500447034836,0.05312500149011612,0.05008125077560544,0.012142273608152296,40,500,2.9839425086975098,2.9979289727211,0.0036587455580743737,forced,30,gated,,forced_memory,3,0,0.0,8,prefix-all
0.09062500298023224,0.05625000223517418,0.05006250071153045,0.012136753465080618,40,500,2.9841079711914062,2.997932381153107,0.00366681946536934,forced,31,gated,,forced_memory,3,0,0.0,8,prefix-all
0.09375,0.05625000223517418,0.04994375079497695,0.012139197635841795,40,500,2.984302043914795,2.997927478790283,0.003669203538638711,forced,32,gated,,forced_memory,3,0,0.0,8,prefix-all
0.32500001788139343,0.2906250059604645,0.2869250064492226,0.010838905482582954,40,500,2.1605968475341797,2.1908735218048094,0.010990532445636615,forced,40,gated,,forced_memory,3,0,0.0,8,prefix-all
0.15937499701976776,0.09687500447034836,0.11374375157058239,0.012407311379475981,40,500,2.5466296672821045,2.5986388425827025,0.01668551367621633,forced,41,gated,,forced_memory,3,0,0.0,8,prefix-all
0.26250001788139343,0.18437500298023224,0.21186875277757644,0.013161109367186802,40,500,2.0105698108673096,2.08188694190979,0.02821326009625481,forced,42,gated,,forced_memory,3,1,0.05,8,prefix-all
0.75,0.721875011920929,0.7176937615871429,0.008321984382662396,40,500,0.5503883361816406,0.6161539669036865,0.022414726153290133,forced,50,gated,,forced_memory,3,9,0.45,8,prefix-all
0.9937500357627869,0.96875,0.9725812615156174,0.008800593209557603,40,500,0.033287834376096725,0.0751127540692687,0.018477459063979792,forced,60,gated,,forced_memory,3,19,0.95,8,prefix-all
1.0,1.0,0.9959625053405762,0.0038000937446023082,40,500,0.0017650217050686479,0.020866814833832906,0.016797863467134036,forced,61,gated,,forced_memory,3,20,1.0,8,prefix-all
1.0,1.0,0.9959625053405762,0.0038000937446023082,40,500,0.0017650217050686479,0.020866814833832906,0.016797863467134036,forced,62,gated,,forced_memory,3,20,1.0,8,prefix-all
1.0,1.0,0.9959625053405762,0.0038000937446023082,40,500,0.0017650217050686479,0.020866814833832906,0.016797863467134036,forced,70,gated,,forced_memory,3,20,1.0,8,prefix-all
1.0,1.0,0.9959625053405762,0.0038000937446023082,40,500,0.0017650217050686479,0.020866814833832906,0.016797863467134036,forced,80,gated,,forced_memory,3,20,1.0,8,prefix-all
1.0,1.0,0.9959625053405762,0.0038000937446023082,40,500,0.0017650217050686479,0.020866814833832906,0.016797863467134036,forced,100,gated,,forced_memory,3,20,1.0,8,prefix-all
1.0,1.0,0.9959625053405762,0.0038000937446023082,40,500,0.0017650217050686479,0.020866814833832906,0.016797863467134036,forced,101,gated,,forced_memory,3,20,1.0,8,prefix-all
1.0,1.0,0.9959625053405762,0.0038000937446023082,40,500,0.0017650217050686479,0.020866814833832906,0.016797863467134036,forced,102,gated,,forced_memory,3,20,1.0,8,prefix-all
1.0,1.0,0.9959625053405762,0.0038000937446023082,40,500,0.0017650217050686479,0.020866814833832906,0.016797863467134036,forced,120,gated,,forced_memory,3,20,1.0,8,prefix-all
1.0,1.0,0.99740625166893,0.0030953202525677587,40,500,0.0012503962498158216,0.013574955822899937,0.013682148440677708,forced,20,gated,0,forced_memory,3,20,1.0,8,source-pinned-noise-fifo
1.0,1.0,0.9962562545537949,0.0034949591404814634,40,500,0.002172838430851698,0.019264869913924485,0.014697403323864851,forced,25,gated,5,forced_memory,3,20,1.0,8,source-pinned-noise-fifo
1.0,1.0,0.9970812519788742,0.0030580938792549254,40,500,0.001230688183568418,0.015633674937998877,0.012889342067031838,forced,30,gated,10,forced_memory,3,20,1.0,8,source-pinned-noise-fifo
1.0,0.996874988079071,0.9966250041723251,0.0033853913756655618,40,500,0.0018923720344901085,0.017962751984130592,0.015897286685422462,forced,40,gated,20,forced_memory,3,20,1.0,8,source-pinned-noise-fifo
1.0,1.0,0.9963750052452087,0.0038709566956660734,40,500,0.001540963537991047,0.018578342548105867,0.015502995282394546,forced,60,gated,40,forced_memory,3,20,1.0,8,source-pinned-noise-fifo
1.0,1.0,0.9963750052452087,0.0038709566956660734,40,500,0.001540963537991047,0.018578342548105867,0.015502995282394546,forced,80,gated,60,forced_memory,3,20,1.0,8,source-pinned-noise-fifo
1.0,1.0,0.9963750052452087,0.0038709566956660734,40,500,0.001540963537991047,0.018578342548105867,0.015502995282394546,forced,100,gated,80,forced_memory,3,20,1.0,8,source-pinned-noise-fifo
0.359375,0.3125,0.31241250613331795,0.013917732158224316,80,500,1.627368688583374,1.7089061291217804,0.06455849419943914,forced,5,gated,,forced_memory,3,5,0.25,8,source-only
0.6000000238418579,0.559374988079071,0.5449312617778778,0.014018373810134814,80,500,0.8998903036117554,0.9834090268611908,0.02593375492014034,forced,10,gated,,forced_memory,3,10,0.5,8,source-only
0.8031250238418579,0.7562500238418579,0.7716125108003616,0.008839355802853057,80,500,0.4958468973636627,0.5558913084864616,0.01967886896508723,forced,15,gated,,forced_memory,3,15,0.75,8,source-only
1.0,0.996874988079071,0.9978000012636185,0.002732150457328317,80,500,0.0014591432409361005,0.012158483927603811,0.011783198436010302,forced,20,gated,,forced_memory,3,20,1.0,8,source-only
1.0,0.996874988079071,0.9978000012636185,0.002732150457328317,80,500,0.0014591432409361005,0.012158483927603811,0.011783198436010302,forced,25,gated,,forced_memory,3,20,1.0,8,source-only
1.0,0.996874988079071,0.9978000012636185,0.002732150457328317,80,500,0.0014591432409361005,0.012158483927603811,0.011783198436010302,forced,30,gated,,forced_memory,3,20,1.0,8,source-only
0.09687500447034836,0.05625000223517418,0.05021875086426735,0.012217551317674097,80,500,2.9786429405212402,2.997576226234436,0.0035785375891959604,forced,10,gated,,forced_memory,3,0,0.0,8,prefix-all
0.09062500298023224,0.05625000223517418,0.05082500095665455,0.011438654569403375,80,500,2.977851390838623,2.997751138687134,0.0037228819632986465,forced,20,gated,,forced_memory,3,0,0.0,8,prefix-all
0.09687500447034836,0.0625,0.05080625090748072,0.011772350943455455,80,500,2.979079484939575,2.9978318042755125,0.0037540651206194203,forced,30,gated,,forced_memory,3,0,0.0,8,prefix-all
0.09687500447034836,0.0625,0.05063125093281269,0.011789659045378266,80,500,2.979245901107788,2.9978128437995912,0.0037329319060924,forced,31,gated,,forced_memory,3,0,0.0,8,prefix-all
0.09687500447034836,0.06562500447034836,0.050656250957399604,0.011708495779308803,80,500,2.979217529296875,2.997807571411133,0.0037392499608878914,forced,32,gated,,forced_memory,3,0,0.0,8,prefix-all
0.09375,0.07187499850988388,0.05092500094696879,0.011419035883868764,80,500,2.980347156524658,2.9978279151916505,0.003766403199954733,forced,40,gated,,forced_memory,3,0,0.0,8,prefix-all
0.09062500298023224,0.05937499925494194,0.05072500092536211,0.011488010274241124,80,500,2.9807629585266113,2.9978274874687196,0.003758451143205887,forced,41,gated,,forced_memory,3,0,0.0,8,prefix-all
0.09687500447034836,0.06562500447034836,0.05074375089630485,0.011553779010629879,80,500,2.9804491996765137,2.9978324265480043,0.0037690715278314306,forced,42,gated,,forced_memory,3,0,0.0,8,prefix-all
0.09687500447034836,0.05937499925494194,0.050975000888109204,0.011798543508472434,80,500,2.9799938201904297,2.997815591335297,0.003780462828162212,forced,50,gated,,forced_memory,3,0,0.0,8,prefix-all
0.09375,0.06562500447034836,0.05104375084489584,0.011857900690529392,80,500,2.980842113494873,2.9978411617279055,0.0037929748381397444,forced,60,gated,,forced_memory,3,0,0.0,8,prefix-all
0.10000000149011612,0.06875000149011612,0.05085000088438392,0.012208322185647406,80,500,2.9808712005615234,2.9978397541046142,0.003788616505163536,forced,61,gated,,forced_memory,3,0,0.0,8,prefix-all
0.09375,0.05937499925494194,0.05083750088512898,0.012257083604158555,80,500,2.981159210205078,2.9978425116539,0.0037967197433273372,forced,62,gated,,forced_memory,3,0,0.0,8,prefix-all
0.09375,0.0625,0.05095000098273158,0.012049533443556174,80,500,2.9811413288116455,2.9978604135513307,0.003790951282187214,forced,70,gated,,forced_memory,3,0,0.0,8,prefix-all
0.15312500298023224,0.13125000894069672,0.10944375152885914,0.013017985133902087,80,500,2.6767935752868652,2.7586156244277955,0.025125449820183228,forced,80,gated,,forced_memory,3,0,0.0,8,prefix-all
0.9906250238418579,0.9625000357627869,0.9644125119447708,0.007916468692333381,80,500,0.04743548482656479,0.08994104204326868,0.017303679874009565,forced,100,gated,,forced_memory,3,19,0.95,8,prefix-all
1.0,0.9937500357627869,0.9958625050783158,0.003896884828384235,80,500,0.002135789254680276,0.020254552550148217,0.01510129639951648,forced,101,gated,,forced_memory,3,20,1.0,8,prefix-all
1.0,0.9937500357627869,0.9958625050783158,0.003896884828384235,80,500,0.002135789254680276,0.020254552550148217,0.01510129639951648,forced,102,gated,,forced_memory,3,20,1.0,8,prefix-all
1.0,0.9937500357627869,0.9958625050783158,0.003896884828384235,80,500,0.002135789254680276,0.020254552550148217,0.01510129639951648,forced,120,gated,,forced_memory,3,20,1.0,8,prefix-all
1.0,0.996874988079071,0.9978000012636185,0.002732150457328317,80,500,0.0014591432409361005,0.012158483927603811,0.011783198436010302,forced,20,gated,0,forced_memory,3,20,1.0,8,source-pinned-noise-fifo
1.0,1.0,0.9959625058174133,0.004034432669371265,80,500,0.002699893433600664,0.020385419537313283,0.016050204654520943,forced,25,gated,5,forced_memory,3,20,1.0,8,source-pinned-noise-fifo
1.0,0.9937500357627869,0.9953812565803528,0.0044078107549600214,80,500,0.0024910736829042435,0.022790416880976407,0.01756032405136223,forced,30,gated,10,forced_memory,3,20,1.0,8,source-pinned-noise-fifo
1.0,0.987500011920929,0.9961812565326691,0.0038333299169817166,80,500,0.0017858908977359533,0.01964189455565065,0.016800048813321988,forced,40,gated,20,forced_memory,3,20,1.0,8,source-pinned-noise-fifo
1.0,1.0,0.9954812564849853,0.004210149092079222,80,500,0.0028052006382495165,0.022890630473382773,0.018341428968570876,forced,60,gated,40,forced_memory,3,20,1.0,8,source-pinned-noise-fifo
1.0,0.9937500357627869,0.9957500063180923,0.003896101850167339,80,500,0.002761140000075102,0.020015780547168106,0.015733366249075453,forced,80,gated,60,forced_memory,3,20,1.0,8,source-pinned-noise-fifo
1.0,0.9906250238418579,0.995650007367134,0.0039010317514068023,80,500,0.002669172827154398,0.02164692048262805,0.015411390163881957,forced,100,gated,80,forced_memory,3,20,1.0,8,source-pinned-noise-fifo
0.36250001192092896,0.3062500059604645,0.31411875611543655,0.01227996851863388,10,500,1.6289966106414795,1.7107782809734344,0.02686197428504267,forced,5,gated,,forced_memory,4,5,0.25,8,source-only
0.5875000357627869,0.5562500357627869,0.5516250112056732,0.012113397392900937,10,500,0.8933486938476562,0.9528094010353089,0.021753288178607014,forced,10,gated,,forced_memory,4,10,0.5,8,source-only
0.846875011920929,0.831250011920929,0.8117312613725662,0.013373204884921913,10,500,0.3752179741859436,0.4375295383930206,0.02358346281638005,forced,15,gated,,forced_memory,4,15,0.75,8,source-only
1.0,0.9906250238418579,0.9959312558174134,0.004073049425877787,10,500,0.0017287874361500144,0.021271587134106085,0.018078946988359736,forced,20,gated,,forced_memory,4,20,1.0,8,source-only
1.0,0.9906250238418579,0.9959312558174134,0.004073049425877787,10,500,0.0017287874361500144,0.021271587134106085,0.018078946988359736,forced,25,gated,,forced_memory,4,20,1.0,8,source-only
1.0,0.9906250238418579,0.9959312558174134,0.004073049425877787,10,500,0.0017287874361500144,0.021271587134106085,0.018078946988359736,forced,30,gated,,forced_memory,4,20,1.0,8,source-only
0.390625,0.36250001192092896,0.34891875606775286,0.010824543619952436,10,500,1.8490562438964844,1.9138659927845,0.02383279402418377,forced,10,gated,,forced_memory,4,0,0.0,8,prefix-all
0.793749988079071,0.762499988079071,0.7656625109910965,0.0077836061541882344,10,500,0.49099087715148926,0.5486158276200295,0.02064535053381508,forced,20,gated,,forced_memory,4,9,0.45,8,prefix-all
0.987500011920929,0.981249988079071,0.9690375130176544,0.008225067238854513,10,500,0.03908530995249748,0.08505466012656689,0.020379706808312,forced,30,gated,,forced_memory,4,19,0.95,8,prefix-all
1.0,1.0,0.9958562556505203,0.0041170810187727185,10,500,0.0021357545629143715,0.02210842351336032,0.018764409021867157,forced,31,gated,,forced_memory,4,20,1.0,8,prefix-all
1.0,1.0,0.9958562556505203,0.0041170810187727185,10,500,0.0021357545629143715,0.02210842351336032,0.018764409021867157,forced,32,gated,,forced_memory,4,20,1.0,8,prefix-all
1.0,1.0,0.9958562556505203,0.0041170810187727185,10,500,0.0021357545629143715,0.02210842351336032,0.018764409021867157,forced,40,gated,,forced_memory,4,20,1.0,8,prefix-all
1.0,1.0,0.9958562556505203,0.0041170810187727185,10,500,0.0021357545629143715,0.02210842351336032,0.018764409021867157,forced,41,gated,,forced_memory,4,20,1.0,8,prefix-all
1.0,1.0,0.9958562556505203,0.0041170810187727185,10,500,0.0021357545629143715,0.02210842351336032,0.018764409021867157,forced,42,gated,,forced_memory,4,20,1.0,8,prefix-all
1.0,1.0,0.9958562556505203,0.0041170810187727185,10,500,0.0021357545629143715,0.02210842351336032,0.018764409021867157,forced,50,gated,,forced_memory,4,20,1.0,8,prefix-all
1.0,1.0,0.9958562556505203,0.0041170810187727185,10,500,0.0021357545629143715,0.02210842351336032,0.018764409021867157,forced,60,gated,,forced_memory,4,20,1.0,8,prefix-all
1.0,1.0,0.9958562556505203,0.0041170810187727185,10,500,0.0021357545629143715,0.02210842351336032,0.018764409021867157,forced,61,gated,,forced_memory,4,20,1.0,8,prefix-all
1.0,1.0,0.9958562556505203,0.0041170810187727185,10,500,0.0021357545629143715,0.02210842351336032,0.018764409021867157,forced,62,gated,,forced_memory,4,20,1.0,8,prefix-all
1.0,1.0,0.9958562556505203,0.0041170810187727185,10,500,0.0021357545629143715,0.02210842351336032,0.018764409021867157,forced,70,gated,,forced_memory,4,20,1.0,8,prefix-all
1.0,1.0,0.9958562556505203,0.0041170810187727185,10,500,0.0021357545629143715,0.02210842351336032,0.018764409021867157,forced,80,gated,,forced_memory,4,20,1.0,8,prefix-all
1.0,1.0,0.9958562556505203,0.0041170810187727185,10,500,0.0021357545629143715,0.02210842351336032,0.018764409021867157,forced,100,gated,,forced_memory,4,20,1.0,8,prefix-all
1.0,1.0,0.9958562556505203,0.0041170810187727185,10,500,0.0021357545629143715,0.02210842351336032,0.018764409021867157,forced,101,gated,,forced_memory,4,20,1.0,8,prefix-all
1.0,1.0,0.9958562556505203,0.0041170810187727185,10,500,0.0021357545629143715,0.02210842351336032,0.018764409021867157,forced,102,gated,,forced_memory,4,20,1.0,8,prefix-all
1.0,1.0,0.9958562556505203,0.0041170810187727185,10,500,0.0021357545629143715,0.02210842351336032,0.018764409021867157,forced,120,gated,,forced_memory,4,20,1.0,8,prefix-all
1.0,0.9906250238418579,0.9959312558174134,0.004073049425877787,10,500,0.0017287874361500144,0.021271587134106085,0.018078946988359736,forced,20,gated,0,forced_memory,4,20,1.0,8,source-pinned-noise-fifo
1.0,0.9937500357627869,0.9945812582969665,0.005134172877932936,10,500,0.0032647759653627872,0.02688705189805478,0.022051486454688327,forced,25,gated,5,forced_memory,4,20,1.0,8,source-pinned-noise-fifo
1.0,0.996874988079071,0.9947750079631805,0.0045505078184689225,10,500,0.00251583568751812,0.02559749972913414,0.018316250093843304,forced,30,gated,10,forced_memory,4,20,1.0,8,source-pinned-noise-fifo
1.0,0.996874988079071,0.9947750079631805,0.0045505078184689225,10,500,0.00251583568751812,0.02559749972913414,0.018316250093843304,forced,40,gated,20,forced_memory,4,20,1.0,8,source-pinned-noise-fifo
1.0,0.996874988079071,0.9947750079631805,0.0045505078184689225,10,500,0.00251583568751812,0.02559749972913414,0.018316250093843304,forced,60,gated,40,forced_memory,4,20,1.0,8,source-pinned-noise-fifo
1.0,0.996874988079071,0.9947750079631805,0.0045505078184689225,10,500,0.00251583568751812,0.02559749972913414,0.018316250093843304,forced,80,gated,60,forced_memory,4,20,1.0,8,source-pinned-noise-fifo
1.0,0.996874988079071,0.9947750079631805,0.0045505078184689225,10,500,0.00251583568751812,0.02559749972913414,0.018316250093843304,forced,100,gated,80,forced_memory,4,20,1.0,8,source-pinned-noise-fifo
0.3968749940395355,0.3656249940395355,0.3337250061631203,0.014632455490818767,20,500,1.384697437286377,1.4663838949203492,0.028445497241464505,forced,5,gated,,forced_memory,4,5,0.25,8,source-only
0.59375,0.559374988079071,0.5541500114202499,0.013071473550992573,20,500,0.8767212629318237,0.9495458105802536,0.027980901669885185,forced,10,gated,,forced_memory,4,10,0.5,8,source-only
0.7906250357627869,0.765625,0.7626000120639801,0.008571264413582082,20,500,0.4118959307670593,0.46583064675331115,0.01994626838132326,forced,15,gated,,forced_memory,4,15,0.75,8,source-only
1.0,1.0,0.9959562557935715,0.0040111621100589155,20,500,0.0016673218924552202,0.020422463512513787,0.017926796542997055,forced,20,gated,,forced_memory,4,20,1.0,8,source-only
1.0,1.0,0.9959562557935715,0.0040111621100589155,20,500,0.0016673218924552202,0.020422463512513787,0.017926796542997055,forced,25,gated,,forced_memory,4,20,1.0,8,source-only
1.0,1.0,0.9959562557935715,0.0040111621100589155,20,500,0.0016673218924552202,0.020422463512513787,0.017926796542997055,forced,30,gated,,forced_memory,4,20,1.0,8,source-only
0.09687500447034836,0.03125,0.05028125099465251,0.012375118586042934,20,500,2.982628345489502,2.997746060371399,0.003753982682529422,forced,10,gated,,forced_memory,4,0,0.0,8,prefix-all
0.3687500059604645,0.3499999940395355,0.33427500557899475,0.009343162610850086,20,500,2.016073226928711,2.0422559928894044,0.0106315892464609,forced,20,gated,,forced_memory,4,0,0.0,8,prefix-all
0.75,0.7250000238418579,0.7178312608003616,0.008136748819648414,20,500,0.5543850064277649,0.6085642224550247,0.022891743916119332,forced,30,gated,,forced_memory,4,9,0.45,8,prefix-all
0.8343750238418579,0.824999988079071,0.8105437610149383,0.007561029615173275,20,500,0.38098448514938354,0.4338600804209709,0.021651483430784046,forced,31,gated,,forced_memory,4,10,0.5,8,prefix-all
0.8812500238418579,0.8656250238418579,0.8560625118017197,0.006792399830677165,20,500,0.2600471079349518,0.3167026922702789,0.0208374944291637,forced,32,gated,,forced_memory,4,11,0.55,8,prefix-all
0.9906250238418579,0.9750000238418579,0.9682750121355057,0.007794289915541227,20,500,0.04459403455257416,0.08369683368504047,0.016945337995663955,forced,40,gated,,forced_memory,4,19,0.95,8,prefix-all
1.0,0.9937500357627869,0.9961312557458878,0.003699331045738914,20,500,0.0024860668927431107,0.01967289638472721,0.015558565171427634,forced,41,gated,,forced_memory,4,20,1.0,8,prefix-all
1.0,0.9937500357627869,0.9961312557458878,0.003699331045738914,20,500,0.0024860668927431107,0.01967289638472721,0.015558565171427634,forced,42,gated,,forced_memory,4,20,1.0,8,prefix-all
1.0,0.9937500357627869,0.9961312557458878,0.003699331045738914,20,500,0.0024860668927431107,0.01967289638472721,0.015558565171427634,forced,50,gated,,forced_memory,4,20,1.0,8,prefix-all
1.0,0.9937500357627869,0.9961312557458878,0.003699331045738914,20,500,0.0024860668927431107,0.01967289638472721,0.015558565171427634,forced,60,gated,,forced_memory,4,20,1.0,8,prefix-all
1.0,0.9937500357627869,0.9961312557458878,0.003699331045738914,20,500,0.0024860668927431107,0.01967289638472721,0.015558565171427634,forced,61,gated,,forced_memory,4,20,1.0,8,prefix-all
1.0,0.9937500357627869,0.9961312557458878,0.003699331045738914,20,500,0.0024860668927431107,0.01967289638472721,0.015558565171427634,forced,62,gated,,forced_memory,4,20,1.0,8,prefix-all
1.0,0.9937500357627869,0.9961312557458878,0.003699331045738914,20,500,0.0024860668927431107,0.01967289638472721,0.015558565171427634,forced,70,gated,,forced_memory,4,20,1.0,8,prefix-all
1.0,0.9937500357627869,0.9961312557458878,0.003699331045738914,20,500,0.0024860668927431107,0.01967289638472721,0.015558565171427634,forced,80,gated,,forced_memory,4,20,1.0,8,prefix-all
1.0,0.9937500357627869,0.9961312557458878,0.003699331045738914,20,500,0.0024860668927431107,0.01967289638472721,0.015558565171427634,forced,100,gated,,forced_memory,4,20,1.0,8,prefix-all
1.0,0.9937500357627869,0.9961312557458878,0.003699331045738914,20,500,0.0024860668927431107,0.01967289638472721,0.015558565171427634,forced,101,gated,,forced_memory,4,20,1.0,8,prefix-all
1.0,0.9937500357627869,0.9961312557458878,0.003699331045738914,20,500,0.0024860668927431107,0.01967289638472721,0.015558565171427634,forced,102,gated,,forced_memory,4,20,1.0,8,prefix-all
1.0,0.9937500357627869,0.9961312557458878,0.003699331045738914,20,500,0.0024860668927431107,0.01967289638472721,0.015558565171427634,forced,120,gated,,forced_memory,4,20,1.0,8,prefix-all
1.0,1.0,0.9959562557935715,0.0040111621100589155,20,500,0.0016673218924552202,0.020422463512513787,0.017926796542997055,forced,20,gated,0,forced_memory,4,20,1.0,8,source-pinned-noise-fifo
1.0,0.9937500357627869,0.9964687541723252,0.003859207847620692,20,500,0.001455620746128261,0.019061889080796392,0.017925853911544973,forced,25,gated,5,forced_memory,4,20,1.0,8,source-pinned-noise-fifo
1.0,0.9906250238418579,0.9971625027656555,0.003216671527807507,20,500,0.0013366816565394402,0.01577491374174133,0.014237270336122923,forced,30,gated,10,forced_memory,4,20,1.0,8,source-pinned-noise-fifo
1.0,0.9937500357627869,0.9968125039339065,0.0033997842137761837,20,500,0.0021728170104324818,0.01792818989511579,0.015762011861381462,forced,40,gated,20,forced_memory,4,20,1.0,8,source-pinned-noise-fifo
1.0,0.9937500357627869,0.9968125039339065,0.0033997842137761837,20,500,0.0021728170104324818,0.01792818989511579,0.015762011861381462,forced,60,gated,40,forced_memory,4,20,1.0,8,source-pinned-noise-fifo
1.0,0.9937500357627869,0.9968125039339065,0.0033997842137761837,20,500,0.0021728170104324818,0.01792818989511579,0.015762011861381462,forced,80,gated,60,forced_memory,4,20,1.0,8,source-pinned-noise-fifo
1.0,0.9937500357627869,0.9968125039339065,0.0033997842137761837,20,500,0.0021728170104324818,0.01792818989511579,0.015762011861381462,forced,100,gated,80,forced_memory,4,20,1.0,8,source-pinned-noise-fifo
0.375,0.328125,0.32223125618696213,0.015654036862130096,40,500,1.5180405378341675,1.6220937645435334,0.034665571832021305,forced,5,gated,,forced_memory,4,5,0.25,8,source-only
0.59375,0.534375011920929,0.5531312611103057,0.01188732758369672,40,500,0.8895915746688843,0.95428196144104,0.02196507990399996,forced,10,gated,,forced_memory,4,10,0.5,8,source-only
0.793749988079071,0.7718750238418579,0.7641187620162964,0.00789189358952866,40,500,0.4120379388332367,0.4652596269249916,0.019213992439629946,forced,15,gated,,forced_memory,4,15,0.75,8,source-only
1.0,1.0,0.9957250069379806,0.0040463239564599495,40,500,0.0024542382452636957,0.02186592355975881,0.018259253484576573,forced,20,gated,,forced_memory,4,20,1.0,8,source-only
1.0,1.0,0.9957250069379806,0.0040463239564599495,40,500,0.0024542382452636957,0.02186592355975881,0.018259253484576573,forced,25,gated,,forced_memory,4,20,1.0,8,source-only
1.0,1.0,0.9957250069379806,0.0040463239564599495,40,500,0.0024542382452636957,0.02186592355975881,0.018259253484576573,forced,30,gated,,forced_memory,4,20,1.0,8,source-only
0.10625000298023224,0.06875000149011612,0.05013750090450048,0.012259429084126592,40,500,2.980599880218506,2.997693513870239,0.003654543319663439,forced,10,gated,,forced_memory,4,0,0.0,8,prefix-all
0.09375,0.08125000447034836,0.05089375092834234,0.012390222825498572,40,500,2.9814000129699707,2.997738144874573,0.003701952409294251,forced,20,gated,,forced_memory,4,0,0.0,8,prefix-all
0.10000000149011612,0.0625,0.05023125087097287,0.012276328762873408,40,500,2.9825334548950195,2.9977724566459654,0.003685001641679059,forced,30,gated,,forced_memory,4,0,0.0,8,prefix-all
0.09375,0.0625,0.04996250088885427,0.01221865268001975,40,500,2.982508420944214,2.997761480808258,0.0036680450884701782,forced,31,gated,,forced_memory,4,0,0.0,8,prefix-all
0.10000000149011612,0.07187499850988388,0.04996250082552433,0.012138465566448693,40,500,2.9827651977539062,2.99775292634964,0.003667421056118574,forced,32,gated,,forced_memory,4,0,0.0,8,prefix-all
0.359375,0.3187499940395355,0.33082500588893893,0.010430903483427659,40,500,2.0337493419647217,2.075101385593414,0.019405898037527645,forced,40,gated,,forced_memory,4,0,0.0,8,prefix-all
0.24687500298023224,0.19687500596046448,0.20602500316500663,0.012125167408223284,40,500,2.0466954708099365,2.126198537826538,0.02895213706571759,forced,41,gated,,forced_memory,4,0,0.0,8,prefix-all
0.3843750059604645,0.32500001788139343,0.34635625582933427,0.011419915971720259,40,500,1.7034852504730225,1.7764823679924011,0.023812951272431243,forced,42,gated,,forced_memory,4,1,0.05,8,prefix-all
0.793749988079071,0.7718750238418579,0.7650250110626221,0.00794459280981738,40,500,0.4840473532676697,0.5390568352937698,0.020551985336902633,forced,50,gated,,forced_memory,4,9,0.45,8,prefix-all
0.949999988079071,0.925000011920929,0.9272062611579895,0.008718449290860006,40,500,0.10970902442932129,0.1524345926940441,0.018520297157640878,forced,60,gated,,forced_memory,4,19,0.95,8,prefix-all
0.9593750238418579,0.9468750357627869,0.9490250084400177,0.004986946621442195,40,500,0.06998919695615768,0.10160568948090076,0.015734682022407326,forced,61,gated,,forced_memory,4,20,1.0,8,prefix-all
0.9593750238418579,0.9468750357627869,0.9490250084400177,0.004986946621442195,40,500,0.06998919695615768,0.10160568948090076,0.015734682022407326,forced,62,gated,,forced_memory,4,20,1.0,8,prefix-all
0.9593750238418579,0.9468750357627869,0.9490250084400177,0.004986946621442195,40,500,0.06998919695615768,0.10160568948090076,0.015734682022407326,forced,70,gated,,forced_memory,4,20,1.0,8,prefix-all
0.9593750238418579,0.9468750357627869,0.9490250084400177,0.004986946621442195,40,500,0.06998919695615768,0.10160568948090076,0.015734682022407326,forced,80,gated,,forced_memory,4,20,1.0,8,prefix-all
0.9593750238418579,0.9468750357627869,0.9490250084400177,0.004986946621442195,40,500,0.06998919695615768,0.10160568948090076,0.015734682022407326,forced,100,gated,,forced_memory,4,20,1.0,8,prefix-all
0.9593750238418579,0.9468750357627869,0.9490250084400177,0.004986946621442195,40,500,0.06998919695615768,0.10160568948090076,0.015734682022407326,forced,101,gated,,forced_memory,4,20,1.0,8,prefix-all
0.9593750238418579,0.9468750357627869,0.9490250084400177,0.004986946621442195,40,500,0.06998919695615768,0.10160568948090076,0.015734682022407326,forced,102,gated,,forced_memory,4,20,1.0,8,prefix-all
0.9593750238418579,0.9468750357627869,0.9490250084400177,0.004986946621442195,40,500,0.06998919695615768,0.10160568948090076,0.015734682022407326,forced,120,gated,,forced_memory,4,20,1.0,8,prefix-all
1.0,1.0,0.9957250069379806,0.0040463239564599495,40,500,0.0024542382452636957,0.02186592355975881,0.018259253484576573,forced,20,gated,0,forced_memory,4,20,1.0,8,source-pinned-noise-fifo
1.0,1.0,0.9959937554597854,0.003970679450843521,40,500,0.0023706243373453617,0.019667868527118118,0.017051112054867673,forced,25,gated,5,forced_memory,4,20,1.0,8,source-pinned-noise-fifo
1.0,1.0,0.9969125037193298,0.003428752909689133,40,500,0.0018444722518324852,0.016119010903406887,0.014627544008980588,forced,30,gated,10,forced_memory,4,20,1.0,8,source-pinned-noise-fifo
1.0,0.996874988079071,0.9969937539100647,0.0031631262250160805,40,500,0.0010148846777155995,0.015408544237725436,0.013521592071578586,forced,40,gated,20,forced_memory,4,20,1.0,8,source-pinned-noise-fifo
1.0,0.987500011920929,0.9957812579870224,0.003942324162911627,40,500,0.0017345823580399156,0.02084943804354407,0.015287053692913112,forced,60,gated,40,forced_memory,4,20,1.0,8,source-pinned-noise-fifo
1.0,0.987500011920929,0.9957812579870224,0.003942324162911627,40,500,0.0017345823580399156,0.02084943804354407,0.015287053692913112,forced,80,gated,60,forced_memory,4,20,1.0,8,source-pinned-noise-fifo
1.0,0.987500011920929,0.9957812579870224,0.003942324162911627,40,500,0.0017345823580399156,0.02084943804354407,0.015287053692913112,forced,100,gated,80,forced_memory,4,20,1.0,8,source-pinned-noise-fifo
0.359375,0.3125,0.31341875600814817,0.013166439400524515,80,500,1.5971767902374268,1.7045151653289794,0.029500656363413657,forced,5,gated,,forced_memory,4,5,0.25,8,source-only
0.6031250357627869,0.5562500357627869,0.555256262421608,0.012135657455406394,80,500,0.8620618581771851,0.9442492723464966,0.02476519948180112,forced,10,gated,,forced_memory,4,10,0.5,8,source-only
0.8031250238418579,0.768750011920929,0.7724437617063522,0.008348416634086595,80,500,0.4884815216064453,0.5448565464615822,0.01891470887887626,forced,15,gated,,forced_memory,4,15,0.75,8,source-only
1.0,1.0,0.9965437539815902,0.003911567982059021,80,500,0.0018325602868571877,0.018319360823137686,0.016985997981420645,forced,20,gated,,forced_memory,4,20,1.0,8,source-only
1.0,1.0,0.9965437539815902,0.003911567982059021,80,500,0.0018325602868571877,0.018319360823137686,0.016985997981420645,forced,25,gated,,forced_memory,4,20,1.0,8,source-only
1.0,1.0,0.9965437539815902,0.003911567982059021,80,500,0.0018325602868571877,0.018319360823137686,0.016985997981420645,forced,30,gated,,forced_memory,4,20,1.0,8,source-only
0.09375,0.05000000074505806,0.051043750956654546,0.012980771865125385,80,500,2.98130202293396,2.9977692918777468,0.003862731887955397,forced,10,gated,,forced_memory,4,0,0.0,8,prefix-all
0.10312499850988388,0.05000000074505806,0.05048750089854002,0.0129526121522734,80,500,2.982095241546631,2.997849569797516,0.003906009445873798,forced,20,gated,,forced_memory,4,0,0.0,8,prefix-all
0.10000000149011612,0.03750000149011612,0.051100000929087404,0.012440521241628383,80,500,2.980625867843628,2.997895450592041,0.003987995840168626,forced,30,gated,,forced_memory,4,0,0.0,8,prefix-all
0.10000000149011612,0.04062500223517418,0.05077500082552433,0.012651618089990518,80,500,2.980250120162964,2.9978939728736878,0.003972750090816782,forced,31,gated,,forced_memory,4,0,0.0,8,prefix-all
0.10000000149011612,0.04062500223517418,0.05077500094100833,0.01253685844890703,80,500,2.9801487922668457,2.9978912200927734,0.003979439609975962,forced,32,gated,,forced_memory,4,0,0.0,8,prefix-all
0.09687500447034836,0.03750000149011612,0.05068125095963478,0.012491589572891927,80,500,2.9800102710723877,2.9979349541664124,0.004016060542010715,forced,40,gated,,forced_memory,4,0,0.0,8,prefix-all
0.10000000149011612,0.03750000149011612,0.05095625092461705,0.012733891693254975,80,500,2.980210065841675,2.9979342613220217,0.004009437388915108,forced,41,gated,,forced_memory,4,0,0.0,8,prefix-all
0.09687500447034836,0.03750000149011612,0.050731250930577516,0.012457444970580293,80,500,2.980078935623169,2.9979398169517517,0.0040166179661986715,forced,42,gated,,forced_memory,4,0,0.0,8,prefix-all
0.10000000149011612,0.04062500223517418,0.05062500093132258,0.012746016824302004,80,500,2.980576992034912,2.997946406841278,0.004004717563164517,forced,50,gated,,forced_memory,4,0,0.0,8,prefix-all
0.10000000149011612,0.03750000149011612,0.050668750919401644,0.01242642598953832,80,500,2.9806430339813232,2.9979110951423644,0.003954235052439648,forced,60,gated,,forced_memory,4,0,0.0,8,prefix-all
0.09687500447034836,0.03750000149011612,0.05077500095963478,0.0123595613810696,80,500,2.980825424194336,2.997917243003845,0.003955368016433625,forced,61,gated,,forced_memory,4,0,0.0,8,prefix-all
0.09375,0.03750000149011612,0.05061250081658363,0.012397070173329097,80,500,2.9809556007385254,2.9979237122535705,0.003956055967065828,forced,62,gated,,forced_memory,4,0,0.0,8,prefix-all
0.09687500447034836,0.03750000149011612,0.05073750076815486,0.012479790196921508,80,500,2.9808990955352783,2.997913428783417,0.003955413466677969,forced,70,gated,,forced_memory,4,0,0.0,8,prefix-all
0.359375,0.3531250059604645,0.27442500546574594,0.05728749450845511,80,500,2.1210665702819824,2.33609273147583,0.1760524785260557,forced,80,gated,,forced_memory,4,0,0.0,8,prefix-all
0.9906250238418579,0.96875,0.9710812621116638,0.008145098892464606,80,500,0.039570052176713943,0.0756513239517808,0.0166912863129575,forced,100,gated,,forced_memory,4,19,0.95,8,prefix-all
1.0,0.9906250238418579,0.9968437546491623,0.003321763750369681,80,500,0.002723199548199773,0.016428790866862983,0.01316927449569133,forced,101,gated,,forced_memory,4,20,1.0,8,prefix-all
1.0,0.9906250238418579,0.9968437546491623,0.003321763750369681,80,500,0.002723199548199773,0.016428790866862983,0.01316927449569133,forced,102,gated,,forced_memory,4,20,1.0,8,prefix-all
1.0,0.9906250238418579,0.9968437546491623,0.003321763750369681,80,500,0.002723199548199773,0.016428790866862983,0.01316927449569133,forced,120,gated,,forced_memory,4,20,1.0,8,prefix-all
1.0,1.0,0.9965437539815902,0.003911567982059021,80,500,0.0018325602868571877,0.018319360823137686,0.016985997981420645,forced,20,gated,0,forced_memory,4,20,1.0,8,source-pinned-noise-fifo
1.0,0.996874988079071,0.995887506723404,0.004127054925399227,80,500,0.0020685256458818913,0.021786832842975855,0.019211394385733913,forced,25,gated,5,forced_memory,4,20,1.0,8,source-pinned-noise-fifo
1.0,1.0,0.9959937570095062,0.003950954049335194,80,500,0.0023594286758452654,0.02134247296443209,0.01772198719582356,forced,30,gated,10,forced_memory,4,20,1.0,8,source-pinned-noise-fifo
1.0,1.0,0.997068753004074,0.0030780061806804293,80,500,0.0016013648128136992,0.016149278677767144,0.013694993492983757,forced,40,gated,20,forced_memory,4,20,1.0,8,source-pinned-noise-fifo
1.0,0.9906250238418579,0.9955937581062317,0.004009135089438488,80,500,0.001468207687139511,0.022781125485897065,0.01713492801088369,forced,60,gated,40,forced_memory,4,20,1.0,8,source-pinned-noise-fifo
1.0,0.9906250238418579,0.9950000089406967,0.0044502374757531705,80,500,0.0034944124054163694,0.024204323552548885,0.017443775174888796,forced,80,gated,60,forced_memory,4,20,1.0,8,source-pinned-noise-fifo
1.0,1.0,0.995400006532669,0.004425168036282921,80,500,0.0026205875910818577,0.023002178311347963,0.019062425097797715,forced,100,gated,80,forced_memory,4,20,1.0,8,source-pinned-noise-fifo
0.4156250059604645,0.38750001788139343,0.35367500615119934,0.01799658721062008,10,500,1.5168373584747314,1.6103530616760253,0.04039359729252375,forced,5,gated,,forced_memory,5,5,0.25,8,source-only
0.581250011920929,0.559374988079071,0.5375187616348267,0.012045634147536538,10,500,0.927861213684082,0.9857565253973007,0.0212228577305047,forced,10,gated,,forced_memory,5,10,0.5,8,source-only
0.800000011920929,0.765625,0.7624812632799148,0.00870185535155063,10,500,0.41404256224632263,0.4628353952765465,0.02061008041536174,forced,15,gated,,forced_memory,5,15,0.75,8,source-only
1.0,1.0,0.9966937539577484,0.0034041409596539457,10,500,0.0017815178725868464,0.017630742474924774,0.015397871751868486,forced,20,gated,,forced_memory,5,20,1.0,8,source-only
1.0,1.0,0.9966937539577484,0.0034041409596539457,10,500,0.0017815178725868464,0.017630742474924774,0.015397871751868486,forced,25,gated,,forced_memory,5,20,1.0,8,source-only
1.0,1.0,0.9966937539577484,0.0034041409596539457,10,500,0.0017815178725868464,0.017630742474924774,0.015397871751868486,forced,30,gated,,forced_memory,5,20,1.0,8,source-only
0.4281249940395355,0.39375001192092896,0.3615437561869621,0.027440339972557987,10,500,1.5299599170684814,1.6447762610912322,0.04183797781114134,forced,10,gated,,forced_memory,5,0,0.0,8,prefix-all
0.7562500238418579,0.715624988079071,0.7166000108718872,0.00889755850835409,10,500,0.5461986660957336,0.6139830739498139,0.021184727439470235,forced,20,gated,,forced_memory,5,9,0.45,8,prefix-all
0.949999988079071,0.940625011920929,0.9253437631130218,0.008808897659420542,10,500,0.1120113730430603,0.1532466487288475,0.01730256279832195,forced,30,gated,,forced_memory,5,19,0.95,8,prefix-all
0.965624988079071,0.953125,0.9502687566280364,0.004431113180832755,10,500,0.06908829510211945,0.098017320394516,0.013894729080185183,forced,31,gated,,forced_memory,5,20,1.0,8,prefix-all
0.965624988079071,0.953125,0.9502687566280364,0.004431113180832755,10,500,0.06908829510211945,0.098017320394516,0.013894729080185183,forced,32,gated,,forced_memory,5,20,1.0,8,prefix-all
0.965624988079071,0.953125,0.9502687566280364,0.004431113180832755,10,500,0.06908829510211945,0.098017320394516,0.013894729080185183,forced,40,gated,,forced_memory,5,20,1.0,8,prefix-all
0.965624988079071,0.953125,0.9502687566280364,0.004431113180832755,10,500,0.06908829510211945,0.098017320394516,0.013894729080185183,forced,41,gated,,forced_memory,5,20,1.0,8,prefix-all
0.965624988079071,0.953125,0.9502687566280364,0.004431113180832755,10,500,0.06908829510211945,0.098017320394516,0.013894729080185183,forced,42,gated,,forced_memory,5,20,1.0,8,prefix-all
0.965624988079071,0.953125,0.9502687566280364,0.004431113180832755,10,500,0.06908829510211945,0.098017320394516,0.013894729080185183,forced,50,gated,,forced_memory,5,20,1.0,8,prefix-all
0.965624988079071,0.953125,0.9502687566280364,0.004431113180832755,10,500,0.06908829510211945,0.098017320394516,0.013894729080185183,forced,60,gated,,forced_memory,5,20,1.0,8,prefix-all
0.965624988079071,0.953125,0.9502687566280364,0.004431113180832755,10,500,0.06908829510211945,0.098017320394516,0.013894729080185183,forced,61,gated,,forced_memory,5,20,1.0,8,prefix-all
0.965624988079071,0.953125,0.9502687566280364,0.004431113180832755,10,500,0.06908829510211945,0.098017320394516,0.013894729080185183,forced,62,gated,,forced_memory,5,20,1.0,8,prefix-all
0.965624988079071,0.953125,0.9502687566280364,0.004431113180832755,10,500,0.06908829510211945,0.098017320394516,0.013894729080185183,forced,70,gated,,forced_memory,5,20,1.0,8,prefix-all
0.965624988079071,0.953125,0.9502687566280364,0.004431113180832755,10,500,0.06908829510211945,0.098017320394516,0.013894729080185183,forced,80,gated,,forced_memory,5,20,1.0,8,prefix-all
0.965624988079071,0.953125,0.9502687566280364,0.004431113180832755,10,500,0.06908829510211945,0.098017320394516,0.013894729080185183,forced,100,gated,,forced_memory,5,20,1.0,8,prefix-all
0.965624988079071,0.953125,0.9502687566280364,0.004431113180832755,10,500,0.06908829510211945,0.098017320394516,0.013894729080185183,forced,101,gated,,forced_memory,5,20,1.0,8,prefix-all
0.965624988079071,0.953125,0.9502687566280364,0.004431113180832755,10,500,0.06908829510211945,0.098017320394516,0.013894729080185183,forced,102,gated,,forced_memory,5,20,1.0,8,prefix-all
0.965624988079071,0.953125,0.9502687566280364,0.004431113180832755,10,500,0.06908829510211945,0.098017320394516,0.013894729080185183,forced,120,gated,,forced_memory,5,20,1.0,8,prefix-all
1.0,1.0,0.9966937539577484,0.0034041409596539457,10,500,0.0017815178725868464,0.017630742474924774,0.015397871751868486,forced,20,gated,0,forced_memory,5,20,1.0,8,source-pinned-noise-fifo
1.0,0.987500011920929,0.9955375059843063,0.004170217406299068,10,500,0.002483601216226816,0.022132913870736955,0.017762662646025548,forced,25,gated,5,forced_memory,5,20,1.0,8,source-pinned-noise-fifo
1.0,0.996874988079071,0.9960625054836273,0.004239409304544152,10,500,0.0020382360089570284,0.019900463092606516,0.018404669629378624,forced,30,gated,10,forced_memory,5,20,1.0,8,source-pinned-noise-fifo
1.0,0.996874988079071,0.9960625054836273,0.004239409304544152,10,500,0.0020382360089570284,0.019900463092606516,0.018404669629378624,forced,40,gated,20,forced_memory,5,20,1.0,8,source-pinned-noise-fifo
1.0,0.996874988079071,0.9960625054836273,0.004239409304544152,10,500,0.0020382360089570284,0.019900463092606516,0.018404669629378624,forced,60,gated,40,forced_memory,5,20,1.0,8,source-pinned-noise-fifo
1.0,0.996874988079071,0.9960625054836273,0.004239409304544152,10,500,0.0020382360089570284,0.019900463092606516,0.018404669629378624,forced,80,gated,60,forced_memory,5,20,1.0,8,source-pinned-noise-fifo
1.0,0.996874988079071,0.9960625054836273,0.004239409304544152,10,500,0.0020382360089570284,0.019900463092606516,0.018404669629378624,forced,100,gated,80,forced_memory,5,20,1.0,8,source-pinned-noise-fifo
0.35625001788139343,0.3343749940395355,0.3149312553405762,0.012804386326251539,20,500,1.6269986629486084,1.706337700843811,0.0281235156855414,forced,5,gated,,forced_memory,5,5,0.25,8,source-only
0.596875011920929,0.5562500357627869,0.5549937629699707,0.013126634285687121,20,500,0.8861740231513977,0.9512708016633987,0.0255231569459675,forced,10,gated,,forced_memory,5,10,0.5,8,source-only
0.7875000238418579,0.7437500357627869,0.7628625110387802,0.008224478230966073,20,500,0.41502779722213745,0.46678281009197237,0.020059962934416895,forced,15,gated,,forced_memory,5,15,0.75,8,source-only
1.0,0.9937500357627869,0.9956937569379807,0.004492951090661331,20,500,0.001915042637847364,0.0222277016651351,0.02010078564999138,forced,20,gated,,forced_memory,5,20,1.0,8,source-only
1.0,0.9937500357627869,0.9956937569379807,0.004492951090661331,20,500,0.001915042637847364,0.0222277016651351,0.02010078564999138,forced,25,gated,,forced_memory,5,20,1.0,8,source-only
1.0,0.9937500357627869,0.9956937569379807,0.004492951090661331,20,500,0.001915042637847364,0.0222277016651351,0.02010078564999138,forced,30,gated,,forced_memory,5,20,1.0,8,source-only
0.10000000149011612,0.05000000074505806,0.04955000074952841,0.012389852359307153,20,500,2.979849100112915,2.997423001766205,0.0033295968750543894,forced,10,gated,,forced_memory,5,0,0.0,8,prefix-all
0.37187501788139343,0.3343749940395355,0.3344437561035156,0.010276222308057251,20,500,2.008251905441284,2.0337679176330568,0.008922639458745376,forced,20,gated,,forced_memory,5,0,0.0,8,prefix-all
0.753125011920929,0.7406250238418579,0.7169000133275986,0.008348801594757291,20,500,0.5557622909545898,0.6149403225183487,0.02248367538958587,forced,30,gated,,forced_memory,5,9,0.45,8,prefix-all
0.8375000357627869,0.8187500238418579,0.8107625124454498,0.007530448591341382,20,500,0.37600263953208923,0.4302971190214157,0.021425562816924128,forced,31,gated,,forced_memory,5,10,0.5,8,prefix-all
0.840624988079071,0.8031250238418579,0.8085187610387802,0.0071554453964686035,20,500,0.3037439286708832,0.3772448759675026,0.02044877228131464,forced,32,gated,,forced_memory,5,11,0.55,8,prefix-all
0.984375,0.965624988079071,0.9591187618970871,0.007991252513126145,20,500,0.05568275600671768,0.09725760813802481,0.01730500719378881,forced,40,gated,,forced_memory,5,19,0.95,8,prefix-all
1.0,1.0,0.9962812560796738,0.003641520284750898,20,500,0.003106198739260435,0.01950372109701857,0.01657588499868644,forced,41,gated,,forced_memory,5,20,1.0,8,prefix-all
1.0,1.0,0.9962812560796738,0.003641520284750898,20,500,0.003106198739260435,0.01950372109701857,0.01657588499868644,forced,42,gated,,forced_memory,5,20,1.0,8,prefix-all
1.0,1.0,0.9962812560796738,0.003641520284750898,20,500,0.003106198739260435,0.01950372109701857,0.01657588499868644,forced,50,gated,,forced_memory,5,20,1.0,8,prefix-all
1.0,1.0,0.9962812560796738,0.003641520284750898,20,500,0.003106198739260435,0.01950372109701857,0.01657588499868644,forced,60,gated,,forced_memory,5,20,1.0,8,prefix-all
1.0,1.0,0.9962812560796738,0.003641520284750898,20,500,0.003106198739260435,0.01950372109701857,0.01657588499868644,forced,61,gated,,forced_memory,5,20,1.0,8,prefix-all
1.0,1.0,0.9962812560796738,0.003641520284750898,20,500,0.003106198739260435,0.01950372109701857,0.01657588499868644,forced,62,gated,,forced_memory,5,20,1.0,8,prefix-all
1.0,1.0,0.9962812560796738,0.003641520284750898,20,500,0.003106198739260435,0.01950372109701857,0.01657588499868644,forced,70,gated,,forced_memory,5,20,1.0,8,prefix-all
1.0,1.0,0.9962812560796738,0.003641520284750898,20,500,0.003106198739260435,0.01950372109701857,0.01657588499868644,forced,80,gated,,forced_memory,5,20,1.0,8,prefix-all
1.0,1.0,0.9962812560796738,0.003641520284750898,20,500,0.003106198739260435,0.01950372109701857,0.01657588499868644,forced,100,gated,,forced_memory,5,20,1.0,8,prefix-all
1.0,1.0,0.9962812560796738,0.003641520284750898,20,500,0.003106198739260435,0.01950372109701857,0.01657588499868644,forced,101,gated,,forced_memory,5,20,1.0,8,prefix-all
1.0,1.0,0.9962812560796738,0.003641520284750898,20,500,0.003106198739260435,0.01950372109701857,0.01657588499868644,forced,102,gated,,forced_memory,5,20,1.0,8,prefix-all
1.0,1.0,0.9962812560796738,0.003641520284750898,20,500,0.003106198739260435,0.01950372109701857,0.01657588499868644,forced,120,gated,,forced_memory,5,20,1.0,8,prefix-all
1.0,0.9937500357627869,0.9956937569379807,0.004492951090661331,20,500,0.001915042637847364,0.0222277016651351,0.02010078564999138,forced,20,gated,0,forced_memory,5,20,1.0,8,source-pinned-noise-fifo
1.0,0.996874988079071,0.9961000064611435,0.004518288095467246,20,500,0.0013557031052187085,0.020296660063555464,0.020230644998772473,forced,25,gated,5,forced_memory,5,20,1.0,8,source-pinned-noise-fifo
1.0,1.0,0.9963687543869019,0.004401425680141607,20,500,0.0018950067460536957,0.01958857825724408,0.020883776382298543,forced,30,gated,10,forced_memory,5,20,1.0,8,source-pinned-noise-fifo
1.0,0.996874988079071,0.9975375021696091,0.0031235169402402357,20,500,0.0014437269419431686,0.013778726033633575,0.015042680597434686,forced,40,gated,20,forced_memory,5,20,1.0,8,source-pinned-noise-fifo
1.0,0.996874988079071,0.9975375021696091,0.0031235169402402357,20,500,0.0014437269419431686,0.013778726033633575,0.015042680597434686,forced,60,gated,40,forced_memory,5,20,1.0,8,source-pinned-noise-fifo
1.0,0.996874988079071,0.9975375021696091,0.0031235169402402357,20,500,0.0014437269419431686,0.013778726033633575,0.015042680597434686,forced,80,gated,60,forced_memory,5,20,1.0,8,source-pinned-noise-fifo
1.0,0.996874988079071,0.9975375021696091,0.0031235169402402357,20,500,0.0014437269419431686,0.013778726033633575,0.015042680597434686,forced,100,gated,80,forced_memory,5,20,1.0,8,source-pinned-noise-fifo
0.40625,0.375,0.34936250615119935,0.018531641378485054,40,500,1.5100950002670288,1.595552527666092,0.03643820757966718,forced,5,gated,,forced_memory,5,5,0.25,8,source-only
0.590624988079071,0.5375000238418579,0.5497812612056732,0.013296902613392095,40,500,0.9327607154846191,1.0064178615808488,0.026965903324134552,forced,10,gated,,forced_memory,5,10,0.5,8,source-only
0.765625,0.71875,0.7150250118970871,0.013388405042230031,40,500,0.5823096036911011,0.6520346854925155,0.026878990018088755,forced,15,gated,,forced_memory,5,15,0.75,8,source-only
1.0,1.0,0.9969437531232834,0.003504336006402677,40,500,0.002255802508443594,0.015758007674477995,0.014651509523311138,forced,20,gated,,forced_memory,5,20,1.0,8,source-only
1.0,1.0,0.9969437531232834,0.003504336006402677,40,500,0.002255802508443594,0.015758007674477995,0.014651509523311138,forced,25,gated,,forced_memory,5,20,1.0,8,source-only
1.0,1.0,0.9969437531232834,0.003504336006402677,40,500,0.002255802508443594,0.015758007674477995,0.014651509523311138,forced,30,gated,,forced_memory,5,20,1.0,8,source-only
0.10000000149011612,0.04374999925494194,0.04983125090971589,0.012163873199401137,40,500,2.9821200370788574,2.9978764386177064,0.00328916586518681,forced,10,gated,,forced_memory,5,0,0.0,8,prefix-all
0.09062500298023224,0.04374999925494194,0.04948750089481473,0.01264953707498699,40,500,2.984635829925537,2.9979833312034607,0.0033828016366718454,forced,20,gated,,forced_memory,5,0,0.0,8,prefix-all
0.09687500447034836,0.04374999925494194,0.04988125094026327,0.012599818882479182,40,500,2.983847141265869,2.997965750694275,0.003384273493552118,forced,30,gated,,forced_memory,5,0,0.0,8,prefix-all
0.10000000149011612,0.04374999925494194,0.04986250085383653,0.012372026413284111,40,500,2.9837892055511475,2.997942261695862,0.00336894302707147,forced,31,gated,,forced_memory,5,0,0.0,8,prefix-all
0.09687500447034836,0.04374999925494194,0.04989375086501241,0.012322507278427167,40,500,2.9836204051971436,2.9979203572273256,0.0033511015937147523,forced,32,gated,,forced_memory,5,0,0.0,8,prefix-all
0.375,0.328125,0.3327875056862831,0.010446073371395026,40,500,2.090330123901367,2.1143930373191835,0.012427473986048869,forced,40,gated,,forced_memory,5,0,0.0,8,prefix-all
0.37187501788139343,0.3343749940395355,0.3340937559604645,0.010664402581828531,40,500,2.009201765060425,2.0345176939964293,0.011306698737802339,forced,41,gated,,forced_memory,5,0,0.0,8,prefix-all
0.22187499701976776,0.16875000298023224,0.1736250030696392,0.013577900270933913,40,500,2.1486754417419434,2.2207400722503663,0.023510390032889024,forced,42,gated,,forced_memory,5,1,0.05,8,prefix-all
0.7562500238418579,0.7281250357627869,0.7228375109434128,0.00981923287773042,40,500,0.5513863563537598,0.6114727604389191,0.023560343389977537,forced,50,gated,,forced_memory,5,9,0.45,8,prefix-all
0.96875,0.9593750238418579,0.9512625101804734,0.006525776982886107,40,500,0.07716479152441025,0.10914358687400817,0.022316401399832462,forced,60,gated,,forced_memory,5,19,0.95,8,prefix-all
1.0,0.9937500357627869,0.9965062546730041,0.0034799496056109754,40,500,0.0019799743313342333,0.017551582999527453,0.014158860205581353,forced,61,gated,,forced_memory,5,20,1.0,8,prefix-all
1.0,0.9937500357627869,0.9965062546730041,0.0034799496056109754,40,500,0.0019799743313342333,0.017551582999527453,0.014158860205581353,forced,62,gated,,forced_memory,5,20,1.0,8,prefix-all
1.0,0.9937500357627869,0.9965062546730041,0.0034799496056109754,40,500,0.0019799743313342333,0.017551582999527453,0.014158860205581353,forced,70,gated,,forced_memory,5,20,1.0,8,prefix-all
1.0,0.9937500357627869,0.9965062546730041,0.0034799496056109754,40,500,0.0019799743313342333,0.017551582999527453,0.014158860205581353,forced,80,gated,,forced_memory,5,20,1.0,8,prefix-all
1.0,0.9937500357627869,0.9965062546730041,0.0034799496056109754,40,500,0.0019799743313342333,0.017551582999527453,0.014158860205581353,forced,100,gated,,forced_memory,5,20,1.0,8,prefix-all
1.0,0.9937500357627869,0.9965062546730041,0.0034799496056109754,40,500,0.0019799743313342333,0.017551582999527453,0.014158860205581353,forced,101,gated,,forced_memory,5,20,1.0,8,prefix-all
1.0,0.9937500357627869,0.9965062546730041,0.0034799496056109754,40,500,0.0019799743313342333,0.017551582999527453,0.014158860205581353,forced,102,gated,,forced_memory,5,20,1.0,8,prefix-all
1.0,0.9937500357627869,0.9965062546730041,0.0034799496056109754,40,500,0.0019799743313342333,0.017551582999527453,0.014158860205581353,forced,120,gated,,forced_memory,5,20,1.0,8,prefix-all
1.0,1.0,0.9969437531232834,0.003504336006402677,40,500,0.002255802508443594,0.015758007674477995,0.014651509523311138,forced,20,gated,0,forced_memory,5,20,1.0,8,source-pinned-noise-fifo
1.0,1.0,0.99658125436306,0.0035591501395202617,40,500,0.002369158435612917,0.01824739280855283,0.015821450780565224,forced,25,gated,5,forced_memory,5,20,1.0,8,source-pinned-noise-fifo
1.0,0.9937500357627869,0.997043753862381,0.0034729388624674985,40,500,0.001443873392418027,0.0160190585963428,0.016087253907433464,forced,30,gated,10,forced_memory,5,20,1.0,8,source-pinned-noise-fifo
1.0,1.0,0.9980562499761582,0.0026352348830250266,40,500,0.000982045428827405,0.011012634373269976,0.01210510716816397,forced,40,gated,20,forced_memory,5,20,1.0,8,source-pinned-noise-fifo
1.0,0.9937500357627869,0.9968625037670136,0.003638952011199841,40,500,0.0014402922242879868,0.01658154505235143,0.014997386609596493,forced,60,gated,40,forced_memory,5,20,1.0,8,source-pinned-noise-fifo
1.0,0.9937500357627869,0.9968625037670136,0.003638952011199841,40,500,0.0014402922242879868,0.01658154505235143,0.014997386609596493,forced,80,gated,60,forced_memory,5,20,1.0,8,source-pinned-noise-fifo
1.0,0.9937500357627869,0.9968625037670136,0.003638952011199841,40,500,0.0014402922242879868,0.01658154505235143,0.014997386609596493,forced,100,gated,80,forced_memory,5,20,1.0,8,source-pinned-noise-fifo
0.3812499940395355,0.3218750059604645,0.3328937559723854,0.0146086056420087,80,500,1.5274484157562256,1.6062479376792909,0.026810540659487382,forced,5,gated,,forced_memory,5,5,0.25,8,source-only
0.590624988079071,0.550000011920929,0.5507750111818314,0.013189756693826356,80,500,0.8838628530502319,0.9704136543273926,0.02823948717928619,forced,10,gated,,forced_memory,5,10,0.5,8,source-only
0.796875,0.7562500238418579,0.7658750121593475,0.008563640193149894,80,500,0.4093068540096283,0.4719147388339043,0.020722841865964906,forced,15,gated,,forced_memory,5,15,0.75,8,source-only
1.0,1.0,0.9972250026464462,0.0031552448793438015,80,500,0.0013935168972238898,0.015214410703396424,0.014588919128560933,forced,20,gated,,forced_memory,5,20,1.0,8,source-only
1.0,1.0,0.9972250026464462,0.0031552448793438015,80,500,0.0013935168972238898,0.015214410703396424,0.014588919128560933,forced,25,gated,,forced_memory,5,20,1.0,8,source-only
1.0,1.0,0.9972250026464462,0.0031552448793438015,80,500,0.0013935168972238898,0.015214410703396424,0.014588919128560933,forced,30,gated,,forced_memory,5,20,1.0,8,source-only
0.10000000149011612,0.05625000223517418,0.0499875009432435,0.012191499502519987,80,500,2.9832088947296143,2.997558662414551,0.0031440815057266936,forced,10,gated,,forced_memory,5,0,0.0,8,prefix-all
0.10312499850988388,0.05312500149011612,0.049675000805407765,0.01235430091736542,80,500,2.983133554458618,2.9975614948272704,0.0031638027055810626,forced,20,gated,,forced_memory,5,0,0.0,8,prefix-all
0.08749999850988388,0.05312500149011612,0.049625000827014445,0.01224649200719688,80,500,2.983058452606201,2.9975410962104796,0.0032490168891948475,forced,30,gated,,forced_memory,5,0,0.0,8,prefix-all
0.09687500447034836,0.05312500149011612,0.05008125088736415,0.012206445372690106,80,500,2.9828338623046875,2.9975784368515015,0.0032991887232646975,forced,31,gated,,forced_memory,5,0,0.0,8,prefix-all
0.09375,0.05312500149011612,0.049868750892579555,0.012207610250701093,80,500,2.983349323272705,2.99760054731369,0.0033274852676855233,forced,32,gated,,forced_memory,5,0,0.0,8,prefix-all
0.09687500447034836,0.05312500149011612,0.049762500818818806,0.012364193655641868,80,500,2.983405590057373,2.9975701088905335,0.0032949168599937045,forced,40,gated,,forced_memory,5,0,0.0,8,prefix-all
0.09375,0.05312500149011612,0.0496937508918345,0.012281049808793848,80,500,2.983090877532959,2.9975620255470274,0.0032886143755540683,forced,41,gated,,forced_memory,5,0,0.0,8,prefix-all
0.09687500447034836,0.05312500149011612,0.049781250782310965,0.012080904197607475,80,500,2.9831502437591553,2.997562731266022,0.0032918013555794288,forced,42,gated,,forced_memory,5,0,0.0,8,prefix-all
0.10000000149011612,0.05312500149011612,0.04933125087246299,0.012273019058282724,80,500,2.9823431968688965,2.9975952143669127,0.003333715070718143,forced,50,gated,,forced_memory,5,0,0.0,8,prefix-all
0.09375,0.05312500149011612,0.04933750083297491,0.011882833011333358,80,500,2.9825446605682373,2.997605306625366,0.0033524431880096587,forced,60,gated,,forced_memory,5,0,0.0,8,prefix-all
0.09375,0.05312500149011612,0.04931250086426735,0.01201057493443257,80,500,2.9826624393463135,2.9976119661331175,0.0033570007128568844,forced,61,gated,,forced_memory,5,0,0.0,8,prefix-all
0.09375,0.05312500149011612,0.049550000835210085,0.011958287028754322,80,500,2.982755184173584,2.9976106281280517,0.003347880827750658,forced,62,gated,,forced_memory,5,0,0.0,8,prefix-all
0.09375,0.05000000074505806,0.049412500847131016,0.012061308368872356,80,500,2.98286509513855,2.9976100001335144,0.0033482328641575654,forced,70,gated,,forced_memory,5,0,0.0,8,prefix-all
0.15000000596046448,0.11874999850988388,0.09920625142753124,0.015027801208148592,80,500,2.7311999797821045,2.835607657432556,0.042896662008841444,forced,80,gated,,forced_memory,5,0,0.0,8,prefix-all
0.953125,0.9375,0.9224625120162964,0.009115499311282037,80,500,0.12040505558252335,0.1606753064095974,0.01706142172307339,forced,100,gated,,forced_memory,5,19,0.95,8,prefix-all
1.0,1.0,0.9965562554597854,0.003353503348100393,80,500,0.00200271001085639,0.017515311049763112,0.012710337070278096,forced,101,gated,,forced_memory,5,20,1.0,8,prefix-all
1.0,1.0,0.9965562554597854,0.003353503348100393,80,500,0.00200271001085639,0.017515311049763112,0.012710337070278096,forced,102,gated,,forced_memory,5,20,1.0,8,prefix-all
1.0,1.0,0.9965562554597854,0.003353503348100393,80,500,0.00200271001085639,0.017515311049763112,0.012710337070278096,forced,120,gated,,forced_memory,5,20,1.0,8,prefix-all
1.0,1.0,0.9972250026464462,0.0031552448793438015,80,500,0.0013935168972238898,0.015214410703396424,0.014588919128560933,forced,20,gated,0,forced_memory,5,20,1.0,8,source-pinned-noise-fifo
1.0,1.0,0.9975312535762787,0.0031028814970732667,80,500,0.0010394572746008635,0.013404778747586533,0.013672629185439296,forced,25,gated,5,forced_memory,5,20,1.0,8,source-pinned-noise-fifo
1.0,1.0,0.9959250073432923,0.003932506904701148,80,500,0.0025580725632607937,0.021454748935997487,0.017233910582417078,forced,30,gated,10,forced_memory,5,20,1.0,8,source-pinned-noise-fifo
1.0,0.9937500357627869,0.9953937569856643,0.004389836521356355,80,500,0.002231856109574437,0.023028069955762474,0.018635439485073013,forced,40,gated,20,forced_memory,5,20,1.0,8,source-pinned-noise-fifo
1.0,0.9906250238418579,0.995993756055832,0.004323885272745902,80,500,0.0013889825204387307,0.020096131032099947,0.01774943545346251,forced,60,gated,40,forced_memory,5,20,1.0,8,source-pinned-noise-fifo
1.0,1.0,0.996318755030632,0.0038046908787097533,80,500,0.002138538984581828,0.01737857611523941,0.014553661528579754,forced,80,gated,60,forced_memory,5,20,1.0,8,source-pinned-noise-fifo
1.0,1.0,0.9965625039339066,0.0035767169518650934,80,500,0.002219697693362832,0.017318393705878406,0.013031716998058293,forced,100,gated,80,forced_memory,5,20,1.0,8,source-pinned-noise-fifo
0.36250001192092896,0.3031249940395355,0.31062500619888306,0.013066835821189567,10,500,1.5612634420394897,1.653291716337204,0.026420464264089928,forced,5,gated,,forced_memory,6,5,0.25,8,source-only
0.590624988079071,0.5406250357627869,0.5538625115156174,0.012099966306912483,10,500,0.8839874267578125,0.9548993203639984,0.025884574584964844,forced,10,gated,,forced_memory,6,10,0.5,8,source-only
0.793749988079071,0.762499988079071,0.7636437617540359,0.008431736400555783,10,500,0.4115014970302582,0.4741557863354683,0.020854987273462768,forced,15,gated,,forced_memory,6,15,0.75,8,source-only
1.0,0.9906250238418579,0.9952937558889389,0.0049901815465857495,10,500,0.002527726348489523,0.024982595458161085,0.02201636372286968,forced,20,gated,,forced_memory,6,20,1.0,8,source-only
1.0,0.9906250238418579,0.9952937558889389,0.0049901815465857495,10,500,0.002527726348489523,0.024982595458161085,0.02201636372286968,forced,25,gated,,forced_memory,6,20,1.0,8,source-only
1.0,0.9906250238418579,0.9952937558889389,0.0049901815465857495,10,500,0.002527726348489523,0.024982595458161085,0.02201636372286968,forced,30,gated,,forced_memory,6,20,1.0,8,source-only
0.5,0.48125001788139343,0.444768756210804,0.019168181113033974,10,500,1.4837710857391357,1.594739069223404,0.035232982007171725,forced,10,gated,,forced_memory,6,0,0.0,8,prefix-all
0.543749988079071,0.512499988079071,0.5007875097990035,0.01147538938288336,10,500,1.1216951608657837,1.2156219913959503,0.025712941932539563,forced,20,gated,,forced_memory,6,9,0.45,8,prefix-all
0.9906250238418579,0.981249988079071,0.9674125121831894,0.008367076339534684,10,500,0.03621981665492058,0.08706700199097395,0.019199144644032308,forced,30,gated,,forced_memory,6,19,0.95,8,prefix-all
1.0,1.0,0.9958937544822692,0.0039816433121293805,10,500,0.002630617469549179,0.020489811670966446,0.01620840244798232,forced,31,gated,,forced_memory,6,20,1.0,8,prefix-all
1.0,1.0,0.9958937544822692,0.0039816433121293805,10,500,0.002630617469549179,0.020489811670966446,0.01620840244798232,forced,32,gated,,forced_memory,6,20,1.0,8,prefix-all
1.0,1.0,0.9958937544822692,0.0039816433121293805,10,500,0.002630617469549179,0.020489811670966446,0.01620840244798232,forced,40,gated,,forced_memory,6,20,1.0,8,prefix-all
1.0,1.0,0.9958937544822692,0.0039816433121293805,10,500,0.002630617469549179,0.020489811670966446,0.01620840244798232,forced,41,gated,,forced_memory,6,20,1.0,8,prefix-all
1.0,1.0,0.9958937544822692,0.0039816433121293805,10,500,0.002630617469549179,0.020489811670966446,0.01620840244798232,forced,42,gated,,forced_memory,6,20,1.0,8,prefix-all
1.0,1.0,0.9958937544822692,0.0039816433121293805,10,500,0.002630617469549179,0.020489811670966446,0.01620840244798232,forced,50,gated,,forced_memory,6,20,1.0,8,prefix-all
1.0,1.0,0.9958937544822692,0.0039816433121293805,10,500,0.002630617469549179,0.020489811670966446,0.01620840244798232,forced,60,gated,,forced_memory,6,20,1.0,8,prefix-all
1.0,1.0,0.9958937544822692,0.0039816433121293805,10,500,0.002630617469549179,0.020489811670966446,0.01620840244798232,forced,61,gated,,forced_memory,6,20,1.0,8,prefix-all
1.0,1.0,0.9958937544822692,0.0039816433121293805,10,500,0.002630617469549179,0.020489811670966446,0.01620840244798232,forced,62,gated,,forced_memory,6,20,1.0,8,prefix-all
1.0,1.0,0.9958937544822692,0.0039816433121293805,10,500,0.002630617469549179,0.020489811670966446,0.01620840244798232,forced,70,gated,,forced_memory,6,20,1.0,8,prefix-all
1.0,1.0,0.9958937544822692,0.0039816433121293805,10,500,0.002630617469549179,0.020489811670966446,0.01620840244798232,forced,80,gated,,forced_memory,6,20,1.0,8,prefix-all
1.0,1.0,0.9958937544822692,0.0039816433121293805,10,500,0.002630617469549179,0.020489811670966446,0.01620840244798232,forced,100,gated,,forced_memory,6,20,1.0,8,prefix-all
1.0,1.0,0.9958937544822692,0.0039816433121293805,10,500,0.002630617469549179,0.020489811670966446,0.01620840244798232,forced,101,gated,,forced_memory,6,20,1.0,8,prefix-all
1.0,1.0,0.9958937544822692,0.0039816433121293805,10,500,0.002630617469549179,0.020489811670966446,0.01620840244798232,forced,102,gated,,forced_memory,6,20,1.0,8,prefix-all
1.0,1.0,0.9958937544822692,0.0039816433121293805,10,500,0.002630617469549179,0.020489811670966446,0.01620840244798232,forced,120,gated,,forced_memory,6,20,1.0,8,prefix-all
1.0,0.9906250238418579,0.9952937558889389,0.0049901815465857495,10,500,0.002527726348489523,0.024982595458161085,0.02201636372286968,forced,20,gated,0,forced_memory,6,20,1.0,8,source-pinned-noise-fifo
1.0,0.996874988079071,0.9958437563180923,0.003934389858738587,10,500,0.0022010416723787785,0.021146181262098253,0.01577142306932341,forced,25,gated,5,forced_memory,6,20,1.0,8,source-pinned-noise-fifo
1.0,1.0,0.9959250057935715,0.004088351123936927,10,500,0.0026292328257113695,0.020024058986920862,0.016513104323663836,forced,30,gated,10,forced_memory,6,20,1.0,8,source-pinned-noise-fifo
1.0,1.0,0.9959250057935715,0.004088351123936927,10,500,0.0026292328257113695,0.020024058986920862,0.016513104323663836,forced,40,gated,20,forced_memory,6,20,1.0,8,source-pinned-noise-fifo
1.0,1.0,0.9959250057935715,0.004088351123936927,10,500,0.0026292328257113695,0.020024058986920862,0.016513104323663836,forced,60,gated,40,forced_memory,6,20,1.0,8,source-pinned-noise-fifo
1.0,1.0,0.9959250057935715,0.004088351123936927,10,500,0.0026292328257113695,0.020024058986920862,0.016513104323663836,forced,80,gated,60,forced_memory,6,20,1.0,8,source-pinned-noise-fifo
1.0,1.0,0.9959250057935715,0.004088351123936927,10,500,0.0026292328257113695,0.020024058986920862,0.016513104323663836,forced,100,gated,80,forced_memory,6,20,1.0,8,source-pinned-noise-fifo
0.375,0.3218750059604645,0.3207437554001808,0.015024380221916421,20,500,1.5718904733657837,1.6468517799377442,0.028820157610407165,forced,5,gated,,forced_memory,6,5,0.25,8,source-only
0.59375,0.5406250357627869,0.5497125124931336,0.013378333974730287,20,500,0.8967694044113159,0.9778787134885788,0.029695579945613542,forced,10,gated,,forced_memory,6,10,0.5,8,source-only
0.793749988079071,0.7593750357627869,0.7637125120162964,0.008214324108181736,20,500,0.4340794086456299,0.48389862990379334,0.020096999676874835,forced,15,gated,,forced_memory,6,15,0.75,8,source-only
1.0,1.0,0.9963312553167343,0.0035626597215629536,20,500,0.0018336052307859063,0.01880705358670093,0.01585555149827967,forced,20,gated,,forced_memory,6,20,1.0,8,source-only
1.0,1.0,0.9963312553167343,0.0035626597215629536,20,500,0.0018336052307859063,0.01880705358670093,0.01585555149827967,forced,25,gated,,forced_memory,6,20,1.0,8,source-only
1.0,1.0,0.9963312553167343,0.0035626597215629536,20,500,0.0018336052307859063,0.01880705358670093,0.01585555149827967,forced,30,gated,,forced_memory,6,20,1.0,8,source-only
0.09687500447034836,0.05625000223517418,0.05096875094249845,0.012029383258833503,20,500,2.984062671661377,2.997796889781952,0.0034770045530652925,forced,10,gated,,forced_memory,6,0,0.0,8,prefix-all
0.37812501192092896,0.3531250059604645,0.33419375616312025,0.011079715998467663,20,500,2.0168557167053223,2.0434663562774658,0.012102107672311907,forced,20,gated,,forced_memory,6,0,0.0,8,prefix-all
0.7906250357627869,0.765625,0.7654625116586685,0.00805577339901789,20,500,0.4885382056236267,0.5461923596858979,0.022291011503594593,forced,30,gated,,forced_memory,6,9,0.45,8,prefix-all
0.831250011920929,0.815625011920929,0.8109625117778778,0.007367273879792889,20,500,0.3770398199558258,0.4251583209037781,0.020717032124622798,forced,31,gated,,forced_memory,6,10,0.5,8,prefix-all
0.831250011920929,0.815625011920929,0.8073750121593475,0.007807747766924735,20,500,0.3310295641422272,0.38550275057554245,0.02537371222227584,forced,32,gated,,forced_memory,6,11,0.55,8,prefix-all
0.987500011920929,0.9750000238418579,0.9649312624931335,0.00757560604650424,20,500,0.05317079275846481,0.08888987962901593,0.016649650413526278,forced,40,gated,,forced_memory,6,19,0.95,8,prefix-all
1.0,1.0,0.9968187531232834,0.0034709593527687704,20,500,0.0017742214258760214,0.015913575450424104,0.013852012362813753,forced,41,gated,,forced_memory,6,20,1.0,8,prefix-all
1.0,1.0,0.9968187531232834,0.0034709593527687704,20,500,0.0017742214258760214,0.015913575450424104,0.013852012362813753,forced,42,gated,,forced_memory,6,20,1.0,8,prefix-all
1.0,1.0,0.9968187531232834,0.0034709593527687704,20,500,0.0017742214258760214,0.015913575450424104,0.013852012362813753,forced,50,gated,,forced_memory,6,20,1.0,8,prefix-all
1.0,1.0,0.9968187531232834,0.0034709593527687704,20,500,0.0017742214258760214,0.015913575450424104,0.013852012362813753,forced,60,gated,,forced_memory,6,20,1.0,8,prefix-all
1.0,1.0,0.9968187531232834,0.0034709593527687704,20,500,0.0017742214258760214,0.015913575450424104,0.013852012362813753,forced,61,gated,,forced_memory,6,20,1.0,8,prefix-all
1.0,1.0,0.9968187531232834,0.0034709593527687704,20,500,0.0017742214258760214,0.015913575450424104,0.013852012362813753,forced,62,gated,,forced_memory,6,20,1.0,8,prefix-all
1.0,1.0,0.9968187531232834,0.0034709593527687704,20,500,0.0017742214258760214,0.015913575450424104,0.013852012362813753,forced,70,gated,,forced_memory,6,20,1.0,8,prefix-all
1.0,1.0,0.9968187531232834,0.0034709593527687704,20,500,0.0017742214258760214,0.015913575450424104,0.013852012362813753,forced,80,gated,,forced_memory,6,20,1.0,8,prefix-all
1.0,1.0,0.9968187531232834,0.0034709593527687704,20,500,0.0017742214258760214,0.015913575450424104,0.013852012362813753,forced,100,gated,,forced_memory,6,20,1.0,8,prefix-all
1.0,1.0,0.9968187531232834,0.0034709593527687704,20,500,0.0017742214258760214,0.015913575450424104,0.013852012362813753,forced,101,gated,,forced_memory,6,20,1.0,8,prefix-all
1.0,1.0,0.9968187531232834,0.0034709593527687704,20,500,0.0017742214258760214,0.015913575450424104,0.013852012362813753,forced,102,gated,,forced_memory,6,20,1.0,8,prefix-all
1.0,1.0,0.9968187531232834,0.0034709593527687704,20,500,0.0017742214258760214,0.015913575450424104,0.013852012362813753,forced,120,gated,,forced_memory,6,20,1.0,8,prefix-all
1.0,1.0,0.9963312553167343,0.0035626597215629536,20,500,0.0018336052307859063,0.01880705358670093,0.01585555149827967,forced,20,gated,0,forced_memory,6,20,1.0,8,source-pinned-noise-fifo
1.0,0.996874988079071,0.996093755364418,0.004224524806249883,20,500,0.0021271430887281895,0.02061545344395563,0.01891309840784168,forced,25,gated,5,forced_memory,6,20,1.0,8,source-pinned-noise-fifo
1.0,0.996874988079071,0.996350005030632,0.00392280137922496,20,500,0.0018828536849468946,0.018549100099131466,0.016247357843680952,forced,30,gated,10,forced_memory,6,20,1.0,8,source-pinned-noise-fifo
1.0,0.9937500357627869,0.997175003528595,0.0031105571545427474,20,500,0.0016692520584911108,0.014842361976159736,0.012749772335910842,forced,40,gated,20,forced_memory,6,20,1.0,8,source-pinned-noise-fifo
1.0,0.9937500357627869,0.997175003528595,0.0031105571545427474,20,500,0.0016692520584911108,0.014842361976159736,0.012749772335910842,forced,60,gated,40,forced_memory,6,20,1.0,8,source-pinned-noise-fifo
1.0,0.9937500357627869,0.997175003528595,0.0031105571545427474,20,500,0.0016692520584911108,0.014842361976159736,0.012749772335910842,forced,80,gated,60,forced_memory,6,20,1.0,8,source-pinned-noise-fifo
1.0,0.9937500357627869,0.997175003528595,0.0031105571545427474,20,500,0.0016692520584911108,0.014842361976159736,0.012749772335910842,forced,100,gated,80,forced_memory,6,20,1.0,8,source-pinned-noise-fifo
0.3687500059604645,0.3343749940395355,0.3165562561750412,0.014814344107111629,40,500,1.5390056371688843,1.6347351987361909,0.03580958582621424,forced,5,gated,,forced_memory,6,5,0.25,8,source-only
0.581250011920929,0.5562500357627869,0.5352312623262405,0.010596894197156228,40,500,0.9306329488754272,0.9943489370346069,0.022672706180446756,forced,10,gated,,forced_memory,6,10,0.5,8,source-only
0.7906250357627869,0.765625,0.764737513422966,0.008314698642692383,40,500,0.41420722007751465,0.46557626003026964,0.02088462477381109,forced,15,gated,,forced_memory,6,15,0.75,8,source-only
1.0,0.9937500357627869,0.9963687551021576,0.0038065391062356525,40,500,0.0015346670988947153,0.01939811533759348,0.016926174735573382,forced,20,gated,,forced_memory,6,20,1.0,8,source-only
1.0,0.9937500357627869,0.9963687551021576,0.0038065391062356525,40,500,0.0015346670988947153,0.01939811533759348,0.016926174735573382,forced,25,gated,,forced_memory,6,20,1.0,8,source-only
1.0,0.9937500357627869,0.9963687551021576,0.0038065391062356525,40,500,0.0015346670988947153,0.01939811533759348,0.016926174735573382,forced,30,gated,,forced_memory,6,20,1.0,8,source-only
0.10000000149011612,0.05625000223517418,0.050056251011788844,0.011960904965028716,40,500,2.982286214828491,2.997703703403473,0.003593010816591289,forced,10,gated,,forced_memory,6,0,0.0,8,prefix-all
0.09375,0.05312500149011612,0.05005625093355775,0.011988632538858865,40,500,2.982452869415283,2.997714011192322,0.003620229661436522,forced,20,gated,,forced_memory,6,0,0.0,8,prefix-all
0.09062500298023224,0.04062500223517418,0.05033125110715628,0.012197417601411374,40,500,2.9818038940429688,2.997781952381134,0.0037003792288131773,forced,30,gated,,forced_memory,6,0,0.0,8,prefix-all
0.09375,0.05000000074505806,0.05025625102221966,0.012196021251036653,40,500,2.9823551177978516,2.997787260055542,0.0037058193898821838,forced,31,gated,,forced_memory,6,0,0.0,8,prefix-all
0.10000000149011612,0.03750000149011612,0.05014375088363886,0.012468665631433586,40,500,2.9822192192077637,2.997801274776459,0.0037226248381980243,forced,32,gated,,forced_memory,6,0,0.0,8,prefix-all
0.3656249940395355,0.3375000059604645,0.3332187566757202,0.010023945449158184,40,500,2.086660861968994,2.1078601207733154,0.009308703215654173,forced,40,gated,,forced_memory,6,0,0.0,8,prefix-all
0.4437499940395355,0.40625,0.3960437558889389,0.011018115583776964,40,500,1.6989303827285767,1.757909137248993,0.02019781136272075,forced,41,gated,,forced_memory,6,0,0.0,8,prefix-all
0.21875,0.19375000894069672,0.17356250301003456,0.01301456522133266,40,500,2.1651172637939453,2.226922040939331,0.024100357114659167,forced,42,gated,,forced_memory,6,1,0.05,8,prefix-all
0.800000011920929,0.7593750357627869,0.765500011920929,0.008236257122673809,40,500,0.47489842772483826,0.5546983382105828,0.022614543274175756,forced,50,gated,,forced_memory,6,9,0.45,8,prefix-all
0.9906250238418579,0.9593750238418579,0.9643375105857849,0.009199532587694443,40,500,0.04729480668902397,0.09063419958949089,0.020825068711081765,forced,60,gated,,forced_memory,6,19,0.95,8,prefix-all
1.0,1.0,0.9965312540531158,0.003974889011564891,40,500,0.001819448545575142,0.017929988276213407,0.017178929638454687,forced,61,gated,,forced_memory,6,20,1.0,8,prefix-all
1.0,1.0,0.9965312540531158,0.003974889011564891,40,500,0.001819448545575142,0.017929988276213407,0.017178929638454687,forced,62,gated,,forced_memory,6,20,1.0,8,prefix-all
1.0,1.0,0.9965312540531158,0.003974889011564891,40,500,0.001819448545575142,0.017929988276213407,0.017178929638454687,forced,70,gated,,forced_memory,6,20,1.0,8,prefix-all
1.0,1.0,0.9965312540531158,0.003974889011564891,40,500,0.001819448545575142,0.017929988276213407,0.017178929638454687,forced,80,gated,,forced_memory,6,20,1.0,8,prefix-all
1.0,1.0,0.9965312540531158,0.003974889011564891,40,500,0.001819448545575142,0.017929988276213407,0.017178929638454687,forced,100,gated,,forced_memory,6,20,1.0,8,prefix-all
1.0,1.0,0.9965312540531158,0.003974889011564891,40,500,0.001819448545575142,0.017929988276213407,0.017178929638454687,forced,101,gated,,forced_memory,6,20,1.0,8,prefix-all
1.0,1.0,0.9965312540531158,0.003974889011564891,40,500,0.001819448545575142,0.017929988276213407,0.017178929638454687,forced,102,gated,,forced_memory,6,20,1.0,8,prefix-all
1.0,1.0,0.9965312540531158,0.003974889011564891,40,500,0.001819448545575142,0.017929988276213407,0.017178929638454687,forced,120,gated,,forced_memory,6,20,1.0,8,prefix-all
1.0,0.9937500357627869,0.9963687551021576,0.0038065391062356525,40,500,0.0015346670988947153,0.01939811533759348,0.016926174735573382,forced,20,gated,0,forced_memory,6,20,1.0,8,source-pinned-noise-fifo
1.0,0.9937500357627869,0.9956625059843064,0.004517163955004825,40,500,0.0012613149592652917,0.021417876209598036,0.018822874654122117,forced,25,gated,5,forced_memory,6,20,1.0,8,source-pinned-noise-fifo
1.0,1.0,0.9975312511920928,0.0031279603740799983,40,500,0.0011839276412501931,0.013728641819674522,0.014011324098448835,forced,30,gated,10,forced_memory,6,20,1.0,8,source-pinned-noise-fifo
1.0,1.0,0.9956750075817108,0.004012354088191808,40,500,0.002026221016421914,0.02092230600165203,0.017097248548741915,forced,40,gated,20,forced_memory,6,20,1.0,8,source-pinned-noise-fifo
1.0,1.0,0.9960187550783157,0.0039761454662953,40,500,0.001681749476119876,0.02038849235745147,0.01665098706575448,forced,60,gated,40,forced_memory,6,20,1.0,8,source-pinned-noise-fifo
1.0,1.0,0.9960187550783157,0.0039761454662953,40,500,0.001681749476119876,0.02038849235745147,0.01665098706575448,forced,80,gated,60,forced_memory,6,20,1.0,8,source-pinned-noise-fifo
1.0,1.0,0.9960187550783157,0.0039761454662953,40,500,0.001681749476119876,0.02038849235745147,0.01665098706575448,forced,100,gated,80,forced_memory,6,20,1.0,8,source-pinned-noise-fifo
0.36250001192092896,0.33125001192092896,0.32104375612735747,0.01344085915654907,80,500,1.6151580810546875,1.708826357603073,0.02778035616512511,forced,5,gated,,forced_memory,6,5,0.25,8,source-only
0.590624988079071,0.5375000238418579,0.5510312620401382,0.012111581711755083,80,500,0.8903188705444336,0.9633085469007492,0.02660683200617677,forced,10,gated,,forced_memory,6,10,0.5,8,source-only
0.7593750357627869,0.721875011920929,0.7161250123977662,0.013536120443429705,80,500,0.5497948527336121,0.6171112928390503,0.025049900260132308,forced,15,gated,,forced_memory,6,15,0.75,8,source-only
1.0,0.996874988079071,0.997287502527237,0.0032091339955402317,80,500,0.0014177461853250861,0.014630689761135728,0.013288372022459267,forced,20,gated,,forced_memory,6,20,1.0,8,source-only
1.0,0.996874988079071,0.997287502527237,0.0032091339955402317,80,500,0.0014177461853250861,0.014630689761135728,0.013288372022459267,forced,25,gated,,forced_memory,6,20,1.0,8,source-only
1.0,0.996874988079071,0.997287502527237,0.0032091339955402317,80,500,0.0014177461853250861,0.014630689761135728,0.013288372022459267,forced,30,gated,,forced_memory,6,20,1.0,8,source-only
0.09687500447034836,0.05625000223517418,0.05022500084713102,0.012205442157150723,80,500,2.9843475818634033,2.9980666542053225,0.0038177456878450574,forced,10,gated,,forced_memory,6,0,0.0,8,prefix-all
0.10000000149011612,0.05625000223517418,0.050518750881776216,0.01240213430746469,80,500,2.9826741218566895,2.998222620010376,0.003987222617949226,forced,20,gated,,forced_memory,6,0,0.0,8,prefix-all
0.09375,0.05312500149011612,0.05041875073313713,0.012632131422829958,80,500,2.982572317123413,2.998255172252655,0.004017717870706903,forced,30,gated,,forced_memory,6,0,0.0,8,prefix-all
0.09062500298023224,0.05312500149011612,0.0503500008508563,0.012661247600164613,80,500,2.982776641845703,2.9982524914741515,0.004008733152360574,forced,31,gated,,forced_memory,6,0,0.0,8,prefix-all
0.09687500447034836,0.05312500149011612,0.05046875078976154,0.012904207021555815,80,500,2.982788324356079,2.9982917695045472,0.004032304559195738,forced,32,gated,,forced_memory,6,0,0.0,8,prefix-all
0.09687500447034836,0.05312500149011612,0.0503437509201467,0.012906628519329463,80,500,2.9835424423217773,2.998279782295227,0.00405000387981419,forced,40,gated,,forced_memory,6,0,0.0,8,prefix-all
0.09375,0.05312500149011612,0.05031250089406967,0.012746782926705462,80,500,2.983491897583008,2.9982826657295227,0.00404123151105383,forced,41,gated,,forced_memory,6,0,0.0,8,prefix-all
0.09375,0.05312500149011612,0.050450000908225774,0.012884426374024283,80,500,2.9835338592529297,2.9982990489006043,0.004059742399229245,forced,42,gated,,forced_memory,6,0,0.0,8,prefix-all
0.10312499850988388,0.05312500149011612,0.05058750089630484,0.012377784003682975,80,500,2.9835095405578613,2.998254007816315,0.004051654402333716,forced,50,gated,,forced_memory,6,0,0.0,8,prefix-all
0.09375,0.05312500149011612,0.050337500810623166,0.012296919257574897,80,500,2.98345947265625,2.9982388105392457,0.00406345195760077,forced,60,gated,,forced_memory,6,0,0.0,8,prefix-all
0.09687500447034836,0.05312500149011612,0.05041875087097287,0.012326944449545409,80,500,2.983283281326294,2.9982410640716552,0.004069118182449562,forced,61,gated,,forced_memory,6,0,0.0,8,prefix-all
0.09375,0.05312500149011612,0.05029375088959932,0.012455061671208238,80,500,2.9830896854400635,2.9982415919303893,0.004067979622743844,forced,62,gated,,forced_memory,6,0,0.0,8,prefix-all
0.09375,0.05312500149011612,0.050506250880658625,0.012217014211980303,80,500,2.982893705368042,2.998206364631653,0.004040911262350741,forced,70,gated,,forced_memory,6,0,0.0,8,prefix-all
0.3218750059604645,0.29375001788139343,0.15907500249147416,0.06667572556610855,80,500,2.245495080947876,2.6880756087303164,0.18193843898342377,forced,80,gated,,forced_memory,6,0,0.0,8,prefix-all
0.981249988079071,0.9625000357627869,0.960356262087822,0.008440626398309146,80,500,0.05691175535321236,0.09848009534925223,0.019145983051748063,forced,100,gated,,forced_memory,6,19,0.95,8,prefix-all
1.0,0.996874988079071,0.996543754696846,0.003626558260524699,80,500,0.002042134990915656,0.01769250834407285,0.014801661222442912,forced,101,gated,,forced_memory,6,20,1.0,8,prefix-all
1.0,0.996874988079071,0.996543754696846,0.003626558260524699,80,500,0.002042134990915656,0.01769250834407285,0.014801661222442912,forced,102,gated,,forced_memory,6,20,1.0,8,prefix-all
1.0,0.996874988079071,0.996543754696846,0.003626558260524699,80,500,0.002042134990915656,0.01769250834407285,0.014801661222442912,forced,120,gated,,forced_memory,6,20,1.0,8,prefix-all
1.0,0.996874988079071,0.997287502527237,0.0032091339955402317,80,500,0.0014177461853250861,0.014630689761135728,0.013288372022459267,forced,20,gated,0,forced_memory,6,20,1.0,8,source-pinned-noise-fifo
1.0,1.0,0.9955375066995621,0.004442348552147663,80,500,0.0016402807086706161,0.02256346598546952,0.01944743311793137,forced,25,gated,5,forced_memory,6,20,1.0,8,source-pinned-noise-fifo
1.0,1.0,0.9968937532901764,0.0033100783852764337,80,500,0.002187259029597044,0.01626784777874127,0.013940682706965848,forced,30,gated,10,forced_memory,6,20,1.0,8,source-pinned-noise-fifo
1.0,0.987500011920929,0.9970625032186509,0.0033604927709966976,80,500,0.001621443429030478,0.015000826749950647,0.013693244006725858,forced,40,gated,20,forced_memory,6,20,1.0,8,source-pinned-noise-fifo
1.0,0.9937500357627869,0.9957500046491623,0.004417640984216734,80,500,0.0017418477218598127,0.020673114659963177,0.017809769263690156,forced,60,gated,40,forced_memory,6,20,1.0,8,source-pinned-noise-fifo
1.0,0.9906250238418579,0.9961125041246415,0.004507434477367912,80,500,0.0016538042109459639,0.019724120996892452,0.020516342742566546,forced,80,gated,60,forced_memory,6,20,1.0,8,source-pinned-noise-fifo
1.0,0.9937500357627869,0.9967500040531159,0.0033400875739190887,80,500,0.002263279166072607,0.016723273450974376,0.013947519039982937,forced,100,gated,80,forced_memory,6,20,1.0,8,source-pinned-noise-fifo
