acc_best,acc_last,acc_mean_tail,acc_std_tail,delay_len,eval_tail,expected_boundary,expected_non_source_writes,loss_best,loss_mean_tail,loss_std_tail,mask_mode,max_mem,model,noise_write_count,noise_write_ratio,phase,seed,theoretical_retained_source,theoretical_source_retention_ratio,window_size,write_mode
0.5843750238418579,0.528124988079071,0.5325250120162964,0.013557435173126426,20,500,21,1,0.9499602317810059,1.013166598558426,0.02564964890550685,forced,10,naive,0,0.0,expC_intermediate,0,9,0.45,8,source-sep-noise-budget
0.925000011920929,0.903124988079071,0.8999875119924545,0.008935523331724525,20,500,21,1,0.15134868025779724,0.1878418804705143,0.017290921217856144,forced,19,naive,0,0.0,expC_intermediate,0,18,0.9,8,source-sep-noise-budget
0.921875,0.909375011920929,0.9000187603235245,0.008641042722602394,20,500,21,1,0.16257716715335846,0.20595013603568077,0.019706031242418015,forced,20,naive,0,0.0,expC_intermediate,0,19,0.95,8,source-sep-noise-budget
0.809374988079071,0.784375011920929,0.7664687622785569,0.010753405158869836,20,500,21,1,0.4219999313354492,0.47057978963851926,0.01804201178942876,forced,21,naive,0,0.0,expC_intermediate,0,20,1.0,8,source-sep-noise-budget
0.809374988079071,0.784375011920929,0.7664687622785569,0.010753405158869836,20,500,21,1,0.4219999313354492,0.47057978963851926,0.01804201178942876,forced,22,naive,0,0.0,expC_intermediate,0,20,1.0,8,source-sep-noise-budget
0.809374988079071,0.784375011920929,0.7664687622785569,0.010753405158869836,20,500,21,1,0.4219999313354492,0.47057978963851926,0.01804201178942876,forced,23,naive,0,0.0,expC_intermediate,0,20,1.0,8,source-sep-noise-budget
0.809374988079071,0.784375011920929,0.7664687622785569,0.010753405158869836,20,500,21,1,0.4219999313354492,0.47057978963851926,0.01804201178942876,forced,31,naive,0,0.0,expC_intermediate,0,20,1.0,8,source-sep-noise-budget
0.809374988079071,0.784375011920929,0.7664687622785569,0.010753405158869836,20,500,21,1,0.4219999313354492,0.47057978963851926,0.01804201178942876,forced,41,naive,0,0.0,expC_intermediate,0,20,1.0,8,source-sep-noise-budget
0.3218750059604645,0.24687500298023224,0.2604312554001808,0.016929241459983493,20,500,26,6,1.6328662633895874,1.7105092256069183,0.026975809048024758,forced,10,naive,5,0.25,expC_intermediate,0,4,0.2,8,source-sep-noise-budget
0.862500011920929,0.8218750357627869,0.8178562616109848,0.01783611448331341,20,500,26,6,0.27546530961990356,0.3475336307287216,0.035820156779341854,forced,20,naive,5,0.25,expC_intermediate,0,14,0.7,8,source-sep-noise-budget
0.918749988079071,0.890625,0.8943750131130218,0.009704622557017444,20,500,26,6,0.18828259408473969,0.24378010281920434,0.02950241080340562,forced,24,naive,5,0.25,expC_intermediate,0,18,0.9,8,source-sep-noise-budget
0.921875,0.887499988079071,0.8988875133991241,0.008055751992691977,20,500,26,6,0.15630492568016052,0.21283773612976073,0.021251651094539307,forced,25,naive,5,0.25,expC_intermediate,0,19,0.95,8,source-sep-noise-budget
0.9625000357627869,0.953125,0.9450687623023987,0.006897629063262043,20,500,26,6,0.09125746786594391,0.13505018681287764,0.02063608530321645,forced,26,naive,5,0.25,expC_intermediate,0,20,1.0,8,source-sep-noise-budget
0.9625000357627869,0.953125,0.9450687623023987,0.006897629063262043,20,500,26,6,0.09125746786594391,0.13505018681287764,0.02063608530321645,forced,27,naive,5,0.25,expC_intermediate,0,20,1.0,8,source-sep-noise-budget
0.9625000357627869,0.953125,0.9450687623023987,0.006897629063262043,20,500,26,6,0.09125746786594391,0.13505018681287764,0.02063608530321645,forced,28,naive,5,0.25,expC_intermediate,0,20,1.0,8,source-sep-noise-budget
0.9625000357627869,0.953125,0.9450687623023987,0.006897629063262043,20,500,26,6,0.09125746786594391,0.13505018681287764,0.02063608530321645,forced,36,naive,5,0.25,expC_intermediate,0,20,1.0,8,source-sep-noise-budget
0.9625000357627869,0.953125,0.9450687623023987,0.006897629063262043,20,500,26,6,0.09125746786594391,0.13505018681287764,0.02063608530321645,forced,46,naive,5,0.25,expC_intermediate,0,20,1.0,8,source-sep-noise-budget
0.171875,0.109375,0.11491875164210796,0.01336642709368897,20,500,31,11,2.550203800201416,2.6025180978775024,0.01793246651568261,forced,10,naive,10,0.5,expC_intermediate,0,0,0.0,8,source-sep-noise-budget
0.7593750357627869,0.731249988079071,0.7181062633991242,0.012208942166579901,20,500,31,11,0.5560981035232544,0.6285126999616623,0.024308402077951114,forced,20,naive,10,0.5,expC_intermediate,0,9,0.45,8,source-sep-noise-budget
0.965624988079071,0.9468750357627869,0.9432125128507615,0.007420420661643129,20,500,31,11,0.10282471030950546,0.14265580797195435,0.018974103983145602,forced,29,naive,10,0.5,expC_intermediate,0,18,0.9,8,source-sep-noise-budget
0.965624988079071,0.949999988079071,0.9467812615633011,0.00662698803115339,20,500,31,11,0.0756036788225174,0.11897039978206157,0.01747081180767939,forced,30,naive,10,0.5,expC_intermediate,0,19,0.95,8,source-sep-noise-budget
1.0,0.996874988079071,0.9935937604904175,0.00470153505125337,20,500,31,11,0.004557277075946331,0.028603202286176382,0.017668300640676766,forced,31,naive,10,0.5,expC_intermediate,0,20,1.0,8,source-sep-noise-budget
1.0,0.996874988079071,0.9935937604904175,0.00470153505125337,20,500,31,11,0.004557277075946331,0.028603202286176382,0.017668300640676766,forced,32,naive,10,0.5,expC_intermediate,0,20,1.0,8,source-sep-noise-budget
1.0,0.996874988079071,0.9935937604904175,0.00470153505125337,20,500,31,11,0.004557277075946331,0.028603202286176382,0.017668300640676766,forced,33,naive,10,0.5,expC_intermediate,0,20,1.0,8,source-sep-noise-budget
1.0,0.996874988079071,0.9935937604904175,0.00470153505125337,20,500,31,11,0.004557277075946331,0.028603202286176382,0.017668300640676766,forced,41,naive,10,0.5,expC_intermediate,0,20,1.0,8,source-sep-noise-budget
1.0,0.996874988079071,0.9935937604904175,0.00470153505125337,20,500,31,11,0.004557277075946331,0.028603202286176382,0.017668300640676766,forced,51,naive,10,0.5,expC_intermediate,0,20,1.0,8,source-sep-noise-budget
0.16562500596046448,0.125,0.11268750143051147,0.012949873299547587,20,500,36,16,2.5886588096618652,2.6512682690620424,0.020205813463011462,forced,10,naive,15,0.75,expC_intermediate,0,0,0.0,8,source-sep-noise-budget
0.3656249940395355,0.3031249940395355,0.30335625559091567,0.01562891346565636,20,500,36,16,1.5929503440856934,1.6652011132240296,0.02804825960163537,forced,20,naive,15,0.75,expC_intermediate,0,4,0.2,8,source-sep-noise-budget
0.965624988079071,0.949999988079071,0.9435875120162964,0.007227671026481309,20,500,36,16,0.09434252977371216,0.14140795366466044,0.022322931975785262,forced,34,naive,15,0.75,expC_intermediate,0,18,0.9,8,source-sep-noise-budget
0.971875011920929,0.953125,0.9462562628984451,0.008200845772094977,20,500,36,16,0.08260484784841537,0.1284112187474966,0.020593362090625292,forced,35,naive,15,0.75,expC_intermediate,0,19,0.95,8,source-sep-noise-budget
1.0,0.996874988079071,0.9908187643289567,0.005753866507037949,20,500,36,16,0.007692292332649231,0.03891260316222906,0.021137332344608614,forced,36,naive,15,0.75,expC_intermediate,0,20,1.0,8,source-sep-noise-budget
1.0,0.996874988079071,0.9908187643289567,0.005753866507037949,20,500,36,16,0.007692292332649231,0.03891260316222906,0.021137332344608614,forced,37,naive,15,0.75,expC_intermediate,0,20,1.0,8,source-sep-noise-budget
1.0,0.996874988079071,0.9908187643289567,0.005753866507037949,20,500,36,16,0.007692292332649231,0.03891260316222906,0.021137332344608614,forced,38,naive,15,0.75,expC_intermediate,0,20,1.0,8,source-sep-noise-budget
1.0,0.996874988079071,0.9908187643289567,0.005753866507037949,20,500,36,16,0.007692292332649231,0.03891260316222906,0.021137332344608614,forced,46,naive,15,0.75,expC_intermediate,0,20,1.0,8,source-sep-noise-budget
1.0,0.996874988079071,0.9908187643289567,0.005753866507037949,20,500,36,16,0.007692292332649231,0.03891260316222906,0.021137332344608614,forced,56,naive,15,0.75,expC_intermediate,0,20,1.0,8,source-sep-noise-budget
0.09687500447034836,0.05625000223517418,0.05049375089816749,0.012467550338274413,20,500,41,21,2.979884386062622,2.9982812905311587,0.00430072113903632,forced,10,naive,20,1.0,expC_intermediate,0,0,0.0,8,source-sep-noise-budget
0.16250000894069672,0.10312499850988388,0.1133625017553568,0.01308618696369865,20,500,41,21,2.5546152591705322,2.614255872249603,0.018603134723848593,forced,20,naive,20,1.0,expC_intermediate,0,0,0.0,8,source-sep-noise-budget
0.925000011920929,0.90625,0.8974562617540359,0.009056789570944721,20,500,41,21,0.1586170643568039,0.21510544121265412,0.0213875646312111,forced,39,naive,20,1.0,expC_intermediate,0,18,0.9,8,source-sep-noise-budget
0.9468750357627869,0.921875,0.9110000126361847,0.01074999983644672,20,500,41,21,0.13670504093170166,0.1775391150712967,0.017932269636884556,forced,40,naive,20,1.0,expC_intermediate,0,19,0.95,8,source-sep-noise-budget
0.965624988079071,0.953125,0.9487500102519989,0.005779135123925066,20,500,41,21,0.07608138024806976,0.10781496886909007,0.015532665139416505,forced,41,naive,20,1.0,expC_intermediate,0,20,1.0,8,source-sep-noise-budget
0.965624988079071,0.953125,0.9487500102519989,0.005779135123925066,20,500,41,21,0.07608138024806976,0.10781496886909007,0.015532665139416505,forced,42,naive,20,1.0,expC_intermediate,0,20,1.0,8,source-sep-noise-budget
0.965624988079071,0.953125,0.9487500102519989,0.005779135123925066,20,500,41,21,0.07608138024806976,0.10781496886909007,0.015532665139416505,forced,43,naive,20,1.0,expC_intermediate,0,20,1.0,8,source-sep-noise-budget
0.965624988079071,0.953125,0.9487500102519989,0.005779135123925066,20,500,41,21,0.07608138024806976,0.10781496886909007,0.015532665139416505,forced,51,naive,20,1.0,expC_intermediate,0,20,1.0,8,source-sep-noise-budget
0.965624988079071,0.953125,0.9487500102519989,0.005779135123925066,20,500,41,21,0.07608138024806976,0.10781496886909007,0.015532665139416505,forced,61,naive,20,1.0,expC_intermediate,0,20,1.0,8,source-sep-noise-budget
0.596875011920929,0.5250000357627869,0.5527312613725662,0.016140895903862734,40,500,21,1,0.8865656852722168,0.9638551993370056,0.027559422567005554,forced,10,naive,0,0.0,expC_intermediate,0,9,0.45,8,source-sep-noise-budget
0.9281250238418579,0.8968750238418579,0.9011500124931335,0.008741388399506627,40,500,21,1,0.15073318779468536,0.18519869816303253,0.016956799036981322,forced,19,naive,0,0.0,expC_intermediate,0,18,0.9,8,source-sep-noise-budget
0.793749988079071,0.762499988079071,0.7623062627315521,0.012203577878988028,40,500,21,1,0.44087839126586914,0.48578611814975736,0.020193580586544496,forced,20,naive,0,0.0,expC_intermediate,0,19,0.95,8,source-sep-noise-budget
0.800000011920929,0.75,0.765131261229515,0.011465401206791138,40,500,21,1,0.43049517273902893,0.47213944137096403,0.018254311263266917,forced,21,naive,0,0.0,expC_intermediate,0,20,1.0,8,source-sep-noise-budget
0.800000011920929,0.75,0.765131261229515,0.011465401206791138,40,500,21,1,0.43049517273902893,0.47213944137096403,0.018254311263266917,forced,22,naive,0,0.0,expC_intermediate,0,20,1.0,8,source-sep-noise-budget
0.800000011920929,0.75,0.765131261229515,0.011465401206791138,40,500,21,1,0.43049517273902893,0.47213944137096403,0.018254311263266917,forced,23,naive,0,0.0,expC_intermediate,0,20,1.0,8,source-sep-noise-budget
0.800000011920929,0.75,0.765131261229515,0.011465401206791138,40,500,21,1,0.43049517273902893,0.47213944137096403,0.018254311263266917,forced,31,naive,0,0.0,expC_intermediate,0,20,1.0,8,source-sep-noise-budget
0.800000011920929,0.75,0.765131261229515,0.011465401206791138,40,500,21,1,0.43049517273902893,0.47213944137096403,0.018254311263266917,forced,41,naive,0,0.0,expC_intermediate,0,20,1.0,8,source-sep-noise-budget
0.16562500596046448,0.12812499701976776,0.11422500163316726,0.013252099120525994,40,500,31,11,2.5590782165527344,2.6139792132377626,0.017402268793303276,forced,10,naive,10,0.25,expC_intermediate,0,0,0.0,8,source-sep-noise-budget
0.71875,0.6656250357627869,0.6727812618017197,0.012351421633187207,40,500,31,11,0.6242990493774414,0.6963762412071228,0.022370627570931337,forced,20,naive,10,0.25,expC_intermediate,0,9,0.45,8,source-sep-noise-budget
0.965624988079071,0.9437500238418579,0.9452687618732453,0.007069549297196115,40,500,31,11,0.08966673910617828,0.1368120546936989,0.020604834349204463,forced,29,naive,10,0.25,expC_intermediate,0,18,0.9,8,source-sep-noise-budget
0.9281250238418579,0.90625,0.8977875137329101,0.008693307589802055,40,500,31,11,0.16591688990592957,0.2206695194542408,0.021145537035954332,forced,30,naive,10,0.25,expC_intermediate,0,19,0.95,8,source-sep-noise-budget
0.96875,0.9468750357627869,0.9492187614440918,0.006637588547282885,40,500,31,11,0.068209208548069,0.11903005459904671,0.0186386677347918,forced,31,naive,10,0.25,expC_intermediate,0,20,1.0,8,source-sep-noise-budget
0.96875,0.9468750357627869,0.9492187614440918,0.006637588547282885,40,500,31,11,0.068209208548069,0.11903005459904671,0.0186386677347918,forced,32,naive,10,0.25,expC_intermediate,0,20,1.0,8,source-sep-noise-budget
0.96875,0.9468750357627869,0.9492187614440918,0.006637588547282885,40,500,31,11,0.068209208548069,0.11903005459904671,0.0186386677347918,forced,33,naive,10,0.25,expC_intermediate,0,20,1.0,8,source-sep-noise-budget
0.96875,0.9468750357627869,0.9492187614440918,0.006637588547282885,40,500,31,11,0.068209208548069,0.11903005459904671,0.0186386677347918,forced,41,naive,10,0.25,expC_intermediate,0,20,1.0,8,source-sep-noise-budget
0.96875,0.9468750357627869,0.9492187614440918,0.006637588547282885,40,500,31,11,0.068209208548069,0.11903005459904671,0.0186386677347918,forced,51,naive,10,0.25,expC_intermediate,0,20,1.0,8,source-sep-noise-budget
0.09687500447034836,0.06562500447034836,0.050587500873953105,0.012830268412390645,40,500,41,21,2.9686031341552734,2.998197850704193,0.004111514038994884,forced,10,naive,20,0.5,expC_intermediate,0,0,0.0,8,source-sep-noise-budget
0.15937499701976776,0.11562500149011612,0.11391875153779983,0.0136172156000753,40,500,41,21,2.563974380493164,2.6181687393188477,0.01759036648734744,forced,20,naive,20,0.5,expC_intermediate,0,0,0.0,8,source-sep-noise-budget
0.971875011920929,0.940625011920929,0.9450625138282776,0.006998605116612768,40,500,41,21,0.08932282030582428,0.13599265250563622,0.02049358032792016,forced,39,naive,20,0.5,expC_intermediate,0,18,0.9,8,source-sep-noise-budget
0.96875,0.949999988079071,0.9491562613248825,0.006906955976910062,40,500,41,21,0.0730946883559227,0.11204467391967773,0.019188273099984453,forced,40,naive,20,0.5,expC_intermediate,0,19,0.95,8,source-sep-noise-budget
1.0,0.996874988079071,0.9959125055074691,0.005492473630739944,40,500,41,21,0.0034014019183814526,0.020499458997510375,0.024494762768616493,forced,41,naive,20,0.5,expC_intermediate,0,20,1.0,8,source-sep-noise-budget
1.0,0.996874988079071,0.9959125055074691,0.005492473630739944,40,500,41,21,0.0034014019183814526,0.020499458997510375,0.024494762768616493,forced,42,naive,20,0.5,expC_intermediate,0,20,1.0,8,source-sep-noise-budget
1.0,0.996874988079071,0.9959125055074691,0.005492473630739944,40,500,41,21,0.0034014019183814526,0.020499458997510375,0.024494762768616493,forced,43,naive,20,0.5,expC_intermediate,0,20,1.0,8,source-sep-noise-budget
1.0,0.996874988079071,0.9959125055074691,0.005492473630739944,40,500,41,21,0.0034014019183814526,0.020499458997510375,0.024494762768616493,forced,51,naive,20,0.5,expC_intermediate,0,20,1.0,8,source-sep-noise-budget
1.0,0.996874988079071,0.9959125055074691,0.005492473630739944,40,500,41,21,0.0034014019183814526,0.020499458997510375,0.024494762768616493,forced,61,naive,20,0.5,expC_intermediate,0,20,1.0,8,source-sep-noise-budget
0.10000000149011612,0.05937499925494194,0.0503062509521842,0.012712412669683017,40,500,51,31,2.973296642303467,2.998319399833679,0.0042157709995945735,forced,10,naive,30,0.75,expC_intermediate,0,0,0.0,8,source-sep-noise-budget
0.10312499850988388,0.05625000223517418,0.050493750927969816,0.013050770990162192,40,500,51,31,2.9735007286071777,2.998315454006195,0.0042401729343295716,forced,20,naive,30,0.75,expC_intermediate,0,0,0.0,8,source-sep-noise-budget
0.965624988079071,0.9312500357627869,0.9415000125169753,0.008273640749921742,40,500,51,31,0.10055377334356308,0.15028999438881874,0.025084951833514002,forced,49,naive,30,0.75,expC_intermediate,0,18,0.9,8,source-sep-noise-budget
0.96875,0.9437500238418579,0.9487250109910965,0.006338077564581271,40,500,51,31,0.07252345979213715,0.11134832988679409,0.016839085712241218,forced,50,naive,30,0.75,expC_intermediate,0,19,0.95,8,source-sep-noise-budget
1.0,0.9937500357627869,0.9933250119686127,0.004974051787155386,40,500,51,31,0.005153520032763481,0.030062413239851593,0.018253322315339354,forced,51,naive,30,0.75,expC_intermediate,0,20,1.0,8,source-sep-noise-budget
1.0,0.9937500357627869,0.9933250119686127,0.004974051787155386,40,500,51,31,0.005153520032763481,0.030062413239851593,0.018253322315339354,forced,52,naive,30,0.75,expC_intermediate,0,20,1.0,8,source-sep-noise-budget
1.0,0.9937500357627869,0.9933250119686127,0.004974051787155386,40,500,51,31,0.005153520032763481,0.030062413239851593,0.018253322315339354,forced,53,naive,30,0.75,expC_intermediate,0,20,1.0,8,source-sep-noise-budget
1.0,0.9937500357627869,0.9933250119686127,0.004974051787155386,40,500,51,31,0.005153520032763481,0.030062413239851593,0.018253322315339354,forced,61,naive,30,0.75,expC_intermediate,0,20,1.0,8,source-sep-noise-budget
1.0,0.9937500357627869,0.9933250119686127,0.004974051787155386,40,500,51,31,0.005153520032763481,0.030062413239851593,0.018253322315339354,forced,71,naive,30,0.75,expC_intermediate,0,20,1.0,8,source-sep-noise-budget
0.09062500298023224,0.04374999925494194,0.049856251019984484,0.012594907196626324,40,500,61,41,2.975013017654419,2.9982108397483827,0.004211568169955829,forced,10,naive,40,1.0,expC_intermediate,0,0,0.0,8,source-sep-noise-budget
0.09687500447034836,0.05000000074505806,0.05019375093653798,0.012911264483403599,40,500,61,41,2.9754936695098877,2.9984062867164614,0.004370594565713652,forced,20,naive,40,1.0,expC_intermediate,0,0,0.0,8,source-sep-noise-budget
0.965624988079071,0.934374988079071,0.9427937608957291,0.007461071472043613,40,500,61,41,0.0983138456940651,0.14611858327686786,0.022081481366099918,forced,59,naive,40,1.0,expC_intermediate,0,18,0.9,8,source-sep-noise-budget
0.9281250238418579,0.925000011920929,0.9031125115156173,0.009261808268315625,40,500,61,41,0.13702166080474854,0.1904570251405239,0.023514046678851905,forced,60,naive,40,1.0,expC_intermediate,0,19,0.95,8,source-sep-noise-budget
1.0,0.996874988079071,0.996531255364418,0.003431660746049854,40,500,61,41,0.0032707625068724155,0.01870526720257476,0.013816182796075875,forced,61,naive,40,1.0,expC_intermediate,0,20,1.0,8,source-sep-noise-budget
1.0,0.996874988079071,0.996531255364418,0.003431660746049854,40,500,61,41,0.0032707625068724155,0.01870526720257476,0.013816182796075875,forced,62,naive,40,1.0,expC_intermediate,0,20,1.0,8,source-sep-noise-budget
1.0,0.996874988079071,0.996531255364418,0.003431660746049854,40,500,61,41,0.0032707625068724155,0.01870526720257476,0.013816182796075875,forced,63,naive,40,1.0,expC_intermediate,0,20,1.0,8,source-sep-noise-budget
1.0,0.996874988079071,0.996531255364418,0.003431660746049854,40,500,61,41,0.0032707625068724155,0.01870526720257476,0.013816182796075875,forced,71,naive,40,1.0,expC_intermediate,0,20,1.0,8,source-sep-noise-budget
1.0,0.996874988079071,0.996531255364418,0.003431660746049854,40,500,61,41,0.0032707625068724155,0.01870526720257476,0.013816182796075875,forced,81,naive,40,1.0,expC_intermediate,0,20,1.0,8,source-sep-noise-budget
0.5406250357627869,0.5062500238418579,0.4885562583208084,0.02015365029453151,80,500,21,1,0.9517200589179993,1.0486628363132477,0.047238654782690855,forced,10,naive,0,0.0,expC_intermediate,0,9,0.45,8,source-sep-noise-budget
0.965624988079071,0.9468750357627869,0.947831261754036,0.006133572455391345,80,500,21,1,0.06999251246452332,0.11209559984505177,0.015890650176081107,forced,19,naive,0,0.0,expC_intermediate,0,18,0.9,8,source-sep-noise-budget
0.965624988079071,0.953125,0.9477750127315521,0.006621059240133765,80,500,21,1,0.075014129281044,0.1060519088357687,0.01535766148012709,forced,20,naive,0,0.0,expC_intermediate,0,19,0.95,8,source-sep-noise-budget
0.871874988079071,0.8343750238418579,0.8333687608242035,0.013763599051635173,80,500,21,1,0.28944891691207886,0.34953795790672304,0.022472439665655566,forced,21,naive,0,0.0,expC_intermediate,0,20,1.0,8,source-sep-noise-budget
0.871874988079071,0.8343750238418579,0.8333687608242035,0.013763599051635173,80,500,21,1,0.28944891691207886,0.34953795790672304,0.022472439665655566,forced,22,naive,0,0.0,expC_intermediate,0,20,1.0,8,source-sep-noise-budget
0.871874988079071,0.8343750238418579,0.8333687608242035,0.013763599051635173,80,500,21,1,0.28944891691207886,0.34953795790672304,0.022472439665655566,forced,23,naive,0,0.0,expC_intermediate,0,20,1.0,8,source-sep-noise-budget
0.871874988079071,0.8343750238418579,0.8333687608242035,0.013763599051635173,80,500,21,1,0.28944891691207886,0.34953795790672304,0.022472439665655566,forced,31,naive,0,0.0,expC_intermediate,0,20,1.0,8,source-sep-noise-budget
0.871874988079071,0.8343750238418579,0.8333687608242035,0.013763599051635173,80,500,21,1,0.28944891691207886,0.34953795790672304,0.022472439665655566,forced,41,naive,0,0.0,expC_intermediate,0,20,1.0,8,source-sep-noise-budget
0.09375,0.08437500149011612,0.05006875086948276,0.012244863593175795,80,500,41,21,2.9831652641296387,2.998979379653931,0.00487823935460625,forced,10,naive,20,0.25,expC_intermediate,0,0,0.0,8,source-sep-noise-budget
0.15937499701976776,0.109375,0.11426875181496143,0.013227887350602683,80,500,41,21,2.5643153190612793,2.6172390503883363,0.016996800395985435,forced,20,naive,20,0.25,expC_intermediate,0,0,0.0,8,source-sep-noise-budget
0.965624988079071,0.9593750238418579,0.9454625135660172,0.00704872355190322,80,500,41,21,0.07713450491428375,0.13302746206521987,0.01972593396748406,forced,39,naive,20,0.25,expC_intermediate,0,18,0.9,8,source-sep-noise-budget
0.971875011920929,0.9593750238418579,0.9496187609434128,0.00611982670575672,80,500,41,21,0.0581132248044014,0.10686083297431469,0.015243602206391732,forced,40,naive,20,0.25,expC_intermediate,0,19,0.95,8,source-sep-noise-budget
1.0,0.9937500357627869,0.9963375054597855,0.0036848620452412857,80,500,41,21,0.0021451187785714865,0.01844383167522028,0.015809007672149808,forced,41,naive,20,0.25,expC_intermediate,0,20,1.0,8,source-sep-noise-budget
1.0,0.9937500357627869,0.9963375054597855,0.0036848620452412857,80,500,41,21,0.0021451187785714865,0.01844383167522028,0.015809007672149808,forced,42,naive,20,0.25,expC_intermediate,0,20,1.0,8,source-sep-noise-budget
1.0,0.9937500357627869,0.9963375054597855,0.0036848620452412857,80,500,41,21,0.0021451187785714865,0.01844383167522028,0.015809007672149808,forced,43,naive,20,0.25,expC_intermediate,0,20,1.0,8,source-sep-noise-budget
1.0,0.9937500357627869,0.9963375054597855,0.0036848620452412857,80,500,41,21,0.0021451187785714865,0.01844383167522028,0.015809007672149808,forced,51,naive,20,0.25,expC_intermediate,0,20,1.0,8,source-sep-noise-budget
1.0,0.9937500357627869,0.9963375054597855,0.0036848620452412857,80,500,41,21,0.0021451187785714865,0.01844383167522028,0.015809007672149808,forced,61,naive,20,0.25,expC_intermediate,0,20,1.0,8,source-sep-noise-budget
0.10312499850988388,0.06562500447034836,0.050643750973045826,0.012664374070621548,80,500,61,41,2.9839510917663574,2.9991054515838624,0.004956914118451934,forced,10,naive,40,0.5,expC_intermediate,0,0,0.0,8,source-sep-noise-budget
0.10312499850988388,0.06875000149011612,0.050043750870972875,0.012056914383629377,80,500,61,41,2.984131336212158,2.9989172067642214,0.004760069532642662,forced,20,naive,40,0.5,expC_intermediate,0,0,0.0,8,source-sep-noise-budget
0.96875,0.949999988079071,0.945312511086464,0.007498697023676098,80,500,61,41,0.08753038942813873,0.13606312912702562,0.019334409693878216,forced,59,naive,40,0.5,expC_intermediate,0,18,0.9,8,source-sep-noise-budget
0.971875011920929,0.9468750357627869,0.9498625121116638,0.006307595007505475,80,500,61,41,0.06896455585956573,0.1075719491392374,0.015202480869107577,forced,60,naive,40,0.5,expC_intermediate,0,19,0.95,8,source-sep-noise-budget
1.0,1.0,0.9964375051259995,0.003585442986855055,80,500,61,41,0.002383975777775049,0.01887989636324346,0.014037277638666554,forced,61,naive,40,0.5,expC_intermediate,0,20,1.0,8,source-sep-noise-budget
1.0,1.0,0.9964375051259995,0.003585442986855055,80,500,61,41,0.002383975777775049,0.01887989636324346,0.014037277638666554,forced,62,naive,40,0.5,expC_intermediate,0,20,1.0,8,source-sep-noise-budget
1.0,1.0,0.9964375051259995,0.003585442986855055,80,500,61,41,0.002383975777775049,0.01887989636324346,0.014037277638666554,forced,63,naive,40,0.5,expC_intermediate,0,20,1.0,8,source-sep-noise-budget
1.0,1.0,0.9964375051259995,0.003585442986855055,80,500,61,41,0.002383975777775049,0.01887989636324346,0.014037277638666554,forced,71,naive,40,0.5,expC_intermediate,0,20,1.0,8,source-sep-noise-budget
1.0,1.0,0.9964375051259995,0.003585442986855055,80,500,61,41,0.002383975777775049,0.01887989636324346,0.014037277638666554,forced,81,naive,40,0.5,expC_intermediate,0,20,1.0,8,source-sep-noise-budget
0.10000000149011612,0.08437500149011612,0.04962500090524554,0.012279938158573749,80,500,81,61,2.985008955001831,2.998499544620514,0.004456326913147491,forced,10,naive,60,0.75,expC_intermediate,0,0,0.0,8,source-sep-noise-budget
0.10000000149011612,0.07187499850988388,0.05009375082887709,0.012222346133333254,80,500,81,61,2.9836153984069824,2.9988058104515076,0.0047230348782203195,forced,20,naive,60,0.75,expC_intermediate,0,0,0.0,8,source-sep-noise-budget
0.971875011920929,0.949999988079071,0.941200012087822,0.007951356978878443,80,500,81,61,0.08729815483093262,0.15285194249451162,0.023047410248768503,forced,79,naive,60,0.75,expC_intermediate,0,18,0.9,8,source-sep-noise-budget
0.971875011920929,0.940625011920929,0.9487562619447708,0.006942561728628915,80,500,81,61,0.06696231663227081,0.11212902487814426,0.016744396082904928,forced,80,naive,60,0.75,expC_intermediate,0,19,0.95,8,source-sep-noise-budget
1.0,0.996874988079071,0.9963500043153762,0.0038575323421474583,80,500,81,61,0.00268102390691638,0.018810295061208307,0.01700157670650585,forced,81,naive,60,0.75,expC_intermediate,0,20,1.0,8,source-sep-noise-budget
1.0,0.996874988079071,0.9963500043153762,0.0038575323421474583,80,500,81,61,0.00268102390691638,0.018810295061208307,0.01700157670650585,forced,82,naive,60,0.75,expC_intermediate,0,20,1.0,8,source-sep-noise-budget
1.0,0.996874988079071,0.9963500043153762,0.0038575323421474583,80,500,81,61,0.00268102390691638,0.018810295061208307,0.01700157670650585,forced,83,naive,60,0.75,expC_intermediate,0,20,1.0,8,source-sep-noise-budget
1.0,0.996874988079071,0.9963500043153762,0.0038575323421474583,80,500,81,61,0.00268102390691638,0.018810295061208307,0.01700157670650585,forced,91,naive,60,0.75,expC_intermediate,0,20,1.0,8,source-sep-noise-budget
1.0,0.996874988079071,0.9963500043153762,0.0038575323421474583,80,500,81,61,0.00268102390691638,0.018810295061208307,0.01700157670650585,forced,101,naive,60,0.75,expC_intermediate,0,20,1.0,8,source-sep-noise-budget
0.10000000149011612,0.07500000298023224,0.05020625095814466,0.011846035648211371,80,500,101,81,2.9836535453796387,2.998694591522217,0.004540096541714147,forced,10,naive,80,1.0,expC_intermediate,0,0,0.0,8,source-sep-noise-budget
0.10625000298023224,0.07187499850988388,0.050343750808387995,0.012313412181685789,80,500,101,81,2.983649969100952,2.998849477291107,0.004622229559512083,forced,20,naive,80,1.0,expC_intermediate,0,0,0.0,8,source-sep-noise-budget
0.9000000357627869,0.8843750357627869,0.8666625123023987,0.011693421193869229,80,500,101,81,0.21586862206459045,0.2756598387658596,0.01988291069122658,forced,99,naive,80,1.0,expC_intermediate,0,18,0.9,8,source-sep-noise-budget
0.934374988079071,0.9125000238418579,0.9018062621355056,0.009063532480881344,80,500,101,81,0.14381912350654602,0.19428166913986206,0.019277992092499713,forced,100,naive,80,1.0,expC_intermediate,0,19,0.95,8,source-sep-noise-budget
1.0,0.9937500357627869,0.9941562600135804,0.004678212804397829,80,500,101,81,0.004268842749297619,0.02772717730794102,0.01805890340500393,forced,101,naive,80,1.0,expC_intermediate,0,20,1.0,8,source-sep-noise-budget
1.0,0.9937500357627869,0.9941562600135804,0.004678212804397829,80,500,101,81,0.004268842749297619,0.02772717730794102,0.01805890340500393,forced,102,naive,80,1.0,expC_intermediate,0,20,1.0,8,source-sep-noise-budget
1.0,0.9937500357627869,0.9941562600135804,0.004678212804397829,80,500,101,81,0.004268842749297619,0.02772717730794102,0.01805890340500393,forced,103,naive,80,1.0,expC_intermediate,0,20,1.0,8,source-sep-noise-budget
1.0,0.9937500357627869,0.9941562600135804,0.004678212804397829,80,500,101,81,0.004268842749297619,0.02772717730794102,0.01805890340500393,forced,111,naive,80,1.0,expC_intermediate,0,20,1.0,8,source-sep-noise-budget
1.0,0.9937500357627869,0.9941562600135804,0.004678212804397829,80,500,101,81,0.004268842749297619,0.02772717730794102,0.01805890340500393,forced,121,naive,80,1.0,expC_intermediate,0,20,1.0,8,source-sep-noise-budget
0.612500011920929,0.565625011920929,0.5651437633037567,0.016621440736612203,20,500,21,1,0.8739790916442871,0.9428519176244736,0.02654681709680667,forced,10,naive,0,0.0,expC_intermediate,1,9,0.45,8,source-sep-noise-budget
0.878125011920929,0.846875011920929,0.8506875100135803,0.010701745036203972,20,500,21,1,0.24314621090888977,0.30391574662923815,0.024402465986215746,forced,19,naive,0,0.0,expC_intermediate,1,18,0.9,8,source-sep-noise-budget
0.8531250357627869,0.8218750357627869,0.8122812601327896,0.011679768956591705,20,500,21,1,0.2915498614311218,0.337381545484066,0.016632891573131758,forced,20,naive,0,0.0,expC_intermediate,1,19,0.95,8,source-sep-noise-budget
0.840624988079071,0.800000011920929,0.8103250119686126,0.01102003977904617,20,500,21,1,0.3130852282047272,0.3629336261153221,0.016734841518884363,forced,21,naive,0,0.0,expC_intermediate,1,20,1.0,8,source-sep-noise-budget
0.840624988079071,0.800000011920929,0.8103250119686126,0.01102003977904617,20,500,21,1,0.3130852282047272,0.3629336261153221,0.016734841518884363,forced,22,naive,0,0.0,expC_intermediate,1,20,1.0,8,source-sep-noise-budget
0.840624988079071,0.800000011920929,0.8103250119686126,0.01102003977904617,20,500,21,1,0.3130852282047272,0.3629336261153221,0.016734841518884363,forced,23,naive,0,0.0,expC_intermediate,1,20,1.0,8,source-sep-noise-budget
0.840624988079071,0.800000011920929,0.8103250119686126,0.01102003977904617,20,500,21,1,0.3130852282047272,0.3629336261153221,0.016734841518884363,forced,31,naive,0,0.0,expC_intermediate,1,20,1.0,8,source-sep-noise-budget
0.840624988079071,0.800000011920929,0.8103250119686126,0.01102003977904617,20,500,21,1,0.3130852282047272,0.3629336261153221,0.016734841518884363,forced,41,naive,0,0.0,expC_intermediate,1,20,1.0,8,source-sep-noise-budget
0.3687500059604645,0.3187499940395355,0.3232187557220459,0.01617926350677859,20,500,26,6,1.5377079248428345,1.6299722211360932,0.02692785902341623,forced,10,naive,5,0.25,expC_intermediate,1,4,0.2,8,source-sep-noise-budget
0.965624988079071,0.934374988079071,0.9472312607765198,0.006980022115332473,20,500,26,6,0.0856797844171524,0.12467803183197976,0.02038413791802447,forced,20,naive,5,0.25,expC_intermediate,1,14,0.7,8,source-sep-noise-budget
0.8843750357627869,0.862500011920929,0.8553812614679337,0.00917958679546475,20,500,26,6,0.2453136444091797,0.2963284962773323,0.021115632306082124,forced,24,naive,5,0.25,expC_intermediate,1,18,0.9,8,source-sep-noise-budget
0.9281250238418579,0.8968750238418579,0.9019937598705292,0.008124371387720632,20,500,26,6,0.15101347863674164,0.19717447063326834,0.017622730549948545,forced,25,naive,5,0.25,expC_intermediate,1,19,0.95,8,source-sep-noise-budget
0.965624988079071,0.953125,0.9498312615156174,0.005781738919230756,20,500,26,6,0.07666178047657013,0.11504290896654129,0.01647643924252778,forced,26,naive,5,0.25,expC_intermediate,1,20,1.0,8,source-sep-noise-budget
0.965624988079071,0.953125,0.9498312615156174,0.005781738919230756,20,500,26,6,0.07666178047657013,0.11504290896654129,0.01647643924252778,forced,27,naive,5,0.25,expC_intermediate,1,20,1.0,8,source-sep-noise-budget
0.965624988079071,0.953125,0.9498312615156174,0.005781738919230756,20,500,26,6,0.07666178047657013,0.11504290896654129,0.01647643924252778,forced,28,naive,5,0.25,expC_intermediate,1,20,1.0,8,source-sep-noise-budget
0.965624988079071,0.953125,0.9498312615156174,0.005781738919230756,20,500,26,6,0.07666178047657013,0.11504290896654129,0.01647643924252778,forced,36,naive,5,0.25,expC_intermediate,1,20,1.0,8,source-sep-noise-budget
0.965624988079071,0.953125,0.9498312615156174,0.005781738919230756,20,500,26,6,0.07666178047657013,0.11504290896654129,0.01647643924252778,forced,46,naive,5,0.25,expC_intermediate,1,20,1.0,8,source-sep-noise-budget
0.3031249940395355,0.24375000596046448,0.24531250357627868,0.015915426768609298,20,500,31,11,1.8553898334503174,1.9323531186580658,0.02738198436846167,forced,10,naive,10,0.5,expC_intermediate,1,0,0.0,8,source-sep-noise-budget
0.75,0.7125000357627869,0.7168875114917755,0.011472105813113387,20,500,31,11,0.5648746490478516,0.6364708627462388,0.024109697784535287,forced,20,naive,10,0.5,expC_intermediate,1,9,0.45,8,source-sep-noise-budget
0.9625000357627869,0.949999988079071,0.9448937617540359,0.006792145400556267,20,500,31,11,0.083070307970047,0.1356820546090603,0.01876606391080064,forced,29,naive,10,0.5,expC_intermediate,1,18,0.9,8,source-sep-noise-budget
0.965624988079071,0.9468750357627869,0.9476812613010407,0.006410009193081368,20,500,31,11,0.07560250908136368,0.11351879711449146,0.018082565892157485,forced,30,naive,10,0.5,expC_intermediate,1,19,0.95,8,source-sep-noise-budget
1.0,1.0,0.9960562555789948,0.003453582490122697,20,500,31,11,0.0029097669757902622,0.019891689029056577,0.013471565858037899,forced,31,naive,10,0.5,expC_intermediate,1,20,1.0,8,source-sep-noise-budget
1.0,1.0,0.9960562555789948,0.003453582490122697,20,500,31,11,0.0029097669757902622,0.019891689029056577,0.013471565858037899,forced,32,naive,10,0.5,expC_intermediate,1,20,1.0,8,source-sep-noise-budget
1.0,1.0,0.9960562555789948,0.003453582490122697,20,500,31,11,0.0029097669757902622,0.019891689029056577,0.013471565858037899,forced,33,naive,10,0.5,expC_intermediate,1,20,1.0,8,source-sep-noise-budget
1.0,1.0,0.9960562555789948,0.003453582490122697,20,500,31,11,0.0029097669757902622,0.019891689029056577,0.013471565858037899,forced,41,naive,10,0.5,expC_intermediate,1,20,1.0,8,source-sep-noise-budget
1.0,1.0,0.9960562555789948,0.003453582490122697,20,500,31,11,0.0029097669757902622,0.019891689029056577,0.013471565858037899,forced,51,naive,10,0.5,expC_intermediate,1,20,1.0,8,source-sep-noise-budget
0.16250000894069672,0.12812499701976776,0.11370625162124634,0.013248306560634417,20,500,36,16,2.6297380924224854,2.709559339046478,0.0246748124618154,forced,10,naive,15,0.75,expC_intermediate,1,0,0.0,8,source-sep-noise-budget
0.453125,0.40312501788139343,0.39356875616312026,0.016056126513297193,20,500,36,16,1.3195929527282715,1.3951417779922486,0.024383117135445154,forced,20,naive,15,0.75,expC_intermediate,1,4,0.2,8,source-sep-noise-budget
0.925000011920929,0.890625,0.8962562619447708,0.009930812571285398,20,500,36,16,0.15636441111564636,0.20839783084392546,0.02239136810379917,forced,34,naive,15,0.75,expC_intermediate,1,18,0.9,8,source-sep-noise-budget
0.840624988079071,0.8125,0.8074312615394592,0.011225285152976118,20,500,36,16,0.30679014325141907,0.3534833361506462,0.01726785025830397,forced,35,naive,15,0.75,expC_intermediate,1,19,0.95,8,source-sep-noise-budget
0.921875,0.893750011920929,0.901300011754036,0.00829329446895901,20,500,36,16,0.14609308540821075,0.1898461344540119,0.019192993017923606,forced,36,naive,15,0.75,expC_intermediate,1,20,1.0,8,source-sep-noise-budget
0.921875,0.893750011920929,0.901300011754036,0.00829329446895901,20,500,36,16,0.14609308540821075,0.1898461344540119,0.019192993017923606,forced,37,naive,15,0.75,expC_intermediate,1,20,1.0,8,source-sep-noise-budget
0.921875,0.893750011920929,0.901300011754036,0.00829329446895901,20,500,36,16,0.14609308540821075,0.1898461344540119,0.019192993017923606,forced,38,naive,15,0.75,expC_intermediate,1,20,1.0,8,source-sep-noise-budget
0.921875,0.893750011920929,0.901300011754036,0.00829329446895901,20,500,36,16,0.14609308540821075,0.1898461344540119,0.019192993017923606,forced,46,naive,15,0.75,expC_intermediate,1,20,1.0,8,source-sep-noise-budget
0.921875,0.893750011920929,0.901300011754036,0.00829329446895901,20,500,36,16,0.14609308540821075,0.1898461344540119,0.019192993017923606,forced,56,naive,15,0.75,expC_intermediate,1,20,1.0,8,source-sep-noise-budget
0.09687500447034836,0.05312500149011612,0.050231250993907454,0.012080671449068731,20,500,41,21,2.9807322025299072,2.9985401821136475,0.004076939043465239,forced,10,naive,20,1.0,expC_intermediate,1,0,0.0,8,source-sep-noise-budget
0.38750001788139343,0.33125001192092896,0.33733125644922257,0.014675888065355894,20,500,41,21,1.6537449359893799,1.7147906703948974,0.021886854683525237,forced,20,naive,20,1.0,expC_intermediate,1,0,0.0,8,source-sep-noise-budget
0.887499988079071,0.8531250357627869,0.8572500114440917,0.009313128920590106,20,500,41,21,0.24218805134296417,0.28001003435254096,0.016704851814248366,forced,39,naive,20,1.0,expC_intermediate,1,18,0.9,8,source-sep-noise-budget
0.887499988079071,0.846875011920929,0.8554750109910965,0.010125433144207144,20,500,41,21,0.21122686564922333,0.2656986477971077,0.017189800841733636,forced,40,naive,20,1.0,expC_intermediate,1,19,0.95,8,source-sep-noise-budget
0.921875,0.9000000357627869,0.9019250115156173,0.007861435836698773,20,500,41,21,0.15612563490867615,0.19482195219397544,0.020957507347888944,forced,41,naive,20,1.0,expC_intermediate,1,20,1.0,8,source-sep-noise-budget
0.921875,0.9000000357627869,0.9019250115156173,0.007861435836698773,20,500,41,21,0.15612563490867615,0.19482195219397544,0.020957507347888944,forced,42,naive,20,1.0,expC_intermediate,1,20,1.0,8,source-sep-noise-budget
0.921875,0.9000000357627869,0.9019250115156173,0.007861435836698773,20,500,41,21,0.15612563490867615,0.19482195219397544,0.020957507347888944,forced,43,naive,20,1.0,expC_intermediate,1,20,1.0,8,source-sep-noise-budget
0.921875,0.9000000357627869,0.9019250115156173,0.007861435836698773,20,500,41,21,0.15612563490867615,0.19482195219397544,0.020957507347888944,forced,51,naive,20,1.0,expC_intermediate,1,20,1.0,8,source-sep-noise-budget
0.921875,0.9000000357627869,0.9019250115156173,0.007861435836698773,20,500,41,21,0.15612563490867615,0.19482195219397544,0.020957507347888944,forced,61,naive,20,1.0,expC_intermediate,1,20,1.0,8,source-sep-noise-budget
0.609375,0.565625011920929,0.5416125100851059,0.015968763063642484,40,500,21,1,0.9021129608154297,0.9931188492774964,0.027269003001263035,forced,10,naive,0,0.0,expC_intermediate,1,9,0.45,8,source-sep-noise-budget
0.878125011920929,0.8656250238418579,0.8467937633991242,0.010874516848252778,40,500,21,1,0.25129789113998413,0.3157870033979416,0.02531949162672703,forced,19,naive,0,0.0,expC_intermediate,1,18,0.9,8,source-sep-noise-budget
0.90625,0.9000000357627869,0.8751187629699707,0.011492420831757548,40,500,21,1,0.20371916890144348,0.26200877732038497,0.023490705483177342,forced,20,naive,0,0.0,expC_intermediate,1,19,0.95,8,source-sep-noise-budget
0.96875,0.956250011920929,0.9497312612533569,0.006366569177033205,40,500,21,1,0.06756819784641266,0.10046516951918602,0.015911524977819794,forced,21,naive,0,0.0,expC_intermediate,1,20,1.0,8,source-sep-noise-budget
0.96875,0.956250011920929,0.9497312612533569,0.006366569177033205,40,500,21,1,0.06756819784641266,0.10046516951918602,0.015911524977819794,forced,22,naive,0,0.0,expC_intermediate,1,20,1.0,8,source-sep-noise-budget
0.96875,0.956250011920929,0.9497312612533569,0.006366569177033205,40,500,21,1,0.06756819784641266,0.10046516951918602,0.015911524977819794,forced,23,naive,0,0.0,expC_intermediate,1,20,1.0,8,source-sep-noise-budget
0.96875,0.956250011920929,0.9497312612533569,0.006366569177033205,40,500,21,1,0.06756819784641266,0.10046516951918602,0.015911524977819794,forced,31,naive,0,0.0,expC_intermediate,1,20,1.0,8,source-sep-noise-budget
0.96875,0.956250011920929,0.9497312612533569,0.006366569177033205,40,500,21,1,0.06756819784641266,0.10046516951918602,0.015911524977819794,forced,41,naive,0,0.0,expC_intermediate,1,20,1.0,8,source-sep-noise-budget
0.4937500059604645,0.453125,0.4304000057578087,0.01944996012471404,40,500,31,11,1.5304839611053467,1.6384762582778931,0.033366549230284516,forced,10,naive,10,0.25,expC_intermediate,1,0,0.0,8,source-sep-noise-budget
0.800000011920929,0.762499988079071,0.7639437620639801,0.009807002430668075,40,500,31,11,0.4834660589694977,0.5508923084139824,0.020522447236709006,forced,20,naive,10,0.25,expC_intermediate,1,9,0.45,8,source-sep-noise-budget
0.965624988079071,0.9375,0.9437937624454499,0.007688899370677908,40,500,31,11,0.09298159182071686,0.13971321730315686,0.02149987564847027,forced,29,naive,10,0.25,expC_intermediate,1,18,0.9,8,source-sep-noise-budget
0.96875,0.940625011920929,0.9481562621593476,0.00699462503218936,40,500,31,11,0.07147766649723053,0.11260195441544056,0.019269835137388877,forced,30,naive,10,0.25,expC_intermediate,1,19,0.95,8,source-sep-noise-budget
1.0,1.0,0.9966937549114228,0.0035501828596133257,40,500,31,11,0.0026093139313161373,0.017290696285199372,0.013750213503659731,forced,31,naive,10,0.25,expC_intermediate,1,20,1.0,8,source-sep-noise-budget
1.0,1.0,0.9966937549114228,0.0035501828596133257,40,500,31,11,0.0026093139313161373,0.017290696285199372,0.013750213503659731,forced,32,naive,10,0.25,expC_intermediate,1,20,1.0,8,source-sep-noise-budget
1.0,1.0,0.9966937549114228,0.0035501828596133257,40,500,31,11,0.0026093139313161373,0.017290696285199372,0.013750213503659731,forced,33,naive,10,0.25,expC_intermediate,1,20,1.0,8,source-sep-noise-budget
1.0,1.0,0.9966937549114228,0.0035501828596133257,40,500,31,11,0.0026093139313161373,0.017290696285199372,0.013750213503659731,forced,41,naive,10,0.25,expC_intermediate,1,20,1.0,8,source-sep-noise-budget
1.0,1.0,0.9966937549114228,0.0035501828596133257,40,500,31,11,0.0026093139313161373,0.017290696285199372,0.013750213503659731,forced,51,naive,10,0.25,expC_intermediate,1,20,1.0,8,source-sep-noise-budget
0.09375,0.05000000074505806,0.04949375077337027,0.011989479593494941,40,500,41,21,2.97601056098938,2.999013327598572,0.004642888411353603,forced,10,naive,20,0.5,expC_intermediate,1,0,0.0,8,source-sep-noise-budget
0.3968749940395355,0.3499999940395355,0.3424875056743622,0.013224615759737098,40,500,41,21,1.760306715965271,1.8460853548049927,0.02405918019724605,forced,20,naive,20,0.5,expC_intermediate,1,0,0.0,8,source-sep-noise-budget
0.9281250238418579,0.918749988079071,0.8982062629461288,0.009310466708779417,40,500,41,21,0.1618703305721283,0.20618246364593507,0.020297288635110818,forced,39,naive,20,0.5,expC_intermediate,1,18,0.9,8,source-sep-noise-budget
0.9750000238418579,0.949999988079071,0.944768760919571,0.013266985597456935,40,500,41,21,0.06486652046442032,0.11575404907763004,0.030000101585020682,forced,40,naive,20,0.5,expC_intermediate,1,19,0.95,8,source-sep-noise-budget
1.0,1.0,0.9957562559843063,0.003969892490505182,40,500,41,21,0.0030377772636711597,0.020888474031817168,0.016301337045540612,forced,41,naive,20,0.5,expC_intermediate,1,20,1.0,8,source-sep-noise-budget
1.0,1.0,0.9957562559843063,0.003969892490505182,40,500,41,21,0.0030377772636711597,0.020888474031817168,0.016301337045540612,forced,42,naive,20,0.5,expC_intermediate,1,20,1.0,8,source-sep-noise-budget
1.0,1.0,0.9957562559843063,0.003969892490505182,40,500,41,21,0.0030377772636711597,0.020888474031817168,0.016301337045540612,forced,43,naive,20,0.5,expC_intermediate,1,20,1.0,8,source-sep-noise-budget
1.0,1.0,0.9957562559843063,0.003969892490505182,40,500,41,21,0.0030377772636711597,0.020888474031817168,0.016301337045540612,forced,51,naive,20,0.5,expC_intermediate,1,20,1.0,8,source-sep-noise-budget
1.0,1.0,0.9957562559843063,0.003969892490505182,40,500,41,21,0.0030377772636711597,0.020888474031817168,0.016301337045540612,forced,61,naive,20,0.5,expC_intermediate,1,20,1.0,8,source-sep-noise-budget
0.09687500447034836,0.03437500074505806,0.04923750085011125,0.012295381716553793,40,500,51,31,2.9732108116149902,2.998691963195801,0.004405979443056295,forced,10,naive,30,0.75,expC_intermediate,1,0,0.0,8,source-sep-noise-budget
0.09375,0.05312500149011612,0.04974375084415078,0.012167161163281145,40,500,51,31,2.9751510620117188,2.9990007677078245,0.0046328093254554645,forced,20,naive,30,0.75,expC_intermediate,1,0,0.0,8,source-sep-noise-budget
0.965624988079071,0.9437500238418579,0.9430750114917755,0.0074643318433701995,40,500,51,31,0.09338059276342392,0.14622853283584117,0.021610674866997005,forced,49,naive,30,0.75,expC_intermediate,1,18,0.9,8,source-sep-noise-budget
0.965624988079071,0.940625011920929,0.9481312617063522,0.006247180158071232,40,500,51,31,0.07491450011730194,0.11331308622658252,0.016772676553732158,forced,50,naive,30,0.75,expC_intermediate,1,19,0.95,8,source-sep-noise-budget
1.0,0.996874988079071,0.994625009059906,0.004295702483027881,40,500,51,31,0.004000325687229633,0.025542659539729357,0.01603278415435067,forced,51,naive,30,0.75,expC_intermediate,1,20,1.0,8,source-sep-noise-budget
1.0,0.996874988079071,0.994625009059906,0.004295702483027881,40,500,51,31,0.004000325687229633,0.025542659539729357,0.01603278415435067,forced,52,naive,30,0.75,expC_intermediate,1,20,1.0,8,source-sep-noise-budget
1.0,0.996874988079071,0.994625009059906,0.004295702483027881,40,500,51,31,0.004000325687229633,0.025542659539729357,0.01603278415435067,forced,53,naive,30,0.75,expC_intermediate,1,20,1.0,8,source-sep-noise-budget
1.0,0.996874988079071,0.994625009059906,0.004295702483027881,40,500,51,31,0.004000325687229633,0.025542659539729357,0.01603278415435067,forced,61,naive,30,0.75,expC_intermediate,1,20,1.0,8,source-sep-noise-budget
1.0,0.996874988079071,0.994625009059906,0.004295702483027881,40,500,51,31,0.004000325687229633,0.025542659539729357,0.01603278415435067,forced,71,naive,30,0.75,expC_intermediate,1,20,1.0,8,source-sep-noise-budget
0.09062500298023224,0.05312500149011612,0.04946875079721212,0.01163620951977077,40,500,61,41,2.978322982788086,2.998800332069397,0.004517138654701114,forced,10,naive,40,1.0,expC_intermediate,1,0,0.0,8,source-sep-noise-budget
0.09375,0.05625000223517418,0.04936250099539757,0.01181001344132535,40,500,61,41,2.9749653339385986,2.9988121819496154,0.0045403058038387695,forced,20,naive,40,1.0,expC_intermediate,1,0,0.0,8,source-sep-noise-budget
0.9281250238418579,0.90625,0.9022375122308731,0.007717765265345162,40,500,61,41,0.17933864891529083,0.22225814318656922,0.01965328582749452,forced,59,naive,40,1.0,expC_intermediate,1,18,0.9,8,source-sep-noise-budget
0.96875,0.9437500238418579,0.9470625112056732,0.006987990853623333,40,500,61,41,0.0837968960404396,0.12121045181155204,0.019728211475239385,forced,60,naive,40,1.0,expC_intermediate,1,19,0.95,8,source-sep-noise-budget
1.0,0.9937500357627869,0.9958125063180924,0.0038785172677966075,40,500,61,41,0.004015082959085703,0.02085781124047935,0.014428869958033233,forced,61,naive,40,1.0,expC_intermediate,1,20,1.0,8,source-sep-noise-budget
1.0,0.9937500357627869,0.9958125063180924,0.0038785172677966075,40,500,61,41,0.004015082959085703,0.02085781124047935,0.014428869958033233,forced,62,naive,40,1.0,expC_intermediate,1,20,1.0,8,source-sep-noise-budget
1.0,0.9937500357627869,0.9958125063180924,0.0038785172677966075,40,500,61,41,0.004015082959085703,0.02085781124047935,0.014428869958033233,forced,63,naive,40,1.0,expC_intermediate,1,20,1.0,8,source-sep-noise-budget
1.0,0.9937500357627869,0.9958125063180924,0.0038785172677966075,40,500,61,41,0.004015082959085703,0.02085781124047935,0.014428869958033233,forced,71,naive,40,1.0,expC_intermediate,1,20,1.0,8,source-sep-noise-budget
1.0,0.9937500357627869,0.9958125063180924,0.0038785172677966075,40,500,61,41,0.004015082959085703,0.02085781124047935,0.014428869958033233,forced,81,naive,40,1.0,expC_intermediate,1,20,1.0,8,source-sep-noise-budget
0.574999988079071,0.550000011920929,0.5291187613010406,0.01548716612432601,80,500,21,1,0.8893085718154907,0.9745019843578339,0.025628941391872998,forced,10,naive,0,0.0,expC_intermediate,1,9,0.45,8,source-sep-noise-budget
0.9312500357627869,0.890625,0.8927500118017196,0.01050929807068464,80,500,21,1,0.17255358397960663,0.2292557584941387,0.025608475975268403,forced,19,naive,0,0.0,expC_intermediate,1,18,0.9,8,source-sep-noise-budget
0.925000011920929,0.893750011920929,0.8968500130176544,0.009786759540727519,80,500,21,1,0.15769414603710175,0.20150861382484436,0.021302925480573297,forced,20,naive,0,0.0,expC_intermediate,1,19,0.95,8,source-sep-noise-budget
0.965624988079071,0.9281250238418579,0.9408437626361847,0.008404507581428756,80,500,21,1,0.08429055660963058,0.1331395826935768,0.024872280947972468,forced,21,naive,0,0.0,expC_intermediate,1,20,1.0,8,source-sep-noise-budget
0.965624988079071,0.9281250238418579,0.9408437626361847,0.008404507581428756,80,500,21,1,0.08429055660963058,0.1331395826935768,0.024872280947972468,forced,22,naive,0,0.0,expC_intermediate,1,20,1.0,8,source-sep-noise-budget
0.965624988079071,0.9281250238418579,0.9408437626361847,0.008404507581428756,80,500,21,1,0.08429055660963058,0.1331395826935768,0.024872280947972468,forced,23,naive,0,0.0,expC_intermediate,1,20,1.0,8,source-sep-noise-budget
0.965624988079071,0.9281250238418579,0.9408437626361847,0.008404507581428756,80,500,21,1,0.08429055660963058,0.1331395826935768,0.024872280947972468,forced,31,naive,0,0.0,expC_intermediate,1,20,1.0,8,source-sep-noise-budget
0.965624988079071,0.9281250238418579,0.9408437626361847,0.008404507581428756,80,500,21,1,0.08429055660963058,0.1331395826935768,0.024872280947972468,forced,41,naive,0,0.0,expC_intermediate,1,20,1.0,8,source-sep-noise-budget
0.10000000149011612,0.0625,0.0501750009432435,0.01240151224905237,80,500,41,21,2.975921154022217,2.9992448534965517,0.004952207868057913,forced,10,naive,20,0.25,expC_intermediate,1,0,0.0,8,source-sep-noise-budget
0.39375001192092896,0.34687501192092896,0.339006256043911,0.015184308756062864,80,500,41,21,1.6962215900421143,1.7698962647914886,0.027119784440053998,forced,20,naive,20,0.25,expC_intermediate,1,0,0.0,8,source-sep-noise-budget
0.965624988079071,0.940625011920929,0.9433625128269195,0.008213830612204358,80,500,41,21,0.08994428813457489,0.1434164279103279,0.024531280126876245,forced,39,naive,20,0.25,expC_intermediate,1,18,0.9,8,source-sep-noise-budget
0.971875011920929,0.934374988079071,0.9493625119924546,0.006286131257914561,80,500,41,21,0.07364989817142487,0.10646015147864818,0.015221385139780549,forced,40,naive,20,0.25,expC_intermediate,1,19,0.95,8,source-sep-noise-budget
1.0,1.0,0.9960562560558319,0.004161473229037813,80,500,41,21,0.0035834431182593107,0.02072188659477979,0.015764345876272075,forced,41,naive,20,0.25,expC_intermediate,1,20,1.0,8,source-sep-noise-budget
1.0,1.0,0.9960562560558319,0.004161473229037813,80,500,41,21,0.0035834431182593107,0.02072188659477979,0.015764345876272075,forced,42,naive,20,0.25,expC_intermediate,1,20,1.0,8,source-sep-noise-budget
1.0,1.0,0.9960562560558319,0.004161473229037813,80,500,41,21,0.0035834431182593107,0.02072188659477979,0.015764345876272075,forced,43,naive,20,0.25,expC_intermediate,1,20,1.0,8,source-sep-noise-budget
1.0,1.0,0.9960562560558319,0.004161473229037813,80,500,41,21,0.0035834431182593107,0.02072188659477979,0.015764345876272075,forced,51,naive,20,0.25,expC_intermediate,1,20,1.0,8,source-sep-noise-budget
1.0,1.0,0.9960562560558319,0.004161473229037813,80,500,41,21,0.0035834431182593107,0.02072188659477979,0.015764345876272075,forced,61,naive,20,0.25,expC_intermediate,1,20,1.0,8,source-sep-noise-budget
0.10000000149011612,0.05000000074505806,0.04996875097788871,0.011990352875074833,80,500,61,41,2.972994565963745,2.9990374755859377,0.004884279599299913,forced,10,naive,40,0.5,expC_intermediate,1,0,0.0,8,source-sep-noise-budget
0.10000000149011612,0.04374999925494194,0.05040625097975135,0.01213091856013751,80,500,61,41,2.9768967628479004,2.99920267534256,0.005027304420312802,forced,20,naive,40,0.5,expC_intermediate,1,0,0.0,8,source-sep-noise-budget
0.956250011920929,0.9468750357627869,0.9273312628269196,0.011728322360730781,80,500,61,41,0.11201208829879761,0.18905424611270427,0.03242621711887743,forced,59,naive,40,0.5,expC_intermediate,1,18,0.9,8,source-sep-noise-budget
0.96875,0.949999988079071,0.9491875108480453,0.006525488110875816,80,500,61,41,0.0682855099439621,0.11140254785120488,0.015823921311325928,forced,60,naive,40,0.5,expC_intermediate,1,19,0.95,8,source-sep-noise-budget
1.0,1.0,0.9968750035762787,0.003295347221386094,80,500,61,41,0.0022449390962719917,0.01620694777276367,0.012979153216329297,forced,61,naive,40,0.5,expC_intermediate,1,20,1.0,8,source-sep-noise-budget
1.0,1.0,0.9968750035762787,0.003295347221386094,80,500,61,41,0.0022449390962719917,0.01620694777276367,0.012979153216329297,forced,62,naive,40,0.5,expC_intermediate,1,20,1.0,8,source-sep-noise-budget
1.0,1.0,0.9968750035762787,0.003295347221386094,80,500,61,41,0.0022449390962719917,0.01620694777276367,0.012979153216329297,forced,63,naive,40,0.5,expC_intermediate,1,20,1.0,8,source-sep-noise-budget
1.0,1.0,0.9968750035762787,0.003295347221386094,80,500,61,41,0.0022449390962719917,0.01620694777276367,0.012979153216329297,forced,71,naive,40,0.5,expC_intermediate,1,20,1.0,8,source-sep-noise-budget
1.0,1.0,0.9968750035762787,0.003295347221386094,80,500,61,41,0.0022449390962719917,0.01620694777276367,0.012979153216329297,forced,81,naive,40,0.5,expC_intermediate,1,20,1.0,8,source-sep-noise-budget
0.10000000149011612,0.04062500223517418,0.049800000768154856,0.01185191176463291,80,500,81,61,2.976483106613159,2.9990155606269835,0.004820067107211872,forced,10,naive,60,0.75,expC_intermediate,1,0,0.0,8,source-sep-noise-budget
0.09687500447034836,0.046875,0.05036875092983246,0.01236334541744233,80,500,81,61,2.9747540950775146,2.99903027009964,0.0048716450581361495,forced,20,naive,60,0.75,expC_intermediate,1,0,0.0,8,source-sep-noise-budget
0.9625000357627869,0.956250011920929,0.9423500123023987,0.008095678403754136,80,500,81,61,0.09088815748691559,0.15243268203735352,0.023351454939823026,forced,79,naive,60,0.75,expC_intermediate,1,18,0.9,8,source-sep-noise-budget
0.96875,0.953125,0.9490125116109848,0.006504311501166426,80,500,81,61,0.07845818996429443,0.11483124695718289,0.016620196346281705,forced,80,naive,60,0.75,expC_intermediate,1,19,0.95,8,source-sep-noise-budget
1.0,0.987500011920929,0.9944625083208084,0.004925230532517575,80,500,81,61,0.003524987492710352,0.02698418533988297,0.019308192110706477,forced,81,naive,60,0.75,expC_intermediate,1,20,1.0,8,source-sep-noise-budget
1.0,0.987500011920929,0.9944625083208084,0.004925230532517575,80,500,81,61,0.003524987492710352,0.02698418533988297,0.019308192110706477,forced,82,naive,60,0.75,expC_intermediate,1,20,1.0,8,source-sep-noise-budget
1.0,0.987500011920929,0.9944625083208084,0.004925230532517575,80,500,81,61,0.003524987492710352,0.02698418533988297,0.019308192110706477,forced,83,naive,60,0.75,expC_intermediate,1,20,1.0,8,source-sep-noise-budget
1.0,0.987500011920929,0.9944625083208084,0.004925230532517575,80,500,81,61,0.003524987492710352,0.02698418533988297,0.019308192110706477,forced,91,naive,60,0.75,expC_intermediate,1,20,1.0,8,source-sep-noise-budget
1.0,0.987500011920929,0.9944625083208084,0.004925230532517575,80,500,81,61,0.003524987492710352,0.02698418533988297,0.019308192110706477,forced,101,naive,60,0.75,expC_intermediate,1,20,1.0,8,source-sep-noise-budget
0.09375,0.03750000149011612,0.05053750090673566,0.012100820199834519,80,500,101,81,2.976147174835205,2.9991198563575745,0.0049115486566472365,forced,10,naive,80,1.0,expC_intermediate,1,0,0.0,8,source-sep-noise-budget
0.09375,0.04062500223517418,0.05027500085532665,0.012138626604135495,80,500,101,81,2.979541540145874,2.9990354232788086,0.004929496340261714,forced,20,naive,80,1.0,expC_intermediate,1,0,0.0,8,source-sep-noise-budget
0.8843750357627869,0.8531250357627869,0.8575312627553939,0.009857333787010165,80,500,101,81,0.23457589745521545,0.284698311239481,0.018081940256782784,forced,99,naive,80,1.0,expC_intermediate,1,18,0.9,8,source-sep-noise-budget
0.96875,0.9593750238418579,0.9484250112771988,0.006738692879950676,80,500,101,81,0.07939870655536652,0.11668074625730515,0.018406909477300615,forced,100,naive,80,1.0,expC_intermediate,1,19,0.95,8,source-sep-noise-budget
1.0,0.996874988079071,0.9956937572956085,0.0041116119041505065,80,500,101,81,0.0029583119321614504,0.02175803437642753,0.01616021557612902,forced,101,naive,80,1.0,expC_intermediate,1,20,1.0,8,source-sep-noise-budget
1.0,0.996874988079071,0.9956937572956085,0.0041116119041505065,80,500,101,81,0.0029583119321614504,0.02175803437642753,0.01616021557612902,forced,102,naive,80,1.0,expC_intermediate,1,20,1.0,8,source-sep-noise-budget
1.0,0.996874988079071,0.9956937572956085,0.0041116119041505065,80,500,101,81,0.0029583119321614504,0.02175803437642753,0.01616021557612902,forced,103,naive,80,1.0,expC_intermediate,1,20,1.0,8,source-sep-noise-budget
1.0,0.996874988079071,0.9956937572956085,0.0041116119041505065,80,500,101,81,0.0029583119321614504,0.02175803437642753,0.01616021557612902,forced,111,naive,80,1.0,expC_intermediate,1,20,1.0,8,source-sep-noise-budget
1.0,0.996874988079071,0.9956937572956085,0.0041116119041505065,80,500,101,81,0.0029583119321614504,0.02175803437642753,0.01616021557612902,forced,121,naive,80,1.0,expC_intermediate,1,20,1.0,8,source-sep-noise-budget
0.59375,0.565625011920929,0.5499437626600265,0.01588707574563711,20,500,21,1,0.8665501475334167,0.9542087987661362,0.027888770204109466,forced,10,naive,0,0.0,expC_intermediate,2,9,0.45,8,source-sep-noise-budget
0.878125011920929,0.8375000357627869,0.8508687611818314,0.010291035895190268,20,500,21,1,0.23968848586082458,0.2950568608045578,0.021338964850531186,forced,19,naive,0,0.0,expC_intermediate,2,18,0.9,8,source-sep-noise-budget
0.9156250357627869,0.9000000357627869,0.8824625118970871,0.010629343609193041,20,500,21,1,0.1948077231645584,0.24628499314188956,0.018857928934604987,forced,20,naive,0,0.0,expC_intermediate,2,19,0.95,8,source-sep-noise-budget
0.84375,0.831250011920929,0.8099187622070313,0.010634059451544591,20,500,21,1,0.313340961933136,0.36338208651542664,0.0172702200539608,forced,21,naive,0,0.0,expC_intermediate,2,20,1.0,8,source-sep-noise-budget
0.84375,0.831250011920929,0.8099187622070313,0.010634059451544591,20,500,21,1,0.313340961933136,0.36338208651542664,0.0172702200539608,forced,22,naive,0,0.0,expC_intermediate,2,20,1.0,8,source-sep-noise-budget
0.84375,0.831250011920929,0.8099187622070313,0.010634059451544591,20,500,21,1,0.313340961933136,0.36338208651542664,0.0172702200539608,forced,23,naive,0,0.0,expC_intermediate,2,20,1.0,8,source-sep-noise-budget
0.84375,0.831250011920929,0.8099187622070313,0.010634059451544591,20,500,21,1,0.313340961933136,0.36338208651542664,0.0172702200539608,forced,31,naive,0,0.0,expC_intermediate,2,20,1.0,8,source-sep-noise-budget
0.84375,0.831250011920929,0.8099187622070313,0.010634059451544591,20,500,21,1,0.313340961933136,0.36338208651542664,0.0172702200539608,forced,41,naive,0,0.0,expC_intermediate,2,20,1.0,8,source-sep-noise-budget
0.3656249940395355,0.3125,0.3083500055670738,0.016342410402688495,20,500,26,6,1.541860818862915,1.6283595345020294,0.028145908752746866,forced,10,naive,5,0.25,expC_intermediate,2,4,0.2,8,source-sep-noise-budget
0.96875,0.953125,0.9488250106573105,0.005898408125974639,20,500,26,6,0.07358316332101822,0.11741696614027024,0.01666178495596252,forced,20,naive,5,0.25,expC_intermediate,2,14,0.7,8,source-sep-noise-budget
0.921875,0.893750011920929,0.8956625121831894,0.008599973416477447,20,500,26,6,0.18145006895065308,0.23734583801031112,0.021385673883373958,forced,24,naive,5,0.25,expC_intermediate,2,18,0.9,8,source-sep-noise-budget
0.9312500357627869,0.8843750357627869,0.9012062618732453,0.008597446183598808,20,500,26,6,0.15052460134029388,0.20312608647346497,0.018774116212831402,forced,25,naive,5,0.25,expC_intermediate,2,19,0.95,8,source-sep-noise-budget
0.96875,0.9468750357627869,0.949500010728836,0.005904841381234866,20,500,26,6,0.07210247218608856,0.11849924173951148,0.01754657073427875,forced,26,naive,5,0.25,expC_intermediate,2,20,1.0,8,source-sep-noise-budget
0.96875,0.9468750357627869,0.949500010728836,0.005904841381234866,20,500,26,6,0.07210247218608856,0.11849924173951148,0.01754657073427875,forced,27,naive,5,0.25,expC_intermediate,2,20,1.0,8,source-sep-noise-budget
0.96875,0.9468750357627869,0.949500010728836,0.005904841381234866,20,500,26,6,0.07210247218608856,0.11849924173951148,0.01754657073427875,forced,28,naive,5,0.25,expC_intermediate,2,20,1.0,8,source-sep-noise-budget
0.96875,0.9468750357627869,0.949500010728836,0.005904841381234866,20,500,26,6,0.07210247218608856,0.11849924173951148,0.01754657073427875,forced,36,naive,5,0.25,expC_intermediate,2,20,1.0,8,source-sep-noise-budget
0.96875,0.9468750357627869,0.949500010728836,0.005904841381234866,20,500,26,6,0.07210247218608856,0.11849924173951148,0.01754657073427875,forced,46,naive,5,0.25,expC_intermediate,2,20,1.0,8,source-sep-noise-budget
0.36250001192092896,0.3062500059604645,0.29058125627040865,0.016603665151962585,20,500,31,11,1.7107070684432983,1.768542222738266,0.020320339360665064,forced,10,naive,10,0.5,expC_intermediate,2,0,0.0,8,source-sep-noise-budget
0.753125011920929,0.7125000357627869,0.7181187635660171,0.012275004287478278,20,500,31,11,0.5681589245796204,0.6292638071775436,0.024150757147366423,forced,20,naive,10,0.5,expC_intermediate,2,9,0.45,8,source-sep-noise-budget
0.965624988079071,0.9468750357627869,0.9439062623977661,0.007843376485149017,20,500,31,11,0.08626540750265121,0.13822683930397034,0.02170882624569263,forced,29,naive,10,0.5,expC_intermediate,2,18,0.9,8,source-sep-noise-budget
0.96875,0.9468750357627869,0.9491125124692917,0.006964853402462049,20,500,31,11,0.06859928369522095,0.11097127558290959,0.016754220019556777,forced,30,naive,10,0.5,expC_intermediate,2,19,0.95,8,source-sep-noise-budget
1.0,0.996874988079071,0.9947187594175338,0.004309659059311451,20,500,31,11,0.004028355702757835,0.025819617968983948,0.016879355322645753,forced,31,naive,10,0.5,expC_intermediate,2,20,1.0,8,source-sep-noise-budget
1.0,0.996874988079071,0.9947187594175338,0.004309659059311451,20,500,31,11,0.004028355702757835,0.025819617968983948,0.016879355322645753,forced,32,naive,10,0.5,expC_intermediate,2,20,1.0,8,source-sep-noise-budget
1.0,0.996874988079071,0.9947187594175338,0.004309659059311451,20,500,31,11,0.004028355702757835,0.025819617968983948,0.016879355322645753,forced,33,naive,10,0.5,expC_intermediate,2,20,1.0,8,source-sep-noise-budget
1.0,0.996874988079071,0.9947187594175338,0.004309659059311451,20,500,31,11,0.004028355702757835,0.025819617968983948,0.016879355322645753,forced,41,naive,10,0.5,expC_intermediate,2,20,1.0,8,source-sep-noise-budget
1.0,0.996874988079071,0.9947187594175338,0.004309659059311451,20,500,31,11,0.004028355702757835,0.025819617968983948,0.016879355322645753,forced,51,naive,10,0.5,expC_intermediate,2,20,1.0,8,source-sep-noise-budget
0.15937499701976776,0.10000000149011612,0.11293125155568123,0.013225418042076132,20,500,36,16,2.613917112350464,2.6923256912231444,0.02403909956077737,forced,10,naive,15,0.75,expC_intermediate,2,0,0.0,8,source-sep-noise-budget
0.3656249940395355,0.3031249940395355,0.30682500553131103,0.016131219688261377,20,500,36,16,1.6185619831085205,1.700328150510788,0.03011120449628233,forced,20,naive,15,0.75,expC_intermediate,2,4,0.2,8,source-sep-noise-budget
0.8843750357627869,0.856249988079071,0.8517562628984451,0.01060022704819043,20,500,36,16,0.2338137924671173,0.2859160366952419,0.021454677120862492,forced,34,naive,15,0.75,expC_intermediate,2,18,0.9,8,source-sep-noise-budget
0.9312500357627869,0.903124988079071,0.9041562626361846,0.00897103679311237,20,500,36,16,0.14759841561317444,0.188246522128582,0.017924198867491147,forced,35,naive,15,0.75,expC_intermediate,2,19,0.95,8,source-sep-noise-budget
0.965624988079071,0.9468750357627869,0.9481812609434128,0.006431181798626736,20,500,36,16,0.07589860260486603,0.11321725907921791,0.019988948795000978,forced,36,naive,15,0.75,expC_intermediate,2,20,1.0,8,source-sep-noise-budget
0.965624988079071,0.9468750357627869,0.9481812609434128,0.006431181798626736,20,500,36,16,0.07589860260486603,0.11321725907921791,0.019988948795000978,forced,37,naive,15,0.75,expC_intermediate,2,20,1.0,8,source-sep-noise-budget
0.965624988079071,0.9468750357627869,0.9481812609434128,0.006431181798626736,20,500,36,16,0.07589860260486603,0.11321725907921791,0.019988948795000978,forced,38,naive,15,0.75,expC_intermediate,2,20,1.0,8,source-sep-noise-budget
0.965624988079071,0.9468750357627869,0.9481812609434128,0.006431181798626736,20,500,36,16,0.07589860260486603,0.11321725907921791,0.019988948795000978,forced,46,naive,15,0.75,expC_intermediate,2,20,1.0,8,source-sep-noise-budget
0.965624988079071,0.9468750357627869,0.9481812609434128,0.006431181798626736,20,500,36,16,0.07589860260486603,0.11321725907921791,0.019988948795000978,forced,56,naive,15,0.75,expC_intermediate,2,20,1.0,8,source-sep-noise-budget
0.10000000149011612,0.03125,0.049725000873208046,0.011947254073999807,20,500,41,21,2.980419158935547,2.9990915670394895,0.0045599075798623805,forced,10,naive,20,1.0,expC_intermediate,2,0,0.0,8,source-sep-noise-budget
0.34687501192092896,0.28437501192092896,0.2942062560319901,0.014790425553088724,20,500,41,21,1.7717430591583252,1.8356156454086303,0.02198320079311421,forced,20,naive,20,1.0,expC_intermediate,2,0,0.0,8,source-sep-noise-budget
0.840624988079071,0.8031250238418579,0.8053562611341476,0.012010819923502333,20,500,41,21,0.28930968046188354,0.3502524425387383,0.02038164517591831,forced,39,naive,20,1.0,expC_intermediate,2,18,0.9,8,source-sep-noise-budget
0.971875011920929,0.949999988079071,0.9499937599897385,0.006514702147209131,20,500,41,21,0.0709233433008194,0.10588853923976421,0.01561385453552237,forced,40,naive,20,1.0,expC_intermediate,2,19,0.95,8,source-sep-noise-budget
1.0,0.9937500357627869,0.9960625047683715,0.004065375656478441,20,500,41,21,0.0020609050989151,0.019257017566356806,0.014853716990521225,forced,41,naive,20,1.0,expC_intermediate,2,20,1.0,8,source-sep-noise-budget
1.0,0.9937500357627869,0.9960625047683715,0.004065375656478441,20,500,41,21,0.0020609050989151,0.019257017566356806,0.014853716990521225,forced,42,naive,20,1.0,expC_intermediate,2,20,1.0,8,source-sep-noise-budget
1.0,0.9937500357627869,0.9960625047683715,0.004065375656478441,20,500,41,21,0.0020609050989151,0.019257017566356806,0.014853716990521225,forced,43,naive,20,1.0,expC_intermediate,2,20,1.0,8,source-sep-noise-budget
1.0,0.9937500357627869,0.9960625047683715,0.004065375656478441,20,500,41,21,0.0020609050989151,0.019257017566356806,0.014853716990521225,forced,51,naive,20,1.0,expC_intermediate,2,20,1.0,8,source-sep-noise-budget
1.0,0.9937500357627869,0.9960625047683715,0.004065375656478441,20,500,41,21,0.0020609050989151,0.019257017566356806,0.014853716990521225,forced,61,naive,20,1.0,expC_intermediate,2,20,1.0,8,source-sep-noise-budget
0.59375,0.5531250238418579,0.5323812630772591,0.012908542118714507,40,500,21,1,0.9557649493217468,1.0166322129964829,0.02217706956017795,forced,10,naive,0,0.0,expC_intermediate,2,9,0.45,8,source-sep-noise-budget
0.887499988079071,0.862500011920929,0.849993762254715,0.010728355351556342,40,500,21,1,0.24524369835853577,0.29797089272737504,0.02084456410755937,forced,19,naive,0,0.0,expC_intermediate,2,18,0.9,8,source-sep-noise-budget
0.8125,0.78125,0.7637062608003616,0.01192956468265364,40,500,21,1,0.3839494585990906,0.4326303885579109,0.017626977705760317,forced,20,naive,0,0.0,expC_intermediate,2,19,0.95,8,source-sep-noise-budget
0.965624988079071,0.953125,0.9495562621355057,0.006282597807333555,40,500,21,1,0.06835583597421646,0.09533579564094544,0.01478364839239325,forced,21,naive,0,0.0,expC_intermediate,2,20,1.0,8,source-sep-noise-budget
0.965624988079071,0.953125,0.9495562621355057,0.006282597807333555,40,500,21,1,0.06835583597421646,0.09533579564094544,0.01478364839239325,forced,22,naive,0,0.0,expC_intermediate,2,20,1.0,8,source-sep-noise-budget
0.965624988079071,0.953125,0.9495562621355057,0.006282597807333555,40,500,21,1,0.06835583597421646,0.09533579564094544,0.01478364839239325,forced,23,naive,0,0.0,expC_intermediate,2,20,1.0,8,source-sep-noise-budget
0.965624988079071,0.953125,0.9495562621355057,0.006282597807333555,40,500,21,1,0.06835583597421646,0.09533579564094544,0.01478364839239325,forced,31,naive,0,0.0,expC_intermediate,2,20,1.0,8,source-sep-noise-budget
0.965624988079071,0.953125,0.9495562621355057,0.006282597807333555,40,500,21,1,0.06835583597421646,0.09533579564094544,0.01478364839239325,forced,41,naive,0,0.0,expC_intermediate,2,20,1.0,8,source-sep-noise-budget
0.3968749940395355,0.3218750059604645,0.3410062553882599,0.013223999800973484,40,500,31,11,1.7220960855484009,1.796605325460434,0.02246824409264327,forced,10,naive,10,0.25,expC_intermediate,2,0,0.0,8,source-sep-noise-budget
0.7562500238418579,0.734375,0.7173562617301941,0.01171399382686419,40,500,31,11,0.5607662200927734,0.6243182151317597,0.023418538813994732,forced,20,naive,10,0.25,expC_intermediate,2,9,0.45,8,source-sep-noise-budget
0.9625000357627869,0.9468750357627869,0.9459062622785568,0.006665779034148922,40,500,31,11,0.08575935661792755,0.1316745222210884,0.01854402932345824,forced,29,naive,10,0.25,expC_intermediate,2,18,0.9,8,source-sep-noise-budget
0.9750000238418579,0.956250011920929,0.9501937605142593,0.006592310875821232,40,500,31,11,0.07193111628293991,0.10581562699377536,0.015119718731839722,forced,30,naive,10,0.25,expC_intermediate,2,19,0.95,8,source-sep-noise-budget
1.0,0.996874988079071,0.9956187577247619,0.003928547060574153,40,500,31,11,0.00316672888584435,0.02160222473042086,0.014780760126879754,forced,31,naive,10,0.25,expC_intermediate,2,20,1.0,8,source-sep-noise-budget
1.0,0.996874988079071,0.9956187577247619,0.003928547060574153,40,500,31,11,0.00316672888584435,0.02160222473042086,0.014780760126879754,forced,32,naive,10,0.25,expC_intermediate,2,20,1.0,8,source-sep-noise-budget
1.0,0.996874988079071,0.9956187577247619,0.003928547060574153,40,500,31,11,0.00316672888584435,0.02160222473042086,0.014780760126879754,forced,33,naive,10,0.25,expC_intermediate,2,20,1.0,8,source-sep-noise-budget
1.0,0.996874988079071,0.9956187577247619,0.003928547060574153,40,500,31,11,0.00316672888584435,0.02160222473042086,0.014780760126879754,forced,41,naive,10,0.25,expC_intermediate,2,20,1.0,8,source-sep-noise-budget
1.0,0.996874988079071,0.9956187577247619,0.003928547060574153,40,500,31,11,0.00316672888584435,0.02160222473042086,0.014780760126879754,forced,51,naive,10,0.25,expC_intermediate,2,20,1.0,8,source-sep-noise-budget
0.09375,0.05000000074505806,0.0488062508162111,0.012342791290157366,40,500,41,21,2.981523275375366,2.9989303889274597,0.00466867826721912,forced,10,naive,20,0.5,expC_intermediate,2,0,0.0,8,source-sep-noise-budget
0.296875,0.23125000298023224,0.2500500048100948,0.015136019682246565,40,500,41,21,1.944636583328247,2.0130108513832092,0.02630584783694642,forced,20,naive,20,0.5,expC_intermediate,2,0,0.0,8,source-sep-noise-budget
0.965624988079071,0.956250011920929,0.9437250133752823,0.00750256249427593,40,500,41,21,0.08965329080820084,0.13762829925119877,0.02086219174512306,forced,39,naive,20,0.5,expC_intermediate,2,18,0.9,8,source-sep-noise-budget
0.96875,0.953125,0.9498750103712081,0.006074405002524199,40,500,41,21,0.07193483412265778,0.10627271497249603,0.014767036451958333,forced,40,naive,20,0.5,expC_intermediate,2,19,0.95,8,source-sep-noise-budget
1.0,0.996874988079071,0.9964812542200089,0.0038044451643828242,40,500,41,21,0.001948601915501058,0.017355448483256625,0.014058691910601833,forced,41,naive,20,0.5,expC_intermediate,2,20,1.0,8,source-sep-noise-budget
1.0,0.996874988079071,0.9964812542200089,0.0038044451643828242,40,500,41,21,0.001948601915501058,0.017355448483256625,0.014058691910601833,forced,42,naive,20,0.5,expC_intermediate,2,20,1.0,8,source-sep-noise-budget
1.0,0.996874988079071,0.9964812542200089,0.0038044451643828242,40,500,41,21,0.001948601915501058,0.017355448483256625,0.014058691910601833,forced,43,naive,20,0.5,expC_intermediate,2,20,1.0,8,source-sep-noise-budget
1.0,0.996874988079071,0.9964812542200089,0.0038044451643828242,40,500,41,21,0.001948601915501058,0.017355448483256625,0.014058691910601833,forced,51,naive,20,0.5,expC_intermediate,2,20,1.0,8,source-sep-noise-budget
1.0,0.996874988079071,0.9964812542200089,0.0038044451643828242,40,500,41,21,0.001948601915501058,0.017355448483256625,0.014058691910601833,forced,61,naive,20,0.5,expC_intermediate,2,20,1.0,8,source-sep-noise-budget
0.09375,0.046875,0.04962500103190541,0.012792515141220233,40,500,51,31,2.980923891067505,2.9994866700172422,0.00511983815174627,forced,10,naive,30,0.75,expC_intermediate,2,0,0.0,8,source-sep-noise-budget
0.09375,0.046875,0.04955000090226531,0.01248094821725171,40,500,51,31,2.9804623126983643,2.999135771751404,0.004852038309884003,forced,20,naive,30,0.75,expC_intermediate,2,0,0.0,8,source-sep-noise-budget
0.921875,0.909375011920929,0.8992312607765198,0.008888129661967382,40,500,51,31,0.15530672669410706,0.20049548968672753,0.018007389735625188,forced,49,naive,30,0.75,expC_intermediate,2,18,0.9,8,source-sep-noise-budget
0.9468750357627869,0.9437500238418579,0.9092687616348266,0.011199908224183758,40,500,51,31,0.12379328906536102,0.17663134205341338,0.01798288557074111,forced,50,naive,30,0.75,expC_intermediate,2,19,0.95,8,source-sep-noise-budget
1.0,1.0,0.9965750052928924,0.0035393665077487306,40,500,51,31,0.0024074732791632414,0.01797707025241107,0.014542520983889055,forced,51,naive,30,0.75,expC_intermediate,2,20,1.0,8,source-sep-noise-budget
1.0,1.0,0.9965750052928924,0.0035393665077487306,40,500,51,31,0.0024074732791632414,0.01797707025241107,0.014542520983889055,forced,52,naive,30,0.75,expC_intermediate,2,20,1.0,8,source-sep-noise-budget
1.0,1.0,0.9965750052928924,0.0035393665077487306,40,500,51,31,0.0024074732791632414,0.01797707025241107,0.014542520983889055,forced,53,naive,30,0.75,expC_intermediate,2,20,1.0,8,source-sep-noise-budget
1.0,1.0,0.9965750052928924,0.0035393665077487306,40,500,51,31,0.0024074732791632414,0.01797707025241107,0.014542520983889055,forced,61,naive,30,0.75,expC_intermediate,2,20,1.0,8,source-sep-noise-budget
1.0,1.0,0.9965750052928924,0.0035393665077487306,40,500,51,31,0.0024074732791632414,0.01797707025241107,0.014542520983889055,forced,71,naive,30,0.75,expC_intermediate,2,20,1.0,8,source-sep-noise-budget
0.10312499850988388,0.03750000149011612,0.048887500828132036,0.01275109695292834,40,500,61,41,2.9803948402404785,2.9984805479049683,0.004366804756772591,forced,10,naive,40,1.0,expC_intermediate,2,0,0.0,8,source-sep-noise-budget
0.09375,0.04374999925494194,0.04961875097826123,0.012814449796300172,40,500,61,41,2.9811062812805176,2.9990933384895326,0.004813339941131976,forced,20,naive,40,1.0,expC_intermediate,2,0,0.0,8,source-sep-noise-budget
0.8843750357627869,0.859375,0.8514687616825104,0.010707902366317395,40,500,61,41,0.22442679107189178,0.27497406101226807,0.02071707910835691,forced,59,naive,40,1.0,expC_intermediate,2,18,0.9,8,source-sep-noise-budget
0.940625011920929,0.940625011920929,0.9105562624931336,0.010480224669844877,40,500,61,41,0.12469968944787979,0.17680724813044071,0.01867165432250304,forced,60,naive,40,1.0,expC_intermediate,2,19,0.95,8,source-sep-noise-budget
0.9281250238418579,0.90625,0.9030437607765198,0.008021774795898372,40,500,61,41,0.14539362490177155,0.1818145841360092,0.015460800476740503,forced,61,naive,40,1.0,expC_intermediate,2,20,1.0,8,source-sep-noise-budget
0.9281250238418579,0.90625,0.9030437607765198,0.008021774795898372,40,500,61,41,0.14539362490177155,0.1818145841360092,0.015460800476740503,forced,62,naive,40,1.0,expC_intermediate,2,20,1.0,8,source-sep-noise-budget
0.9281250238418579,0.90625,0.9030437607765198,0.008021774795898372,40,500,61,41,0.14539362490177155,0.1818145841360092,0.015460800476740503,forced,63,naive,40,1.0,expC_intermediate,2,20,1.0,8,source-sep-noise-budget
0.9281250238418579,0.90625,0.9030437607765198,0.008021774795898372,40,500,61,41,0.14539362490177155,0.1818145841360092,0.015460800476740503,forced,71,naive,40,1.0,expC_intermediate,2,20,1.0,8,source-sep-noise-budget
0.9281250238418579,0.90625,0.9030437607765198,0.008021774795898372,40,500,61,41,0.14539362490177155,0.1818145841360092,0.015460800476740503,forced,81,naive,40,1.0,expC_intermediate,2,20,1.0,8,source-sep-noise-budget
0.5843750238418579,0.534375011920929,0.5289625130295753,0.015640047466063917,80,500,21,1,0.8743976354598999,0.950469557762146,0.024489422230746544,forced,10,naive,0,0.0,expC_intermediate,2,9,0.45,8,source-sep-noise-budget
0.75,0.731249988079071,0.7150125122070312,0.013009004391531622,80,500,21,1,0.5076775550842285,0.5526047765016556,0.020046834911285172,forced,19,naive,0,0.0,expC_intermediate,2,18,0.9,8,source-sep-noise-budget
0.71875,0.6625000238418579,0.669756261587143,0.013623822715219553,80,500,21,1,0.5600263476371765,0.6133457620143891,0.018324079629296358,forced,20,naive,0,0.0,expC_intermediate,2,19,0.95,8,source-sep-noise-budget
0.809374988079071,0.778124988079071,0.7651500104665756,0.011853969491656029,80,500,21,1,0.42527952790260315,0.47115846759080887,0.017495063689473764,forced,21,naive,0,0.0,expC_intermediate,2,20,1.0,8,source-sep-noise-budget
0.809374988079071,0.778124988079071,0.7651500104665756,0.011853969491656029,80,500,21,1,0.42527952790260315,0.47115846759080887,0.017495063689473764,forced,22,naive,0,0.0,expC_intermediate,2,20,1.0,8,source-sep-noise-budget
0.809374988079071,0.778124988079071,0.7651500104665756,0.011853969491656029,80,500,21,1,0.42527952790260315,0.47115846759080887,0.017495063689473764,forced,23,naive,0,0.0,expC_intermediate,2,20,1.0,8,source-sep-noise-budget
0.809374988079071,0.778124988079071,0.7651500104665756,0.011853969491656029,80,500,21,1,0.42527952790260315,0.47115846759080887,0.017495063689473764,forced,31,naive,0,0.0,expC_intermediate,2,20,1.0,8,source-sep-noise-budget
0.809374988079071,0.778124988079071,0.7651500104665756,0.011853969491656029,80,500,21,1,0.42527952790260315,0.47115846759080887,0.017495063689473764,forced,41,naive,0,0.0,expC_intermediate,2,20,1.0,8,source-sep-noise-budget
0.09375,0.03750000149011612,0.05014375086501241,0.01125862701324922,80,500,41,21,2.9777746200561523,2.998316819190979,0.0037628242109040053,forced,10,naive,20,0.25,expC_intermediate,2,0,0.0,8,source-sep-noise-budget
0.4312500059604645,0.37812501192092896,0.3841750061511993,0.013854680842349663,80,500,41,21,1.5814712047576904,1.637332349061966,0.02156372610896928,forced,20,naive,20,0.25,expC_intermediate,2,0,0.0,8,source-sep-noise-budget
0.965624988079071,0.9468750357627869,0.9431875113248825,0.008375698828203805,80,500,41,21,0.09784229099750519,0.1455690613090992,0.029077152118180447,forced,39,naive,20,0.25,expC_intermediate,2,18,0.9,8,source-sep-noise-budget
0.965624988079071,0.953125,0.9498187613487243,0.006470059466232835,80,500,41,21,0.0734076052904129,0.10786980344355106,0.01619006231375817,forced,40,naive,20,0.25,expC_intermediate,2,19,0.95,8,source-sep-noise-budget
1.0,0.9937500357627869,0.9963500046730042,0.003718315416999007,80,500,41,21,0.002377762459218502,0.019159566765651108,0.014341166697119902,forced,41,naive,20,0.25,expC_intermediate,2,20,1.0,8,source-sep-noise-budget
1.0,0.9937500357627869,0.9963500046730042,0.003718315416999007,80,500,41,21,0.002377762459218502,0.019159566765651108,0.014341166697119902,forced,42,naive,20,0.25,expC_intermediate,2,20,1.0,8,source-sep-noise-budget
1.0,0.9937500357627869,0.9963500046730042,0.003718315416999007,80,500,41,21,0.002377762459218502,0.019159566765651108,0.014341166697119902,forced,43,naive,20,0.25,expC_intermediate,2,20,1.0,8,source-sep-noise-budget
1.0,0.9937500357627869,0.9963500046730042,0.003718315416999007,80,500,41,21,0.002377762459218502,0.019159566765651108,0.014341166697119902,forced,51,naive,20,0.25,expC_intermediate,2,20,1.0,8,source-sep-noise-budget
1.0,0.9937500357627869,0.9963500046730042,0.003718315416999007,80,500,41,21,0.002377762459218502,0.019159566765651108,0.014341166697119902,forced,61,naive,20,0.25,expC_intermediate,2,20,1.0,8,source-sep-noise-budget
0.10000000149011612,0.03750000149011612,0.049537500903010366,0.012108758662091415,80,500,61,41,2.97812819480896,2.9981955094337462,0.003557977392633438,forced,10,naive,40,0.5,expC_intermediate,2,0,0.0,8,source-sep-noise-budget
0.10625000298023224,0.03750000149011612,0.04988750087842345,0.012544726453883,80,500,61,41,2.9775185585021973,2.9984539494514464,0.003842108889584935,forced,20,naive,40,0.5,expC_intermediate,2,0,0.0,8,source-sep-noise-budget
0.965624988079071,0.956250011920929,0.9440500116348267,0.0074232949091044866,80,500,61,41,0.09473217278718948,0.14136939032375812,0.01973732359057692,forced,59,naive,40,0.5,expC_intermediate,2,18,0.9,8,source-sep-noise-budget
0.971875011920929,0.953125,0.9497250127792358,0.0069007011815088734,80,500,61,41,0.07542824000120163,0.10872514568269252,0.016043077299031316,forced,60,naive,40,0.5,expC_intermediate,2,19,0.95,8,source-sep-noise-budget
1.0,1.0,0.9957562564611435,0.0041053372427621165,80,500,61,41,0.0034032720141112804,0.02132780949352309,0.016159496038706166,forced,61,naive,40,0.5,expC_intermediate,2,20,1.0,8,source-sep-noise-budget
1.0,1.0,0.9957562564611435,0.0041053372427621165,80,500,61,41,0.0034032720141112804,0.02132780949352309,0.016159496038706166,forced,62,naive,40,0.5,expC_intermediate,2,20,1.0,8,source-sep-noise-budget
1.0,1.0,0.9957562564611435,0.0041053372427621165,80,500,61,41,0.0034032720141112804,0.02132780949352309,0.016159496038706166,forced,63,naive,40,0.5,expC_intermediate,2,20,1.0,8,source-sep-noise-budget
1.0,1.0,0.9957562564611435,0.0041053372427621165,80,500,61,41,0.0034032720141112804,0.02132780949352309,0.016159496038706166,forced,71,naive,40,0.5,expC_intermediate,2,20,1.0,8,source-sep-noise-budget
1.0,1.0,0.9957562564611435,0.0041053372427621165,80,500,61,41,0.0034032720141112804,0.02132780949352309,0.016159496038706166,forced,81,naive,40,0.5,expC_intermediate,2,20,1.0,8,source-sep-noise-budget
0.09375,0.03437500074505806,0.050087500881403686,0.011647163210219965,80,500,81,61,2.9778378009796143,2.998313850402832,0.0037237548676407194,forced,10,naive,60,0.75,expC_intermediate,2,0,0.0,8,source-sep-noise-budget
0.10312499850988388,0.03437500074505806,0.05010625087469816,0.011641136518697442,80,500,81,61,2.9785892963409424,2.998590017795563,0.0038734366846890104,forced,20,naive,60,0.75,expC_intermediate,2,0,0.0,8,source-sep-noise-budget
0.9625000357627869,0.9593750238418579,0.9411625119447709,0.0084145606132234,80,500,81,61,0.098369300365448,0.15250259053707121,0.025313439831910173,forced,79,naive,60,0.75,expC_intermediate,2,18,0.9,8,source-sep-noise-budget
0.965624988079071,0.956250011920929,0.9485625110864639,0.0062596784077011275,80,500,81,61,0.07973384857177734,0.11239517152309418,0.015982750623834478,forced,80,naive,60,0.75,expC_intermediate,2,19,0.95,8,source-sep-noise-budget
1.0,0.996874988079071,0.9956875079870224,0.0037857570565528833,80,500,81,61,0.0036035075318068266,0.022200906606856734,0.015233236043423843,forced,81,naive,60,0.75,expC_intermediate,2,20,1.0,8,source-sep-noise-budget
1.0,0.996874988079071,0.9956875079870224,0.0037857570565528833,80,500,81,61,0.0036035075318068266,0.022200906606856734,0.015233236043423843,forced,82,naive,60,0.75,expC_intermediate,2,20,1.0,8,source-sep-noise-budget
1.0,0.996874988079071,0.9956875079870224,0.0037857570565528833,80,500,81,61,0.0036035075318068266,0.022200906606856734,0.015233236043423843,forced,83,naive,60,0.75,expC_intermediate,2,20,1.0,8,source-sep-noise-budget
1.0,0.996874988079071,0.9956875079870224,0.0037857570565528833,80,500,81,61,0.0036035075318068266,0.022200906606856734,0.015233236043423843,forced,91,naive,60,0.75,expC_intermediate,2,20,1.0,8,source-sep-noise-budget
1.0,0.996874988079071,0.9956875079870224,0.0037857570565528833,80,500,81,61,0.0036035075318068266,0.022200906606856734,0.015233236043423843,forced,101,naive,60,0.75,expC_intermediate,2,20,1.0,8,source-sep-noise-budget
0.10000000149011612,0.03750000149011612,0.049343750838190314,0.01148109023810008,80,500,101,81,2.979386568069458,2.998596228122711,0.003942182899813403,forced,10,naive,80,1.0,expC_intermediate,2,0,0.0,8,source-sep-noise-budget
0.09687500447034836,0.04062500223517418,0.05009375092387199,0.012032305394055302,80,500,101,81,2.978501319885254,2.9986328229904173,0.004069242758695264,forced,20,naive,80,1.0,expC_intermediate,2,0,0.0,8,source-sep-noise-budget
0.9281250238418579,0.909375011920929,0.8957562614679336,0.009277532445461433,80,500,101,81,0.16586139798164368,0.22163256826996802,0.02197919659254047,forced,99,naive,80,1.0,expC_intermediate,2,18,0.9,8,source-sep-noise-budget
0.9468750357627869,0.918749988079071,0.916850011229515,0.010744882477676318,80,500,101,81,0.12365535646677017,0.17248671866953372,0.019419409888681446,forced,100,naive,80,1.0,expC_intermediate,2,19,0.95,8,source-sep-noise-budget
1.0,0.9937500357627869,0.9948000067472458,0.005239476488685703,80,500,101,81,0.002353705931454897,0.02678122030897066,0.02525783685552436,forced,101,naive,80,1.0,expC_intermediate,2,20,1.0,8,source-sep-noise-budget
1.0,0.9937500357627869,0.9948000067472458,0.005239476488685703,80,500,101,81,0.002353705931454897,0.02678122030897066,0.02525783685552436,forced,102,naive,80,1.0,expC_intermediate,2,20,1.0,8,source-sep-noise-budget
1.0,0.9937500357627869,0.9948000067472458,0.005239476488685703,80,500,101,81,0.002353705931454897,0.02678122030897066,0.02525783685552436,forced,103,naive,80,1.0,expC_intermediate,2,20,1.0,8,source-sep-noise-budget
1.0,0.9937500357627869,0.9948000067472458,0.005239476488685703,80,500,101,81,0.002353705931454897,0.02678122030897066,0.02525783685552436,forced,111,naive,80,1.0,expC_intermediate,2,20,1.0,8,source-sep-noise-budget
1.0,0.9937500357627869,0.9948000067472458,0.005239476488685703,80,500,101,81,0.002353705931454897,0.02678122030897066,0.02525783685552436,forced,121,naive,80,1.0,expC_intermediate,2,20,1.0,8,source-sep-noise-budget
0.581250011920929,0.5218750238418579,0.5302250111699104,0.015222444999007755,20,500,21,1,0.8641624450683594,0.9336986938714981,0.025392014849025337,forced,10,naive,0,0.0,expC_intermediate,3,9,0.45,8,source-sep-noise-budget
0.890625,0.8531250357627869,0.8500062620639801,0.011168976987056179,20,500,21,1,0.24061313271522522,0.30018065932393073,0.023324937051492706,forced,19,naive,0,0.0,expC_intermediate,3,18,0.9,8,source-sep-noise-budget
0.925000011920929,0.8968750238418579,0.8986500121355057,0.009545008628532817,20,500,21,1,0.14326511323451996,0.18796654003858565,0.019738739658957942,forced,20,naive,0,0.0,expC_intermediate,3,19,0.95,8,source-sep-noise-budget
0.9312500357627869,0.909375011920929,0.9035250126123429,0.008342998787515774,20,500,21,1,0.1580296754837036,0.1982403739094734,0.017364031468100234,forced,21,naive,0,0.0,expC_intermediate,3,20,1.0,8,source-sep-noise-budget
0.9312500357627869,0.909375011920929,0.9035250126123429,0.008342998787515774,20,500,21,1,0.1580296754837036,0.1982403739094734,0.017364031468100234,forced,22,naive,0,0.0,expC_intermediate,3,20,1.0,8,source-sep-noise-budget
0.9312500357627869,0.909375011920929,0.9035250126123429,0.008342998787515774,20,500,21,1,0.1580296754837036,0.1982403739094734,0.017364031468100234,forced,23,naive,0,0.0,expC_intermediate,3,20,1.0,8,source-sep-noise-budget
0.9312500357627869,0.909375011920929,0.9035250126123429,0.008342998787515774,20,500,21,1,0.1580296754837036,0.1982403739094734,0.017364031468100234,forced,31,naive,0,0.0,expC_intermediate,3,20,1.0,8,source-sep-noise-budget
0.9312500357627869,0.909375011920929,0.9035250126123429,0.008342998787515774,20,500,21,1,0.1580296754837036,0.1982403739094734,0.017364031468100234,forced,41,naive,0,0.0,expC_intermediate,3,20,1.0,8,source-sep-noise-budget
0.3687500059604645,0.30000001192092896,0.3056437567472458,0.016042048282314866,20,500,26,6,1.515475869178772,1.6197605822086334,0.027268256038420514,forced,10,naive,5,0.25,expC_intermediate,3,4,0.2,8,source-sep-noise-budget
0.965624988079071,0.953125,0.9492187613248825,0.006075290287994716,20,500,26,6,0.0783139243721962,0.11388854180276393,0.015533010619911091,forced,20,naive,5,0.25,expC_intermediate,3,14,0.7,8,source-sep-noise-budget
0.921875,0.8968750238418579,0.8959125111103058,0.00909215849312688,20,500,26,6,0.1797761470079422,0.2411659000813961,0.02345951756775116,forced,24,naive,5,0.25,expC_intermediate,3,18,0.9,8,source-sep-noise-budget
0.925000011920929,0.903124988079071,0.9008500109910965,0.008967179006178895,20,500,26,6,0.16270026564598083,0.21270422890782356,0.02373764584319913,forced,25,naive,5,0.25,expC_intermediate,3,19,0.95,8,source-sep-noise-budget
0.965624988079071,0.9593750238418579,0.9483125114440918,0.006435069465609011,20,500,26,6,0.07945568859577179,0.11996376472711563,0.018275784842897044,forced,26,naive,5,0.25,expC_intermediate,3,20,1.0,8,source-sep-noise-budget
0.965624988079071,0.9593750238418579,0.9483125114440918,0.006435069465609011,20,500,26,6,0.07945568859577179,0.11996376472711563,0.018275784842897044,forced,27,naive,5,0.25,expC_intermediate,3,20,1.0,8,source-sep-noise-budget
0.965624988079071,0.9593750238418579,0.9483125114440918,0.006435069465609011,20,500,26,6,0.07945568859577179,0.11996376472711563,0.018275784842897044,forced,28,naive,5,0.25,expC_intermediate,3,20,1.0,8,source-sep-noise-budget
0.965624988079071,0.9593750238418579,0.9483125114440918,0.006435069465609011,20,500,26,6,0.07945568859577179,0.11996376472711563,0.018275784842897044,forced,36,naive,5,0.25,expC_intermediate,3,20,1.0,8,source-sep-noise-budget
0.965624988079071,0.9593750238418579,0.9483125114440918,0.006435069465609011,20,500,26,6,0.07945568859577179,0.11996376472711563,0.018275784842897044,forced,46,naive,5,0.25,expC_intermediate,3,20,1.0,8,source-sep-noise-budget
0.16250000894069672,0.10312499850988388,0.11440000160038472,0.013966455776214342,20,500,31,11,2.550962448120117,2.613607270717621,0.018091472990038916,forced,10,naive,10,0.5,expC_intermediate,3,0,0.0,8,source-sep-noise-budget
0.8031250238418579,0.762499988079071,0.7647625132799148,0.010652458021027994,20,500,31,11,0.49167004227638245,0.5634117711186409,0.022910873713973226,forced,20,naive,10,0.5,expC_intermediate,3,9,0.45,8,source-sep-noise-budget
0.921875,0.909375011920929,0.8947937633991242,0.009256778363746887,20,500,31,11,0.18340374529361725,0.2441693309545517,0.024946157726527654,forced,29,naive,10,0.5,expC_intermediate,3,18,0.9,8,source-sep-noise-budget
0.925000011920929,0.909375011920929,0.8993687629699707,0.008565690110638468,20,500,31,11,0.16099122166633606,0.2138853976726532,0.021711105469693112,forced,30,naive,10,0.5,expC_intermediate,3,19,0.95,8,source-sep-noise-budget
0.965624988079071,0.940625011920929,0.9474500107765198,0.006630703470793698,20,500,31,11,0.08684750646352768,0.12700381653010845,0.019220509602682612,forced,31,naive,10,0.5,expC_intermediate,3,20,1.0,8,source-sep-noise-budget
0.965624988079071,0.940625011920929,0.9474500107765198,0.006630703470793698,20,500,31,11,0.08684750646352768,0.12700381653010845,0.019220509602682612,forced,32,naive,10,0.5,expC_intermediate,3,20,1.0,8,source-sep-noise-budget
0.965624988079071,0.940625011920929,0.9474500107765198,0.006630703470793698,20,500,31,11,0.08684750646352768,0.12700381653010845,0.019220509602682612,forced,33,naive,10,0.5,expC_intermediate,3,20,1.0,8,source-sep-noise-budget
0.965624988079071,0.940625011920929,0.9474500107765198,0.006630703470793698,20,500,31,11,0.08684750646352768,0.12700381653010845,0.019220509602682612,forced,41,naive,10,0.5,expC_intermediate,3,20,1.0,8,source-sep-noise-budget
0.965624988079071,0.940625011920929,0.9474500107765198,0.006630703470793698,20,500,31,11,0.08684750646352768,0.12700381653010845,0.019220509602682612,forced,51,naive,10,0.5,expC_intermediate,3,20,1.0,8,source-sep-noise-budget
0.171875,0.11874999850988388,0.11336250165104866,0.013638691977675272,20,500,36,16,2.5994889736175537,2.6592538437843323,0.020645174571309138,forced,10,naive,15,0.75,expC_intermediate,3,0,0.0,8,source-sep-noise-budget
0.375,0.3343749940395355,0.3260812560915947,0.01650470029431506,20,500,36,16,1.5586763620376587,1.6682409315109252,0.027702258129274713,forced,20,naive,15,0.75,expC_intermediate,3,4,0.2,8,source-sep-noise-budget
0.8812500238418579,0.8531250357627869,0.8499437620639801,0.010731852664351059,20,500,36,16,0.23762953281402588,0.2926254839599133,0.02363610848649293,forced,34,naive,15,0.75,expC_intermediate,3,18,0.9,8,source-sep-noise-budget
0.8843750357627869,0.8500000238418579,0.853381262421608,0.010743491979398652,20,500,36,16,0.22760705649852753,0.27948355039954187,0.021911916888923404,forced,35,naive,15,0.75,expC_intermediate,3,19,0.95,8,source-sep-noise-budget
0.965624988079071,0.953125,0.9473437618017196,0.0064676908320681235,20,500,36,16,0.08791029453277588,0.12336784505844116,0.020072972930330186,forced,36,naive,15,0.75,expC_intermediate,3,20,1.0,8,source-sep-noise-budget
0.965624988079071,0.953125,0.9473437618017196,0.0064676908320681235,20,500,36,16,0.08791029453277588,0.12336784505844116,0.020072972930330186,forced,37,naive,15,0.75,expC_intermediate,3,20,1.0,8,source-sep-noise-budget
0.965624988079071,0.953125,0.9473437618017196,0.0064676908320681235,20,500,36,16,0.08791029453277588,0.12336784505844116,0.020072972930330186,forced,38,naive,15,0.75,expC_intermediate,3,20,1.0,8,source-sep-noise-budget
0.965624988079071,0.953125,0.9473437618017196,0.0064676908320681235,20,500,36,16,0.08791029453277588,0.12336784505844116,0.020072972930330186,forced,46,naive,15,0.75,expC_intermediate,3,20,1.0,8,source-sep-noise-budget
0.965624988079071,0.953125,0.9473437618017196,0.0064676908320681235,20,500,36,16,0.08791029453277588,0.12336784505844116,0.020072972930330186,forced,56,naive,15,0.75,expC_intermediate,3,20,1.0,8,source-sep-noise-budget
0.09062500298023224,0.03437500074505806,0.049925000857561824,0.011702457211425682,20,500,41,21,2.968966245651245,2.998212562561035,0.003785516794775245,forced,10,naive,20,1.0,expC_intermediate,3,0,0.0,8,source-sep-noise-budget
0.17812500894069672,0.109375,0.1144875016361475,0.013225620417178082,20,500,41,21,2.552917242050171,2.618354892730713,0.018628465166848306,forced,20,naive,20,1.0,expC_intermediate,3,0,0.0,8,source-sep-noise-budget
0.8843750357627869,0.859375,0.8518187627792358,0.010716188081425807,20,500,41,21,0.23155531287193298,0.288622604906559,0.023474000352217108,forced,39,naive,20,1.0,expC_intermediate,3,18,0.9,8,source-sep-noise-budget
0.887499988079071,0.862500011920929,0.8550750117301941,0.00985967259976478,20,500,41,21,0.21584013104438782,0.2722221735417843,0.01932647215637222,forced,40,naive,20,1.0,expC_intermediate,3,19,0.95,8,source-sep-noise-budget
0.965624988079071,0.949999988079071,0.9496875107288361,0.005664786443839888,20,500,41,21,0.07034947723150253,0.10438674065470696,0.0141838796380798,forced,41,naive,20,1.0,expC_intermediate,3,20,1.0,8,source-sep-noise-budget
0.965624988079071,0.949999988079071,0.9496875107288361,0.005664786443839888,20,500,41,21,0.07034947723150253,0.10438674065470696,0.0141838796380798,forced,42,naive,20,1.0,expC_intermediate,3,20,1.0,8,source-sep-noise-budget
0.965624988079071,0.949999988079071,0.9496875107288361,0.005664786443839888,20,500,41,21,0.07034947723150253,0.10438674065470696,0.0141838796380798,forced,43,naive,20,1.0,expC_intermediate,3,20,1.0,8,source-sep-noise-budget
0.965624988079071,0.949999988079071,0.9496875107288361,0.005664786443839888,20,500,41,21,0.07034947723150253,0.10438674065470696,0.0141838796380798,forced,51,naive,20,1.0,expC_intermediate,3,20,1.0,8,source-sep-noise-budget
0.965624988079071,0.949999988079071,0.9496875107288361,0.005664786443839888,20,500,41,21,0.07034947723150253,0.10438674065470696,0.0141838796380798,forced,61,naive,20,1.0,expC_intermediate,3,20,1.0,8,source-sep-noise-budget
0.5843750238418579,0.5625,0.5256500115394592,0.01599094398252783,40,500,21,1,0.8660238981246948,0.9310774353742599,0.024793609155982346,forced,10,naive,0,0.0,expC_intermediate,3,9,0.45,8,source-sep-noise-budget
0.9281250238418579,0.893750011920929,0.8935187621116638,0.009733020901510257,40,500,21,1,0.1596696674823761,0.21675976729393007,0.02332860779941553,forced,19,naive,0,0.0,expC_intermediate,3,18,0.9,8,source-sep-noise-budget
0.925000011920929,0.90625,0.9007875130176545,0.009389829273959975,40,500,21,1,0.14031171798706055,0.18345331084728242,0.018706858306454452,forced,20,naive,0,0.0,expC_intermediate,3,19,0.95,8,source-sep-noise-budget
0.96875,0.9593750238418579,0.9488187621831894,0.006506542935313055,40,500,21,1,0.06993510574102402,0.10507636429369449,0.01637387316981083,forced,21,naive,0,0.0,expC_intermediate,3,20,1.0,8,source-sep-noise-budget
0.96875,0.9593750238418579,0.9488187621831894,0.006506542935313055,40,500,21,1,0.06993510574102402,0.10507636429369449,0.01637387316981083,forced,22,naive,0,0.0,expC_intermediate,3,20,1.0,8,source-sep-noise-budget
0.96875,0.9593750238418579,0.9488187621831894,0.006506542935313055,40,500,21,1,0.06993510574102402,0.10507636429369449,0.01637387316981083,forced,23,naive,0,0.0,expC_intermediate,3,20,1.0,8,source-sep-noise-budget
0.96875,0.9593750238418579,0.9488187621831894,0.006506542935313055,40,500,21,1,0.06993510574102402,0.10507636429369449,0.01637387316981083,forced,31,naive,0,0.0,expC_intermediate,3,20,1.0,8,source-sep-noise-budget
0.96875,0.9593750238418579,0.9488187621831894,0.006506542935313055,40,500,21,1,0.06993510574102402,0.10507636429369449,0.01637387316981083,forced,41,naive,0,0.0,expC_intermediate,3,20,1.0,8,source-sep-noise-budget
0.3187499940395355,0.2906250059604645,0.25751875510811806,0.016692639728782883,40,500,31,11,1.8495826721191406,1.9360050356388092,0.027477252224778745,forced,10,naive,10,0.25,expC_intermediate,3,0,0.0,8,source-sep-noise-budget
0.800000011920929,0.7593750357627869,0.7650500121116638,0.010640678679110576,40,500,31,11,0.4971209466457367,0.5715574126839638,0.026145139118393022,forced,20,naive,10,0.25,expC_intermediate,3,9,0.45,8,source-sep-noise-budget
0.9625000357627869,0.949999988079071,0.9435437626838684,0.007586507990861788,40,500,31,11,0.08641961216926575,0.14085145004093647,0.021680296396854946,forced,29,naive,10,0.25,expC_intermediate,3,18,0.9,8,source-sep-noise-budget
0.9781250357627869,0.9468750357627869,0.9485312613248825,0.006313040130140563,40,500,31,11,0.07845733314752579,0.11418015506863594,0.016504258813871957,forced,30,naive,10,0.25,expC_intermediate,3,19,0.95,8,source-sep-noise-budget
1.0,0.9937500357627869,0.9965062546730041,0.0036337036735053212,40,500,31,11,0.0018306002020835876,0.01857745008217171,0.014766017553045341,forced,31,naive,10,0.25,expC_intermediate,3,20,1.0,8,source-sep-noise-budget
1.0,0.9937500357627869,0.9965062546730041,0.0036337036735053212,40,500,31,11,0.0018306002020835876,0.01857745008217171,0.014766017553045341,forced,32,naive,10,0.25,expC_intermediate,3,20,1.0,8,source-sep-noise-budget
1.0,0.9937500357627869,0.9965062546730041,0.0036337036735053212,40,500,31,11,0.0018306002020835876,0.01857745008217171,0.014766017553045341,forced,33,naive,10,0.25,expC_intermediate,3,20,1.0,8,source-sep-noise-budget
1.0,0.9937500357627869,0.9965062546730041,0.0036337036735053212,40,500,31,11,0.0018306002020835876,0.01857745008217171,0.014766017553045341,forced,41,naive,10,0.25,expC_intermediate,3,20,1.0,8,source-sep-noise-budget
1.0,0.9937500357627869,0.9965062546730041,0.0036337036735053212,40,500,31,11,0.0018306002020835876,0.01857745008217171,0.014766017553045341,forced,51,naive,10,0.25,expC_intermediate,3,20,1.0,8,source-sep-noise-budget
0.09687500447034836,0.0625,0.049618750980123874,0.011920601819949517,40,500,41,21,2.9779982566833496,2.9983132371902466,0.0040109657913210235,forced,10,naive,20,0.5,expC_intermediate,3,0,0.0,8,source-sep-noise-budget
0.16250000894069672,0.10312499850988388,0.11470000158250332,0.01284537886552693,40,500,41,21,2.568539619445801,2.6220107135772706,0.01807687099086837,forced,20,naive,20,0.5,expC_intermediate,3,0,0.0,8,source-sep-noise-budget
0.965624988079071,0.9437500238418579,0.9427125108242035,0.0077571633526020015,40,500,41,21,0.09873656928539276,0.14732525016367434,0.022132866006697602,forced,39,naive,20,0.5,expC_intermediate,3,18,0.9,8,source-sep-noise-budget
0.96875,0.953125,0.9474187613725662,0.006860580875655733,40,500,41,21,0.07950876653194427,0.11832009589672089,0.017320878461547694,forced,40,naive,20,0.5,expC_intermediate,3,19,0.95,8,source-sep-noise-budget
1.0,0.996874988079071,0.9958000061511993,0.0037935700231353587,40,500,41,21,0.003055236069485545,0.022665104097686708,0.016582416282605678,forced,41,naive,20,0.5,expC_intermediate,3,20,1.0,8,source-sep-noise-budget
1.0,0.996874988079071,0.9958000061511993,0.0037935700231353587,40,500,41,21,0.003055236069485545,0.022665104097686708,0.016582416282605678,forced,42,naive,20,0.5,expC_intermediate,3,20,1.0,8,source-sep-noise-budget
1.0,0.996874988079071,0.9958000061511993,0.0037935700231353587,40,500,41,21,0.003055236069485545,0.022665104097686708,0.016582416282605678,forced,43,naive,20,0.5,expC_intermediate,3,20,1.0,8,source-sep-noise-budget
1.0,0.996874988079071,0.9958000061511993,0.0037935700231353587,40,500,41,21,0.003055236069485545,0.022665104097686708,0.016582416282605678,forced,51,naive,20,0.5,expC_intermediate,3,20,1.0,8,source-sep-noise-budget
1.0,0.996874988079071,0.9958000061511993,0.0037935700231353587,40,500,41,21,0.003055236069485545,0.022665104097686708,0.016582416282605678,forced,61,naive,20,0.5,expC_intermediate,3,20,1.0,8,source-sep-noise-budget
0.09687500447034836,0.05937499925494194,0.04959375087544322,0.011965567696612337,40,500,51,31,2.979311943054199,2.9981535391807554,0.0038224591226411644,forced,10,naive,30,0.75,expC_intermediate,3,0,0.0,8,source-sep-noise-budget
0.10000000149011612,0.05312500149011612,0.04988750087469816,0.011748796716201644,40,500,51,31,2.9794647693634033,2.9985396528244017,0.004160936033449786,forced,20,naive,30,0.75,expC_intermediate,3,0,0.0,8,source-sep-noise-budget
0.965624988079071,0.934374988079071,0.9326812617778778,0.01202058645436021,40,500,51,31,0.10781283676624298,0.17591693982481957,0.03387949581043882,forced,49,naive,30,0.75,expC_intermediate,3,18,0.9,8,source-sep-noise-budget
0.96875,0.9437500238418579,0.947831261754036,0.006795247499668512,40,500,51,31,0.07477343082427979,0.11830598597228527,0.019301651463294444,forced,50,naive,30,0.75,expC_intermediate,3,19,0.95,8,source-sep-noise-budget
1.0,0.987500011920929,0.9949000083208084,0.00416993581705138,40,500,51,31,0.0038327041547745466,0.02387608353374526,0.015825576107044173,forced,51,naive,30,0.75,expC_intermediate,3,20,1.0,8,source-sep-noise-budget
1.0,0.987500011920929,0.9949000083208084,0.00416993581705138,40,500,51,31,0.0038327041547745466,0.02387608353374526,0.015825576107044173,forced,52,naive,30,0.75,expC_intermediate,3,20,1.0,8,source-sep-noise-budget
1.0,0.987500011920929,0.9949000083208084,0.00416993581705138,40,500,51,31,0.0038327041547745466,0.02387608353374526,0.015825576107044173,forced,53,naive,30,0.75,expC_intermediate,3,20,1.0,8,source-sep-noise-budget
1.0,0.987500011920929,0.9949000083208084,0.00416993581705138,40,500,51,31,0.0038327041547745466,0.02387608353374526,0.015825576107044173,forced,61,naive,30,0.75,expC_intermediate,3,20,1.0,8,source-sep-noise-budget
1.0,0.987500011920929,0.9949000083208084,0.00416993581705138,40,500,51,31,0.0038327041547745466,0.02387608353374526,0.015825576107044173,forced,71,naive,30,0.75,expC_intermediate,3,20,1.0,8,source-sep-noise-budget
0.09687500447034836,0.046875,0.049381250951439144,0.011918832200531849,40,500,61,41,2.978951930999756,2.9980225973129273,0.0038193671727437604,forced,10,naive,40,1.0,expC_intermediate,3,0,0.0,8,source-sep-noise-budget
0.09375,0.05312500149011612,0.04996250081434846,0.011537919944756572,40,500,61,41,2.981194019317627,2.998542481422424,0.004224934689882943,forced,20,naive,40,1.0,expC_intermediate,3,0,0.0,8,source-sep-noise-budget
0.890625,0.8687500357627869,0.8575812623500824,0.009476802171897416,40,500,61,41,0.23335126042366028,0.27942811241745946,0.016368061321832144,forced,59,naive,40,1.0,expC_intermediate,3,18,0.9,8,source-sep-noise-budget
0.96875,0.9437500238418579,0.9426500109434128,0.019100906747065553,40,500,61,41,0.07296080887317657,0.11992529837787151,0.039241350925720744,forced,60,naive,40,1.0,expC_intermediate,3,19,0.95,8,source-sep-noise-budget
1.0,0.996874988079071,0.9961562547683716,0.003725300601261037,40,500,61,41,0.0033973921090364456,0.019347791730891913,0.013427825801088101,forced,61,naive,40,1.0,expC_intermediate,3,20,1.0,8,source-sep-noise-budget
1.0,0.996874988079071,0.9961562547683716,0.003725300601261037,40,500,61,41,0.0033973921090364456,0.019347791730891913,0.013427825801088101,forced,62,naive,40,1.0,expC_intermediate,3,20,1.0,8,source-sep-noise-budget
1.0,0.996874988079071,0.9961562547683716,0.003725300601261037,40,500,61,41,0.0033973921090364456,0.019347791730891913,0.013427825801088101,forced,63,naive,40,1.0,expC_intermediate,3,20,1.0,8,source-sep-noise-budget
1.0,0.996874988079071,0.9961562547683716,0.003725300601261037,40,500,61,41,0.0033973921090364456,0.019347791730891913,0.013427825801088101,forced,71,naive,40,1.0,expC_intermediate,3,20,1.0,8,source-sep-noise-budget
1.0,0.996874988079071,0.9961562547683716,0.003725300601261037,40,500,61,41,0.0033973921090364456,0.019347791730891913,0.013427825801088101,forced,81,naive,40,1.0,expC_intermediate,3,20,1.0,8,source-sep-noise-budget
0.628125011920929,0.5875000357627869,0.577743761062622,0.016178664891138773,80,500,21,1,0.825110912322998,0.9100681749582291,0.028378873306345708,forced,10,naive,0,0.0,expC_intermediate,3,9,0.45,8,source-sep-noise-budget
0.7250000238418579,0.6781250238418579,0.6691187633275986,0.012808716801467196,80,500,21,1,0.6159528493881226,0.6849244165420533,0.020552513449675566,forced,19,naive,0,0.0,expC_intermediate,3,18,0.9,8,source-sep-noise-budget
0.784375011920929,0.7281250357627869,0.725643761754036,0.014250672947465019,80,500,21,1,0.49084335565567017,0.5449924178719521,0.018841557158627665,forced,20,naive,0,0.0,expC_intermediate,3,19,0.95,8,source-sep-noise-budget
0.971875011920929,0.953125,0.9507250102758408,0.005960624765939987,80,500,21,1,0.06438411772251129,0.0916578747332096,0.011878999795910377,forced,21,naive,0,0.0,expC_intermediate,3,20,1.0,8,source-sep-noise-budget
0.971875011920929,0.953125,0.9507250102758408,0.005960624765939987,80,500,21,1,0.06438411772251129,0.0916578747332096,0.011878999795910377,forced,22,naive,0,0.0,expC_intermediate,3,20,1.0,8,source-sep-noise-budget
0.971875011920929,0.953125,0.9507250102758408,0.005960624765939987,80,500,21,1,0.06438411772251129,0.0916578747332096,0.011878999795910377,forced,23,naive,0,0.0,expC_intermediate,3,20,1.0,8,source-sep-noise-budget
0.971875011920929,0.953125,0.9507250102758408,0.005960624765939987,80,500,21,1,0.06438411772251129,0.0916578747332096,0.011878999795910377,forced,31,naive,0,0.0,expC_intermediate,3,20,1.0,8,source-sep-noise-budget
0.971875011920929,0.953125,0.9507250102758408,0.005960624765939987,80,500,21,1,0.06438411772251129,0.0916578747332096,0.011878999795910377,forced,41,naive,0,0.0,expC_intermediate,3,20,1.0,8,source-sep-noise-budget
0.09375,0.05000000074505806,0.050000000916421414,0.011350248106863857,80,500,41,21,2.977956771850586,2.997897976398468,0.003947582277500446,forced,10,naive,20,0.25,expC_intermediate,3,0,0.0,8,source-sep-noise-budget
0.16875000298023224,0.109375,0.11440625171363354,0.012535068292070278,80,500,41,21,2.5753631591796875,2.6177131223678587,0.017237801697729847,forced,20,naive,20,0.25,expC_intermediate,3,0,0.0,8,source-sep-noise-budget
0.965624988079071,0.953125,0.9452937630414963,0.0066599632133186185,80,500,41,21,0.0961889997124672,0.1367445393204689,0.019755314416047186,forced,39,naive,20,0.25,expC_intermediate,3,18,0.9,8,source-sep-noise-budget
0.96875,0.949999988079071,0.9482437613010406,0.006418169795166657,80,500,41,21,0.07824500650167465,0.11509476035833359,0.018319567424802386,forced,40,naive,20,0.25,expC_intermediate,3,19,0.95,8,source-sep-noise-budget
1.0,0.9937500357627869,0.9969750025272369,0.0034896196859550113,80,500,41,21,0.0016624827403575182,0.01681539840064943,0.014621647927252946,forced,41,naive,20,0.25,expC_intermediate,3,20,1.0,8,source-sep-noise-budget
1.0,0.9937500357627869,0.9969750025272369,0.0034896196859550113,80,500,41,21,0.0016624827403575182,0.01681539840064943,0.014621647927252946,forced,42,naive,20,0.25,expC_intermediate,3,20,1.0,8,source-sep-noise-budget
1.0,0.9937500357627869,0.9969750025272369,0.0034896196859550113,80,500,41,21,0.0016624827403575182,0.01681539840064943,0.014621647927252946,forced,43,naive,20,0.25,expC_intermediate,3,20,1.0,8,source-sep-noise-budget
1.0,0.9937500357627869,0.9969750025272369,0.0034896196859550113,80,500,41,21,0.0016624827403575182,0.01681539840064943,0.014621647927252946,forced,51,naive,20,0.25,expC_intermediate,3,20,1.0,8,source-sep-noise-budget
1.0,0.9937500357627869,0.9969750025272369,0.0034896196859550113,80,500,41,21,0.0016624827403575182,0.01681539840064943,0.014621647927252946,forced,61,naive,20,0.25,expC_intermediate,3,20,1.0,8,source-sep-noise-budget
0.09375,0.05312500149011612,0.05021250083297491,0.011493619297307025,80,500,61,41,2.9791502952575684,2.9980457501411437,0.004119105985647096,forced,10,naive,40,0.5,expC_intermediate,3,0,0.0,8,source-sep-noise-budget
0.09375,0.046875,0.04987500100955367,0.011638433328305466,80,500,61,41,2.978522539138794,2.998166416168213,0.004284684928646682,forced,20,naive,40,0.5,expC_intermediate,3,0,0.0,8,source-sep-noise-budget
0.9625000357627869,0.956250011920929,0.945462512254715,0.006696325365568566,80,500,61,41,0.09177055209875107,0.1340096023529768,0.017786083906973713,forced,59,naive,40,0.5,expC_intermediate,3,18,0.9,8,source-sep-noise-budget
0.96875,0.9625000357627869,0.9497687602043152,0.005762657768386518,80,500,61,41,0.0769696980714798,0.10684731867909432,0.014829621383106964,forced,60,naive,40,0.5,expC_intermediate,3,19,0.95,8,source-sep-noise-budget
1.0,1.0,0.9970875034332275,0.0031302611587048206,80,500,61,41,0.002417719690129161,0.015705557718873026,0.012480327879588658,forced,61,naive,40,0.5,expC_intermediate,3,20,1.0,8,source-sep-noise-budget
1.0,1.0,0.9970875034332275,0.0031302611587048206,80,500,61,41,0.002417719690129161,0.015705557718873026,0.012480327879588658,forced,62,naive,40,0.5,expC_intermediate,3,20,1.0,8,source-sep-noise-budget
1.0,1.0,0.9970875034332275,0.0031302611587048206,80,500,61,41,0.002417719690129161,0.015705557718873026,0.012480327879588658,forced,63,naive,40,0.5,expC_intermediate,3,20,1.0,8,source-sep-noise-budget
1.0,1.0,0.9970875034332275,0.0031302611587048206,80,500,61,41,0.002417719690129161,0.015705557718873026,0.012480327879588658,forced,71,naive,40,0.5,expC_intermediate,3,20,1.0,8,source-sep-noise-budget
1.0,1.0,0.9970875034332275,0.0031302611587048206,80,500,61,41,0.002417719690129161,0.015705557718873026,0.012480327879588658,forced,81,naive,40,0.5,expC_intermediate,3,20,1.0,8,source-sep-noise-budget
0.09687500447034836,0.05312500149011612,0.05048750097304583,0.011925740611002197,80,500,81,61,2.978842258453369,2.9982232537269593,0.004315868279484807,forced,10,naive,60,0.75,expC_intermediate,3,0,0.0,8,source-sep-noise-budget
0.09687500447034836,0.04374999925494194,0.050162500895559785,0.011766484610509649,80,500,81,61,2.9787142276763916,2.9981818013191224,0.004255515856923008,forced,20,naive,60,0.75,expC_intermediate,3,0,0.0,8,source-sep-noise-budget
0.96875,0.949999988079071,0.9423187634944916,0.00823260245097647,80,500,81,61,0.09540613740682602,0.14808374218642711,0.02229023198813394,forced,79,naive,60,0.75,expC_intermediate,3,18,0.9,8,source-sep-noise-budget
0.96875,0.9593750238418579,0.949831260561943,0.00604272073223095,80,500,81,61,0.0775727778673172,0.10666414745151996,0.01504762466344546,forced,80,naive,60,0.75,expC_intermediate,3,19,0.95,8,source-sep-noise-budget
1.0,1.0,0.9940312585830688,0.004923134082667821,80,500,81,61,0.0034269788302481174,0.027830145651474594,0.017426144046624112,forced,81,naive,60,0.75,expC_intermediate,3,20,1.0,8,source-sep-noise-budget
1.0,1.0,0.9940312585830688,0.004923134082667821,80,500,81,61,0.0034269788302481174,0.027830145651474594,0.017426144046624112,forced,82,naive,60,0.75,expC_intermediate,3,20,1.0,8,source-sep-noise-budget
1.0,1.0,0.9940312585830688,0.004923134082667821,80,500,81,61,0.0034269788302481174,0.027830145651474594,0.017426144046624112,forced,83,naive,60,0.75,expC_intermediate,3,20,1.0,8,source-sep-noise-budget
1.0,1.0,0.9940312585830688,0.004923134082667821,80,500,81,61,0.0034269788302481174,0.027830145651474594,0.017426144046624112,forced,91,naive,60,0.75,expC_intermediate,3,20,1.0,8,source-sep-noise-budget
1.0,1.0,0.9940312585830688,0.004923134082667821,80,500,81,61,0.0034269788302481174,0.027830145651474594,0.017426144046624112,forced,101,naive,60,0.75,expC_intermediate,3,20,1.0,8,source-sep-noise-budget
0.09687500447034836,0.05625000223517418,0.050306250892579556,0.01162415847933597,80,500,101,81,2.978656768798828,2.9979779062271117,0.004039799846812373,forced,10,naive,80,1.0,expC_intermediate,3,0,0.0,8,source-sep-noise-budget
0.09375,0.03750000149011612,0.05018125092610717,0.01171047060070639,80,500,101,81,2.9808108806610107,2.998023923397064,0.004043859887631025,forced,20,naive,80,1.0,expC_intermediate,3,0,0.0,8,source-sep-noise-budget
0.893750011920929,0.8687500357627869,0.858112510919571,0.008940332461216985,80,500,101,81,0.2239009588956833,0.275999426394701,0.01569613025344442,forced,99,naive,80,1.0,expC_intermediate,3,18,0.9,8,source-sep-noise-budget
0.925000011920929,0.9000000357627869,0.9031437618732452,0.008181272061010271,80,500,101,81,0.1478702276945114,0.18552763509750367,0.016359685061703905,forced,100,naive,80,1.0,expC_intermediate,3,19,0.95,8,source-sep-noise-budget
1.0,1.0,0.9957625074386597,0.004166055438203277,80,500,101,81,0.002473808592185378,0.0220774251925759,0.017469091138526235,forced,101,naive,80,1.0,expC_intermediate,3,20,1.0,8,source-sep-noise-budget
1.0,1.0,0.9957625074386597,0.004166055438203277,80,500,101,81,0.002473808592185378,0.0220774251925759,0.017469091138526235,forced,102,naive,80,1.0,expC_intermediate,3,20,1.0,8,source-sep-noise-budget
1.0,1.0,0.9957625074386597,0.004166055438203277,80,500,101,81,0.002473808592185378,0.0220774251925759,0.017469091138526235,forced,103,naive,80,1.0,expC_intermediate,3,20,1.0,8,source-sep-noise-budget
1.0,1.0,0.9957625074386597,0.004166055438203277,80,500,101,81,0.002473808592185378,0.0220774251925759,0.017469091138526235,forced,111,naive,80,1.0,expC_intermediate,3,20,1.0,8,source-sep-noise-budget
1.0,1.0,0.9957625074386597,0.004166055438203277,80,500,101,81,0.002473808592185378,0.0220774251925759,0.017469091138526235,forced,121,naive,80,1.0,expC_intermediate,3,20,1.0,8,source-sep-noise-budget
0.5875000357627869,0.546875,0.5333562611341477,0.014323182883401767,20,500,21,1,0.9416533708572388,1.0178174023628235,0.026187948529581704,forced,10,naive,0,0.0,expC_intermediate,4,9,0.45,8,source-sep-noise-budget
0.9281250238418579,0.8843750357627869,0.8939437623023987,0.010891043288476863,20,500,21,1,0.1612357199192047,0.2188954686820507,0.02441281389863138,forced,19,naive,0,0.0,expC_intermediate,4,18,0.9,8,source-sep-noise-budget
0.984375,0.965624988079071,0.9446250116825103,0.017413176676193066,20,500,21,1,0.0551556833088398,0.12602685829252006,0.035701905013282846,forced,20,naive,0,0.0,expC_intermediate,4,19,0.95,8,source-sep-noise-budget
0.9750000238418579,0.9750000238418579,0.9508625124692917,0.007283209618042718,20,500,21,1,0.05696365237236023,0.09886526447534562,0.015535073084159651,forced,21,naive,0,0.0,expC_intermediate,4,20,1.0,8,source-sep-noise-budget
0.9750000238418579,0.9750000238418579,0.9508625124692917,0.007283209618042718,20,500,21,1,0.05696365237236023,0.09886526447534562,0.015535073084159651,forced,22,naive,0,0.0,expC_intermediate,4,20,1.0,8,source-sep-noise-budget
0.9750000238418579,0.9750000238418579,0.9508625124692917,0.007283209618042718,20,500,21,1,0.05696365237236023,0.09886526447534562,0.015535073084159651,forced,23,naive,0,0.0,expC_intermediate,4,20,1.0,8,source-sep-noise-budget
0.9750000238418579,0.9750000238418579,0.9508625124692917,0.007283209618042718,20,500,21,1,0.05696365237236023,0.09886526447534562,0.015535073084159651,forced,31,naive,0,0.0,expC_intermediate,4,20,1.0,8,source-sep-noise-budget
0.9750000238418579,0.9750000238418579,0.9508625124692917,0.007283209618042718,20,500,21,1,0.05696365237236023,0.09886526447534562,0.015535073084159651,forced,41,naive,0,0.0,expC_intermediate,4,20,1.0,8,source-sep-noise-budget
0.421875,0.421875,0.3588625063896179,0.019974862525749832,20,500,26,6,1.5088837146759033,1.6107693619728087,0.029870364059253255,forced,10,naive,5,0.25,expC_intermediate,4,4,0.2,8,source-sep-noise-budget
0.965624988079071,0.949999988079071,0.9482437615394592,0.006295267700132366,20,500,26,6,0.0822267085313797,0.1212613219320774,0.01776605197223336,forced,20,naive,5,0.25,expC_intermediate,4,14,0.7,8,source-sep-noise-budget
0.925000011920929,0.909375011920929,0.8972812612056732,0.009751352535038988,20,500,26,6,0.17551583051681519,0.23136676767468453,0.024964145301947842,forced,24,naive,5,0.25,expC_intermediate,4,18,0.9,8,source-sep-noise-budget
0.925000011920929,0.909375011920929,0.902462512254715,0.008257960165591957,20,500,26,6,0.1412339210510254,0.1967659377157688,0.019874320221376217,forced,25,naive,5,0.25,expC_intermediate,4,19,0.95,8,source-sep-noise-budget
0.965624988079071,0.956250011920929,0.9480187602043152,0.007043421414320433,20,500,26,6,0.07986085116863251,0.12311382971704006,0.02001689582108863,forced,26,naive,5,0.25,expC_intermediate,4,20,1.0,8,source-sep-noise-budget
0.965624988079071,0.956250011920929,0.9480187602043152,0.007043421414320433,20,500,26,6,0.07986085116863251,0.12311382971704006,0.02001689582108863,forced,27,naive,5,0.25,expC_intermediate,4,20,1.0,8,source-sep-noise-budget
0.965624988079071,0.956250011920929,0.9480187602043152,0.007043421414320433,20,500,26,6,0.07986085116863251,0.12311382971704006,0.02001689582108863,forced,28,naive,5,0.25,expC_intermediate,4,20,1.0,8,source-sep-noise-budget
0.965624988079071,0.956250011920929,0.9480187602043152,0.007043421414320433,20,500,26,6,0.07986085116863251,0.12311382971704006,0.02001689582108863,forced,36,naive,5,0.25,expC_intermediate,4,20,1.0,8,source-sep-noise-budget
0.965624988079071,0.956250011920929,0.9480187602043152,0.007043421414320433,20,500,26,6,0.07986085116863251,0.12311382971704006,0.02001689582108863,forced,46,naive,5,0.25,expC_intermediate,4,20,1.0,8,source-sep-noise-budget
0.34375,0.3062500059604645,0.2909625063240528,0.016151242708503388,20,500,31,11,1.7403825521469116,1.8050591351985932,0.023058711734161647,forced,10,naive,10,0.5,expC_intermediate,4,0,0.0,8,source-sep-noise-budget
0.7093750238418579,0.690625011920929,0.6701000130176544,0.012224054016246499,20,500,31,11,0.6581875085830688,0.7147486040592194,0.023861630946619174,forced,20,naive,10,0.5,expC_intermediate,4,9,0.45,8,source-sep-noise-budget
0.965624988079071,0.9312500357627869,0.9423562610149383,0.00847277487304549,20,500,31,11,0.09434188902378082,0.1449326794743538,0.023316268006429133,forced,29,naive,10,0.5,expC_intermediate,4,18,0.9,8,source-sep-noise-budget
0.971875011920929,0.9437500238418579,0.9481750118732453,0.007062044935186893,20,500,31,11,0.07516206800937653,0.11229373221099377,0.019089056038571757,forced,30,naive,10,0.5,expC_intermediate,4,19,0.95,8,source-sep-noise-budget
1.0,0.9906250238418579,0.9947437590360642,0.004801598571912686,20,500,31,11,0.0038409349508583546,0.02455774195957929,0.01785541402064849,forced,31,naive,10,0.5,expC_intermediate,4,20,1.0,8,source-sep-noise-budget
1.0,0.9906250238418579,0.9947437590360642,0.004801598571912686,20,500,31,11,0.0038409349508583546,0.02455774195957929,0.01785541402064849,forced,32,naive,10,0.5,expC_intermediate,4,20,1.0,8,source-sep-noise-budget
1.0,0.9906250238418579,0.9947437590360642,0.004801598571912686,20,500,31,11,0.0038409349508583546,0.02455774195957929,0.01785541402064849,forced,33,naive,10,0.5,expC_intermediate,4,20,1.0,8,source-sep-noise-budget
1.0,0.9906250238418579,0.9947437590360642,0.004801598571912686,20,500,31,11,0.0038409349508583546,0.02455774195957929,0.01785541402064849,forced,41,naive,10,0.5,expC_intermediate,4,20,1.0,8,source-sep-noise-budget
1.0,0.9906250238418579,0.9947437590360642,0.004801598571912686,20,500,31,11,0.0038409349508583546,0.02455774195957929,0.01785541402064849,forced,51,naive,10,0.5,expC_intermediate,4,20,1.0,8,source-sep-noise-budget
0.15625,0.13750000298023224,0.11307500144839287,0.013576369933674861,20,500,36,16,2.6276168823242188,2.6913733763694765,0.022882261158443898,forced,10,naive,15,0.75,expC_intermediate,4,0,0.0,8,source-sep-noise-budget
0.36250001192092896,0.3062500059604645,0.3097437564730644,0.016431698617543674,20,500,36,16,1.5921213626861572,1.6758954224586486,0.03399947044945507,forced,20,naive,15,0.75,expC_intermediate,4,4,0.2,8,source-sep-noise-budget
0.921875,0.893750011920929,0.8958500131368637,0.009562917582628219,20,500,36,16,0.16364283859729767,0.2200398332774639,0.023555492619112165,forced,34,naive,15,0.75,expC_intermediate,4,18,0.9,8,source-sep-noise-budget
0.9750000238418579,0.9625000357627869,0.9510125118494034,0.007247725309115595,20,500,36,16,0.06516052782535553,0.11037657783925534,0.01796574326359938,forced,35,naive,15,0.75,expC_intermediate,4,19,0.95,8,source-sep-noise-budget
0.971875011920929,0.9593750238418579,0.9489687621593476,0.006561828418859935,20,500,36,16,0.06395882368087769,0.10583812054991722,0.01646314893985633,forced,36,naive,15,0.75,expC_intermediate,4,20,1.0,8,source-sep-noise-budget
0.971875011920929,0.9593750238418579,0.9489687621593476,0.006561828418859935,20,500,36,16,0.06395882368087769,0.10583812054991722,0.01646314893985633,forced,37,naive,15,0.75,expC_intermediate,4,20,1.0,8,source-sep-noise-budget
0.971875011920929,0.9593750238418579,0.9489687621593476,0.006561828418859935,20,500,36,16,0.06395882368087769,0.10583812054991722,0.01646314893985633,forced,38,naive,15,0.75,expC_intermediate,4,20,1.0,8,source-sep-noise-budget
0.971875011920929,0.9593750238418579,0.9489687621593476,0.006561828418859935,20,500,36,16,0.06395882368087769,0.10583812054991722,0.01646314893985633,forced,46,naive,15,0.75,expC_intermediate,4,20,1.0,8,source-sep-noise-budget
0.971875011920929,0.9593750238418579,0.9489687621593476,0.006561828418859935,20,500,36,16,0.06395882368087769,0.10583812054991722,0.01646314893985633,forced,56,naive,15,0.75,expC_intermediate,4,20,1.0,8,source-sep-noise-budget
0.09687500447034836,0.03437500074505806,0.050143750999122855,0.011677587936760983,20,500,41,21,2.9804539680480957,2.998913649559021,0.004714457204684904,forced,10,naive,20,1.0,expC_intermediate,4,0,0.0,8,source-sep-noise-budget
0.39375001192092896,0.35625001788139343,0.33909375602006914,0.014230901860374628,20,500,41,21,1.680039644241333,1.7395165188312531,0.021576876942270368,forced,20,naive,20,1.0,expC_intermediate,4,0,0.0,8,source-sep-noise-budget
0.925000011920929,0.90625,0.8947250119447708,0.009849776711222632,20,500,41,21,0.1655891239643097,0.22369752010703087,0.023884964251439923,forced,39,naive,20,1.0,expC_intermediate,4,18,0.9,8,source-sep-noise-budget
0.887499988079071,0.8687500357627869,0.8548937608003616,0.01113730182671971,20,500,41,21,0.21997018158435822,0.26567761251330374,0.02244015877777246,forced,40,naive,20,1.0,expC_intermediate,4,19,0.95,8,source-sep-noise-budget
0.925000011920929,0.909375011920929,0.9016312614679337,0.00889254130254575,20,500,41,21,0.14830338954925537,0.190939493983984,0.019362250576542193,forced,41,naive,20,1.0,expC_intermediate,4,20,1.0,8,source-sep-noise-budget
0.925000011920929,0.909375011920929,0.9016312614679337,0.00889254130254575,20,500,41,21,0.14830338954925537,0.190939493983984,0.019362250576542193,forced,42,naive,20,1.0,expC_intermediate,4,20,1.0,8,source-sep-noise-budget
0.925000011920929,0.909375011920929,0.9016312614679337,0.00889254130254575,20,500,41,21,0.14830338954925537,0.190939493983984,0.019362250576542193,forced,43,naive,20,1.0,expC_intermediate,4,20,1.0,8,source-sep-noise-budget
0.925000011920929,0.909375011920929,0.9016312614679337,0.00889254130254575,20,500,41,21,0.14830338954925537,0.190939493983984,0.019362250576542193,forced,51,naive,20,1.0,expC_intermediate,4,20,1.0,8,source-sep-noise-budget
0.925000011920929,0.909375011920929,0.9016312614679337,0.00889254130254575,20,500,41,21,0.14830338954925537,0.190939493983984,0.019362250576542193,forced,61,naive,20,1.0,expC_intermediate,4,20,1.0,8,source-sep-noise-budget
0.578125,0.528124988079071,0.532450011909008,0.013710362706419628,40,500,21,1,0.9724704027175903,1.0278413032293319,0.023202610715753292,forced,10,naive,0,0.0,expC_intermediate,4,9,0.45,8,source-sep-noise-budget
0.925000011920929,0.9000000357627869,0.8929000109434128,0.010777408014985626,40,500,21,1,0.16142305731773376,0.21976754269003868,0.024923463704682725,forced,19,naive,0,0.0,expC_intermediate,4,18,0.9,8,source-sep-noise-budget
0.940625011920929,0.9281250238418579,0.8802187616825103,0.016535088849225887,40,500,21,1,0.12657736241817474,0.25274516209959985,0.030400506327343958,forced,20,naive,0,0.0,expC_intermediate,4,19,0.95,8,source-sep-noise-budget
1.0,1.0,0.9970562528371811,0.003369541420707982,40,500,21,1,0.0016365938354283571,0.01618909261794761,0.013392357835470589,forced,21,naive,0,0.0,expC_intermediate,4,20,1.0,8,source-sep-noise-budget
1.0,1.0,0.9970562528371811,0.003369541420707982,40,500,21,1,0.0016365938354283571,0.01618909261794761,0.013392357835470589,forced,22,naive,0,0.0,expC_intermediate,4,20,1.0,8,source-sep-noise-budget
1.0,1.0,0.9970562528371811,0.003369541420707982,40,500,21,1,0.0016365938354283571,0.01618909261794761,0.013392357835470589,forced,23,naive,0,0.0,expC_intermediate,4,20,1.0,8,source-sep-noise-budget
1.0,1.0,0.9970562528371811,0.003369541420707982,40,500,21,1,0.0016365938354283571,0.01618909261794761,0.013392357835470589,forced,31,naive,0,0.0,expC_intermediate,4,20,1.0,8,source-sep-noise-budget
1.0,1.0,0.9970562528371811,0.003369541420707982,40,500,21,1,0.0016365938354283571,0.01618909261794761,0.013392357835470589,forced,41,naive,0,0.0,expC_intermediate,4,20,1.0,8,source-sep-noise-budget
0.34062501788139343,0.28125,0.2928437562584877,0.014191044365885946,40,500,31,11,1.783441185951233,1.8406510565280914,0.021839860240803276,forced,10,naive,10,0.25,expC_intermediate,4,0,0.0,8,source-sep-noise-budget
0.7562500238418579,0.7093750238418579,0.7174875122308731,0.012247761513815594,40,500,31,11,0.5799471139907837,0.6310843333005905,0.021871248918683348,forced,20,naive,10,0.25,expC_intermediate,4,9,0.45,8,source-sep-noise-budget
0.965624988079071,0.953125,0.9468687632083893,0.0066246991985102885,40,500,31,11,0.08988042175769806,0.12844507177174092,0.018369245038275087,forced,29,naive,10,0.25,expC_intermediate,4,18,0.9,8,source-sep-noise-budget
0.96875,0.956250011920929,0.9497125098705291,0.006587403314018632,40,500,31,11,0.06578515470027924,0.10740974028408527,0.016861267073339015,forced,30,naive,10,0.25,expC_intermediate,4,19,0.95,8,source-sep-noise-budget
1.0,1.0,0.9966437549591064,0.0034637026506133942,40,500,31,11,0.0020258750300854445,0.017417214087210597,0.013315827732827974,forced,31,naive,10,0.25,expC_intermediate,4,20,1.0,8,source-sep-noise-budget
1.0,1.0,0.9966437549591064,0.0034637026506133942,40,500,31,11,0.0020258750300854445,0.017417214087210597,0.013315827732827974,forced,32,naive,10,0.25,expC_intermediate,4,20,1.0,8,source-sep-noise-budget
1.0,1.0,0.9966437549591064,0.0034637026506133942,40,500,31,11,0.0020258750300854445,0.017417214087210597,0.013315827732827974,forced,33,naive,10,0.25,expC_intermediate,4,20,1.0,8,source-sep-noise-budget
1.0,1.0,0.9966437549591064,0.0034637026506133942,40,500,31,11,0.0020258750300854445,0.017417214087210597,0.013315827732827974,forced,41,naive,10,0.25,expC_intermediate,4,20,1.0,8,source-sep-noise-budget
1.0,1.0,0.9966437549591064,0.0034637026506133942,40,500,31,11,0.0020258750300854445,0.017417214087210597,0.013315827732827974,forced,51,naive,10,0.25,expC_intermediate,4,20,1.0,8,source-sep-noise-budget
0.09375,0.04374999925494194,0.05016875085607171,0.012312295547472978,40,500,41,21,2.9820291996002197,2.998344401836395,0.0040793074159324715,forced,10,naive,20,0.5,expC_intermediate,4,0,0.0,8,source-sep-noise-budget
0.39375001192092896,0.33125001192092896,0.33603125661611555,0.015049754894741734,40,500,41,21,1.660613775253296,1.7203653709888458,0.023677989102424257,forced,20,naive,20,0.5,expC_intermediate,4,0,0.0,8,source-sep-noise-budget
0.9281250238418579,0.9125000238418579,0.9014687618017196,0.00869238753149465,40,500,41,21,0.15162014961242676,0.19413784927129746,0.01709193974837928,forced,39,naive,20,0.5,expC_intermediate,4,18,0.9,8,source-sep-noise-budget
0.971875011920929,0.9593750238418579,0.9492937619686127,0.006868550111358062,40,500,41,21,0.07231032848358154,0.11010416781902313,0.01693410243164889,forced,40,naive,20,0.5,expC_intermediate,4,19,0.95,8,source-sep-noise-budget
1.0,1.0,0.9959937572479248,0.003980504565809012,40,500,41,21,0.0020416751503944397,0.02096742862323299,0.016614264046917966,forced,41,naive,20,0.5,expC_intermediate,4,20,1.0,8,source-sep-noise-budget
1.0,1.0,0.9959937572479248,0.003980504565809012,40,500,41,21,0.0020416751503944397,0.02096742862323299,0.016614264046917966,forced,42,naive,20,0.5,expC_intermediate,4,20,1.0,8,source-sep-noise-budget
1.0,1.0,0.9959937572479248,0.003980504565809012,40,500,41,21,0.0020416751503944397,0.02096742862323299,0.016614264046917966,forced,43,naive,20,0.5,expC_intermediate,4,20,1.0,8,source-sep-noise-budget
1.0,1.0,0.9959937572479248,0.003980504565809012,40,500,41,21,0.0020416751503944397,0.02096742862323299,0.016614264046917966,forced,51,naive,20,0.5,expC_intermediate,4,20,1.0,8,source-sep-noise-budget
1.0,1.0,0.9959937572479248,0.003980504565809012,40,500,41,21,0.0020416751503944397,0.02096742862323299,0.016614264046917966,forced,61,naive,20,0.5,expC_intermediate,4,20,1.0,8,source-sep-noise-budget
0.09687500447034836,0.04374999925494194,0.050106251027435066,0.011860535877063465,40,500,51,31,2.9801652431488037,2.9982873997688295,0.004093773155557287,forced,10,naive,30,0.75,expC_intermediate,4,0,0.0,8,source-sep-noise-budget
0.09062500298023224,0.04374999925494194,0.049681250862777235,0.012070591740037894,40,500,51,31,2.981414318084717,2.9984064064025877,0.004269764233950473,forced,20,naive,30,0.75,expC_intermediate,4,0,0.0,8,source-sep-noise-budget
0.9593750238418579,0.9437500238418579,0.929731261730194,0.011703449860113603,40,500,51,31,0.10627426207065582,0.17993748274445534,0.031170446701269533,forced,49,naive,30,0.75,expC_intermediate,4,18,0.9,8,source-sep-noise-budget
0.965624988079071,0.949999988079071,0.9456000113487244,0.007506205916871817,40,500,51,31,0.07541663199663162,0.12398837207257747,0.02015914012270164,forced,50,naive,30,0.75,expC_intermediate,4,19,0.95,8,source-sep-noise-budget
1.0,0.996874988079071,0.9954250059127807,0.005016279635655661,40,500,51,31,0.0023636252153664827,0.02301632641721517,0.02142118729703234,forced,51,naive,30,0.75,expC_intermediate,4,20,1.0,8,source-sep-noise-budget
1.0,0.996874988079071,0.9954250059127807,0.005016279635655661,40,500,51,31,0.0023636252153664827,0.02301632641721517,0.02142118729703234,forced,52,naive,30,0.75,expC_intermediate,4,20,1.0,8,source-sep-noise-budget
1.0,0.996874988079071,0.9954250059127807,0.005016279635655661,40,500,51,31,0.0023636252153664827,0.02301632641721517,0.02142118729703234,forced,53,naive,30,0.75,expC_intermediate,4,20,1.0,8,source-sep-noise-budget
1.0,0.996874988079071,0.9954250059127807,0.005016279635655661,40,500,51,31,0.0023636252153664827,0.02301632641721517,0.02142118729703234,forced,61,naive,30,0.75,expC_intermediate,4,20,1.0,8,source-sep-noise-budget
1.0,0.996874988079071,0.9954250059127807,0.005016279635655661,40,500,51,31,0.0023636252153664827,0.02301632641721517,0.02142118729703234,forced,71,naive,30,0.75,expC_intermediate,4,20,1.0,8,source-sep-noise-budget
0.09687500447034836,0.04374999925494194,0.04967500079795718,0.011617766690902049,40,500,61,41,2.979346513748169,2.9983505482673647,0.004215419376029756,forced,10,naive,40,1.0,expC_intermediate,4,0,0.0,8,source-sep-noise-budget
0.09375,0.05000000074505806,0.05008125088736415,0.011932968987470385,40,500,61,41,2.9804129600524902,2.998422697067261,0.004253507405930567,forced,20,naive,40,1.0,expC_intermediate,4,0,0.0,8,source-sep-noise-budget
0.887499988079071,0.8531250357627869,0.8570625122785568,0.0098268195401324,40,500,61,41,0.23437440395355225,0.2793642027378082,0.015998006344830912,forced,59,naive,40,1.0,expC_intermediate,4,18,0.9,8,source-sep-noise-budget
0.887499988079071,0.8687500357627869,0.8539937621355057,0.010685815467003562,40,500,61,41,0.2203536480665207,0.2639299368858337,0.01844112776955188,forced,60,naive,40,1.0,expC_intermediate,4,19,0.95,8,source-sep-noise-budget
0.965624988079071,0.953125,0.9485125108957291,0.006018704329696934,40,500,61,41,0.0792464166879654,0.12201165135204792,0.020200772630190933,forced,61,naive,40,1.0,expC_intermediate,4,20,1.0,8,source-sep-noise-budget
0.965624988079071,0.953125,0.9485125108957291,0.006018704329696934,40,500,61,41,0.0792464166879654,0.12201165135204792,0.020200772630190933,forced,62,naive,40,1.0,expC_intermediate,4,20,1.0,8,source-sep-noise-budget
0.965624988079071,0.953125,0.9485125108957291,0.006018704329696934,40,500,61,41,0.0792464166879654,0.12201165135204792,0.020200772630190933,forced,63,naive,40,1.0,expC_intermediate,4,20,1.0,8,source-sep-noise-budget
0.965624988079071,0.953125,0.9485125108957291,0.006018704329696934,40,500,61,41,0.0792464166879654,0.12201165135204792,0.020200772630190933,forced,71,naive,40,1.0,expC_intermediate,4,20,1.0,8,source-sep-noise-budget
0.965624988079071,0.953125,0.9485125108957291,0.006018704329696934,40,500,61,41,0.0792464166879654,0.12201165135204792,0.020200772630190933,forced,81,naive,40,1.0,expC_intermediate,4,20,1.0,8,source-sep-noise-budget
0.581250011920929,0.534375011920929,0.5329312623739243,0.013542667887832677,80,500,21,1,0.9366599917411804,1.0157585368156432,0.023243627103297984,forced,10,naive,0,0.0,expC_intermediate,4,9,0.45,8,source-sep-noise-budget
0.9312500357627869,0.9000000357627869,0.8964187614917755,0.009886407567675802,80,500,21,1,0.1555054783821106,0.20479619026184082,0.020619029493983802,forced,19,naive,0,0.0,expC_intermediate,4,18,0.9,8,source-sep-noise-budget
0.956250011920929,0.921875,0.9275687626600265,0.01080650022210418,80,500,21,1,0.10568867623806,0.1522338654398918,0.023350920733716887,forced,20,naive,0,0.0,expC_intermediate,4,19,0.95,8,source-sep-noise-budget
1.0,1.0,0.9980500007867813,0.002656471385067968,80,500,21,1,0.0018171302508562803,0.011483714925125241,0.011129572959972259,forced,21,naive,0,0.0,expC_intermediate,4,20,1.0,8,source-sep-noise-budget
1.0,1.0,0.9980500007867813,0.002656471385067968,80,500,21,1,0.0018171302508562803,0.011483714925125241,0.011129572959972259,forced,22,naive,0,0.0,expC_intermediate,4,20,1.0,8,source-sep-noise-budget
1.0,1.0,0.9980500007867813,0.002656471385067968,80,500,21,1,0.0018171302508562803,0.011483714925125241,0.011129572959972259,forced,23,naive,0,0.0,expC_intermediate,4,20,1.0,8,source-sep-noise-budget
1.0,1.0,0.9980500007867813,0.002656471385067968,80,500,21,1,0.0018171302508562803,0.011483714925125241,0.011129572959972259,forced,31,naive,0,0.0,expC_intermediate,4,20,1.0,8,source-sep-noise-budget
1.0,1.0,0.9980500007867813,0.002656471385067968,80,500,21,1,0.0018171302508562803,0.011483714925125241,0.011129572959972259,forced,41,naive,0,0.0,expC_intermediate,4,20,1.0,8,source-sep-noise-budget
0.09062500298023224,0.03125,0.05001875089108944,0.011944682241470222,80,500,41,21,2.976536989212036,2.9982408657073973,0.0041376190780344786,forced,10,naive,20,0.25,expC_intermediate,4,0,0.0,8,source-sep-noise-budget
0.34062501788139343,0.2906250059604645,0.29260000586509705,0.014509080966784113,80,500,41,21,1.7706127166748047,1.8412417385578155,0.02316711542842753,forced,20,naive,20,0.25,expC_intermediate,4,0,0.0,8,source-sep-noise-budget
0.921875,0.9000000357627869,0.8974437625408173,0.008986141983139502,80,500,41,21,0.15429694950580597,0.210509643048048,0.020754148449121212,forced,39,naive,20,0.25,expC_intermediate,4,18,0.9,8,source-sep-noise-budget
0.934374988079071,0.9125000238418579,0.9075937620401382,0.009538727035465216,80,500,41,21,0.14273189008235931,0.17919100552797318,0.016980995408486545,forced,40,naive,20,0.25,expC_intermediate,4,19,0.95,8,source-sep-noise-budget
1.0,0.996874988079071,0.9959875047206879,0.0039272396096245625,80,500,41,21,0.002718324540182948,0.020509913066867738,0.016771656547513426,forced,41,naive,20,0.25,expC_intermediate,4,20,1.0,8,source-sep-noise-budget
1.0,0.996874988079071,0.9959875047206879,0.0039272396096245625,80,500,41,21,0.002718324540182948,0.020509913066867738,0.016771656547513426,forced,42,naive,20,0.25,expC_intermediate,4,20,1.0,8,source-sep-noise-budget
1.0,0.996874988079071,0.9959875047206879,0.0039272396096245625,80,500,41,21,0.002718324540182948,0.020509913066867738,0.016771656547513426,forced,43,naive,20,0.25,expC_intermediate,4,20,1.0,8,source-sep-noise-budget
1.0,0.996874988079071,0.9959875047206879,0.0039272396096245625,80,500,41,21,0.002718324540182948,0.020509913066867738,0.016771656547513426,forced,51,naive,20,0.25,expC_intermediate,4,20,1.0,8,source-sep-noise-budget
1.0,0.996874988079071,0.9959875047206879,0.0039272396096245625,80,500,41,21,0.002718324540182948,0.020509913066867738,0.016771656547513426,forced,61,naive,20,0.25,expC_intermediate,4,20,1.0,8,source-sep-noise-budget
0.09687500447034836,0.046875,0.0507875008713454,0.011805924313139472,80,500,61,41,2.9761223793029785,2.9987091264724732,0.0044791735481180504,forced,10,naive,40,0.5,expC_intermediate,4,0,0.0,8,source-sep-noise-budget
0.11250000447034836,0.046875,0.05086875090003014,0.012247734339424667,80,500,61,41,2.9783458709716797,2.998844548225403,0.004522284851488251,forced,20,naive,40,0.5,expC_intermediate,4,0,0.0,8,source-sep-noise-budget
0.921875,0.8968750238418579,0.8962437624931335,0.009289818376902433,80,500,61,41,0.16821631789207458,0.23286879605054855,0.025809787897565887,forced,59,naive,40,0.5,expC_intermediate,4,18,0.9,8,source-sep-noise-budget
0.971875011920929,0.9468750357627869,0.9474562622308731,0.006783051235388449,80,500,61,41,0.07433585077524185,0.11477928274869918,0.0182296123943956,forced,60,naive,40,0.5,expC_intermediate,4,19,0.95,8,source-sep-noise-budget
1.0,0.996874988079071,0.9957375066280365,0.0038521205996526675,80,500,61,41,0.0031534687150269747,0.02038634365424514,0.015410076953372907,forced,61,naive,40,0.5,expC_intermediate,4,20,1.0,8,source-sep-noise-budget
1.0,0.996874988079071,0.9957375066280365,0.0038521205996526675,80,500,61,41,0.0031534687150269747,0.02038634365424514,0.015410076953372907,forced,62,naive,40,0.5,expC_intermediate,4,20,1.0,8,source-sep-noise-budget
1.0,0.996874988079071,0.9957375066280365,0.0038521205996526675,80,500,61,41,0.0031534687150269747,0.02038634365424514,0.015410076953372907,forced,63,naive,40,0.5,expC_intermediate,4,20,1.0,8,source-sep-noise-budget
1.0,0.996874988079071,0.9957375066280365,0.0038521205996526675,80,500,61,41,0.0031534687150269747,0.02038634365424514,0.015410076953372907,forced,71,naive,40,0.5,expC_intermediate,4,20,1.0,8,source-sep-noise-budget
1.0,0.996874988079071,0.9957375066280365,0.0038521205996526675,80,500,61,41,0.0031534687150269747,0.02038634365424514,0.015410076953372907,forced,81,naive,40,0.5,expC_intermediate,4,20,1.0,8,source-sep-noise-budget
0.08749999850988388,0.03437500074505806,0.050743750885128974,0.011875557642545569,80,500,81,61,2.9758243560791016,2.998551339149475,0.004357173641194446,forced,10,naive,60,0.75,expC_intermediate,4,0,0.0,8,source-sep-noise-budget
0.09062500298023224,0.03750000149011612,0.05020625103265047,0.011852628863324484,80,500,81,61,2.9813389778137207,2.998800201892853,0.004465841770371142,forced,20,naive,60,0.75,expC_intermediate,4,0,0.0,8,source-sep-noise-budget
0.965624988079071,0.9468750357627869,0.9443562623262406,0.007400619736942907,80,500,81,61,0.08146625012159348,0.1412051816135645,0.0190582366881517,forced,79,naive,60,0.75,expC_intermediate,4,18,0.9,8,source-sep-noise-budget
0.971875011920929,0.949999988079071,0.9491812608242035,0.006636011807476185,80,500,81,61,0.06769715249538422,0.11054120630025864,0.017961594122641075,forced,80,naive,60,0.75,expC_intermediate,4,19,0.95,8,source-sep-noise-budget
1.0,0.996874988079071,0.9947687590122223,0.004379145954089687,80,500,81,61,0.003996226936578751,0.024986026112921535,0.016357222592397355,forced,81,naive,60,0.75,expC_intermediate,4,20,1.0,8,source-sep-noise-budget
1.0,0.996874988079071,0.9947687590122223,0.004379145954089687,80,500,81,61,0.003996226936578751,0.024986026112921535,0.016357222592397355,forced,82,naive,60,0.75,expC_intermediate,4,20,1.0,8,source-sep-noise-budget
1.0,0.996874988079071,0.9947687590122223,0.004379145954089687,80,500,81,61,0.003996226936578751,0.024986026112921535,0.016357222592397355,forced,83,naive,60,0.75,expC_intermediate,4,20,1.0,8,source-sep-noise-budget
1.0,0.996874988079071,0.9947687590122223,0.004379145954089687,80,500,81,61,0.003996226936578751,0.024986026112921535,0.016357222592397355,forced,91,naive,60,0.75,expC_intermediate,4,20,1.0,8,source-sep-noise-budget
1.0,0.996874988079071,0.9947687590122223,0.004379145954089687,80,500,81,61,0.003996226936578751,0.024986026112921535,0.016357222592397355,forced,101,naive,60,0.75,expC_intermediate,4,20,1.0,8,source-sep-noise-budget
0.09062500298023224,0.03125,0.049968750935047865,0.012039120948990931,80,500,101,81,2.9771616458892822,2.9981047730445862,0.004057679562984866,forced,10,naive,80,1.0,expC_intermediate,4,0,0.0,8,source-sep-noise-budget
0.09687500447034836,0.03437500074505806,0.05034375079721212,0.012113517579880552,80,500,101,81,2.979295253753662,2.9983057413101197,0.004169772472191858,forced,20,naive,80,1.0,expC_intermediate,4,0,0.0,8,source-sep-noise-budget
0.953125,0.921875,0.9190312614440918,0.00978174926319843,80,500,101,81,0.1477646380662918,0.20006346011161805,0.020569297459807335,forced,99,naive,80,1.0,expC_intermediate,4,18,0.9,8,source-sep-noise-budget
0.981249988079071,0.9437500238418579,0.9587125127315521,0.00823664627406843,80,500,101,81,0.05791299790143967,0.10291283106803895,0.020483967900762925,forced,100,naive,80,1.0,expC_intermediate,4,19,0.95,8,source-sep-noise-budget
1.0,1.0,0.996250004529953,0.0037603936600159324,80,500,101,81,0.002397362608462572,0.019025459040421994,0.015511324353951599,forced,101,naive,80,1.0,expC_intermediate,4,20,1.0,8,source-sep-noise-budget
1.0,1.0,0.996250004529953,0.0037603936600159324,80,500,101,81,0.002397362608462572,0.019025459040421994,0.015511324353951599,forced,102,naive,80,1.0,expC_intermediate,4,20,1.0,8,source-sep-noise-budget
1.0,1.0,0.996250004529953,0.0037603936600159324,80,500,101,81,0.002397362608462572,0.019025459040421994,0.015511324353951599,forced,103,naive,80,1.0,expC_intermediate,4,20,1.0,8,source-sep-noise-budget
1.0,1.0,0.996250004529953,0.0037603936600159324,80,500,101,81,0.002397362608462572,0.019025459040421994,0.015511324353951599,forced,111,naive,80,1.0,expC_intermediate,4,20,1.0,8,source-sep-noise-budget
1.0,1.0,0.996250004529953,0.0037603936600159324,80,500,101,81,0.002397362608462572,0.019025459040421994,0.015511324353951599,forced,121,naive,80,1.0,expC_intermediate,4,20,1.0,8,source-sep-noise-budget
0.590624988079071,0.5625,0.5272937608957291,0.01594768129005722,20,500,21,1,0.8448923826217651,0.9227110220193863,0.023830946965270036,forced,10,naive,0,0.0,expC_intermediate,5,9,0.45,8,source-sep-noise-budget
0.925000011920929,0.893750011920929,0.8988687603473663,0.009095282885275295,20,500,21,1,0.15103136003017426,0.198269979596138,0.020275699164692258,forced,19,naive,0,0.0,expC_intermediate,5,18,0.9,8,source-sep-noise-budget
0.971875011920929,0.9468750357627869,0.9469875129461288,0.007882622832764672,20,500,21,1,0.06487758457660675,0.10645738127827645,0.020372233227742932,forced,20,naive,0,0.0,expC_intermediate,5,19,0.95,8,source-sep-noise-budget
0.971875011920929,0.9468750357627869,0.9485500106811523,0.006714534870231751,20,500,21,1,0.06827081739902496,0.10136762927472591,0.01583113231373251,forced,21,naive,0,0.0,expC_intermediate,5,20,1.0,8,source-sep-noise-budget
0.971875011920929,0.9468750357627869,0.9485500106811523,0.006714534870231751,20,500,21,1,0.06827081739902496,0.10136762927472591,0.01583113231373251,forced,22,naive,0,0.0,expC_intermediate,5,20,1.0,8,source-sep-noise-budget
0.971875011920929,0.9468750357627869,0.9485500106811523,0.006714534870231751,20,500,21,1,0.06827081739902496,0.10136762927472591,0.01583113231373251,forced,23,naive,0,0.0,expC_intermediate,5,20,1.0,8,source-sep-noise-budget
0.971875011920929,0.9468750357627869,0.9485500106811523,0.006714534870231751,20,500,21,1,0.06827081739902496,0.10136762927472591,0.01583113231373251,forced,31,naive,0,0.0,expC_intermediate,5,20,1.0,8,source-sep-noise-budget
0.971875011920929,0.9468750357627869,0.9485500106811523,0.006714534870231751,20,500,21,1,0.06827081739902496,0.10136762927472591,0.01583113231373251,forced,41,naive,0,0.0,expC_intermediate,5,20,1.0,8,source-sep-noise-budget
0.421875,0.38750001788139343,0.3727750057578087,0.017817722918272202,20,500,26,6,1.5027488470077515,1.611190714597702,0.03181339905542226,forced,10,naive,5,0.25,expC_intermediate,5,4,0.2,8,source-sep-noise-budget
0.96875,0.9468750357627869,0.9488187621831894,0.006581158773581878,20,500,26,6,0.07947321236133575,0.11229425756633282,0.016057907080110213,forced,20,naive,5,0.25,expC_intermediate,5,14,0.7,8,source-sep-noise-budget
0.925000011920929,0.890625,0.8972375113964081,0.009148591752367059,20,500,26,6,0.17475064098834991,0.23473152968287467,0.020525169731686378,forced,24,naive,5,0.25,expC_intermediate,5,18,0.9,8,source-sep-noise-budget
0.9281250238418579,0.8968750238418579,0.9019250112771988,0.008863408213596873,20,500,26,6,0.15509554743766785,0.2005458384156227,0.020259373462062677,forced,25,naive,5,0.25,expC_intermediate,5,19,0.95,8,source-sep-noise-budget
0.96875,0.949999988079071,0.9498125106096268,0.005656506491769337,20,500,26,6,0.07692278921604156,0.11281763122975827,0.015403681937505263,forced,26,naive,5,0.25,expC_intermediate,5,20,1.0,8,source-sep-noise-budget
0.96875,0.949999988079071,0.9498125106096268,0.005656506491769337,20,500,26,6,0.07692278921604156,0.11281763122975827,0.015403681937505263,forced,27,naive,5,0.25,expC_intermediate,5,20,1.0,8,source-sep-noise-budget
0.96875,0.949999988079071,0.9498125106096268,0.005656506491769337,20,500,26,6,0.07692278921604156,0.11281763122975827,0.015403681937505263,forced,28,naive,5,0.25,expC_intermediate,5,20,1.0,8,source-sep-noise-budget
0.96875,0.949999988079071,0.9498125106096268,0.005656506491769337,20,500,26,6,0.07692278921604156,0.11281763122975827,0.015403681937505263,forced,36,naive,5,0.25,expC_intermediate,5,20,1.0,8,source-sep-noise-budget
0.96875,0.949999988079071,0.9498125106096268,0.005656506491769337,20,500,26,6,0.07692278921604156,0.11281763122975827,0.015403681937505263,forced,46,naive,5,0.25,expC_intermediate,5,20,1.0,8,source-sep-noise-budget
0.48750001192092896,0.43437501788139343,0.42790625542402266,0.020715969283240373,20,500,31,11,1.5183525085449219,1.6197649190425873,0.03317825283075682,forced,10,naive,10,0.5,expC_intermediate,5,0,0.0,8,source-sep-noise-budget
0.7562500238418579,0.7562500238418579,0.7171250109672547,0.011768269105002503,20,500,31,11,0.5618504285812378,0.6253041279315948,0.02442165995149078,forced,20,naive,10,0.5,expC_intermediate,5,9,0.45,8,source-sep-noise-budget
0.921875,0.8968750238418579,0.8953812623023987,0.009504068797563943,20,500,31,11,0.182204008102417,0.24373147794604302,0.025382917978082276,forced,29,naive,10,0.5,expC_intermediate,5,18,0.9,8,source-sep-noise-budget
0.9281250238418579,0.893750011920929,0.9011437608003616,0.008137036850598748,20,500,31,11,0.15495231747627258,0.20375970304012297,0.020180763439386185,forced,30,naive,10,0.5,expC_intermediate,5,19,0.95,8,source-sep-noise-budget
0.971875011920929,0.949999988079071,0.9476250109672546,0.0065984114626524175,20,500,31,11,0.08365236222743988,0.12430533502995968,0.019343919226203574,forced,31,naive,10,0.5,expC_intermediate,5,20,1.0,8,source-sep-noise-budget
0.971875011920929,0.949999988079071,0.9476250109672546,0.0065984114626524175,20,500,31,11,0.08365236222743988,0.12430533502995968,0.019343919226203574,forced,32,naive,10,0.5,expC_intermediate,5,20,1.0,8,source-sep-noise-budget
0.971875011920929,0.949999988079071,0.9476250109672546,0.0065984114626524175,20,500,31,11,0.08365236222743988,0.12430533502995968,0.019343919226203574,forced,33,naive,10,0.5,expC_intermediate,5,20,1.0,8,source-sep-noise-budget
0.971875011920929,0.949999988079071,0.9476250109672546,0.0065984114626524175,20,500,31,11,0.08365236222743988,0.12430533502995968,0.019343919226203574,forced,41,naive,10,0.5,expC_intermediate,5,20,1.0,8,source-sep-noise-budget
0.971875011920929,0.949999988079071,0.9476250109672546,0.0065984114626524175,20,500,31,11,0.08365236222743988,0.12430533502995968,0.019343919226203574,forced,51,naive,10,0.5,expC_intermediate,5,20,1.0,8,source-sep-noise-budget
0.15937499701976776,0.10312499850988388,0.11363125166296958,0.013593914379252614,20,500,36,16,2.640625476837158,2.7130831661224364,0.026063976432997897,forced,10,naive,15,0.75,expC_intermediate,5,0,0.0,8,source-sep-noise-budget
0.35625001788139343,0.3031249940395355,0.3069937549829483,0.015126212972258309,20,500,36,16,1.5959603786468506,1.6771613886356354,0.025454354235257524,forced,20,naive,15,0.75,expC_intermediate,5,4,0.2,8,source-sep-noise-budget
0.9625000357627869,0.9468750357627869,0.9414187626838684,0.007864504659734263,20,500,36,16,0.09380549192428589,0.1477980898320675,0.02198215743795904,forced,34,naive,15,0.75,expC_intermediate,5,18,0.9,8,source-sep-noise-budget
0.96875,0.949999988079071,0.9485937613248825,0.00616147987247988,20,500,36,16,0.06923717260360718,0.1120158439874649,0.01647429197954572,forced,35,naive,15,0.75,expC_intermediate,5,19,0.95,8,source-sep-noise-budget
0.965624988079071,0.9593750238418579,0.9475250116586685,0.006957414523195763,20,500,36,16,0.08652398735284805,0.12625475808978082,0.021151105795107816,forced,36,naive,15,0.75,expC_intermediate,5,20,1.0,8,source-sep-noise-budget
0.965624988079071,0.9593750238418579,0.9475250116586685,0.006957414523195763,20,500,36,16,0.08652398735284805,0.12625475808978082,0.021151105795107816,forced,37,naive,15,0.75,expC_intermediate,5,20,1.0,8,source-sep-noise-budget
0.965624988079071,0.9593750238418579,0.9475250116586685,0.006957414523195763,20,500,36,16,0.08652398735284805,0.12625475808978082,0.021151105795107816,forced,38,naive,15,0.75,expC_intermediate,5,20,1.0,8,source-sep-noise-budget
0.965624988079071,0.9593750238418579,0.9475250116586685,0.006957414523195763,20,500,36,16,0.08652398735284805,0.12625475808978082,0.021151105795107816,forced,46,naive,15,0.75,expC_intermediate,5,20,1.0,8,source-sep-noise-budget
0.965624988079071,0.9593750238418579,0.9475250116586685,0.006957414523195763,20,500,36,16,0.08652398735284805,0.12625475808978082,0.021151105795107816,forced,56,naive,15,0.75,expC_intermediate,5,20,1.0,8,source-sep-noise-budget
0.09062500298023224,0.046875,0.049793750993907454,0.01215847696890857,20,500,41,21,2.977590560913086,2.9977922940254214,0.003725422420736737,forced,10,naive,20,1.0,expC_intermediate,5,0,0.0,8,source-sep-noise-budget
0.3375000059604645,0.296875,0.28844375631213187,0.015861582386095932,20,500,41,21,1.8013451099395752,1.8921360816955566,0.03547038997459752,forced,20,naive,20,1.0,expC_intermediate,5,0,0.0,8,source-sep-noise-budget
0.965624988079071,0.9437500238418579,0.9427812618017196,0.007769821762362053,20,500,41,21,0.08757191151380539,0.14552436941862107,0.02329933096772979,forced,39,naive,20,1.0,expC_intermediate,5,18,0.9,8,source-sep-noise-budget
0.96875,0.9437500238418579,0.9485187605619431,0.006867413036996267,20,500,41,21,0.0758242979645729,0.11168969061970711,0.019566377304488704,forced,40,naive,20,1.0,expC_intermediate,5,19,0.95,8,source-sep-noise-budget
1.0,1.0,0.9955750064849853,0.004301772276945799,20,500,41,21,0.0021708968561142683,0.022617815954145044,0.01702641631745134,forced,41,naive,20,1.0,expC_intermediate,5,20,1.0,8,source-sep-noise-budget
1.0,1.0,0.9955750064849853,0.004301772276945799,20,500,41,21,0.0021708968561142683,0.022617815954145044,0.01702641631745134,forced,42,naive,20,1.0,expC_intermediate,5,20,1.0,8,source-sep-noise-budget
1.0,1.0,0.9955750064849853,0.004301772276945799,20,500,41,21,0.0021708968561142683,0.022617815954145044,0.01702641631745134,forced,43,naive,20,1.0,expC_intermediate,5,20,1.0,8,source-sep-noise-budget
1.0,1.0,0.9955750064849853,0.004301772276945799,20,500,41,21,0.0021708968561142683,0.022617815954145044,0.01702641631745134,forced,51,naive,20,1.0,expC_intermediate,5,20,1.0,8,source-sep-noise-budget
1.0,1.0,0.9955750064849853,0.004301772276945799,20,500,41,21,0.0021708968561142683,0.022617815954145044,0.01702641631745134,forced,61,naive,20,1.0,expC_intermediate,5,20,1.0,8,source-sep-noise-budget
0.578125,0.5218750238418579,0.52981251257658,0.014202909997543242,40,500,21,1,0.9029704332351685,0.968863405585289,0.02465511472046749,forced,10,naive,0,0.0,expC_intermediate,5,9,0.45,8,source-sep-noise-budget
0.925000011920929,0.887499988079071,0.8925625118017196,0.00999980502163424,40,500,21,1,0.16622069478034973,0.21628195565938949,0.0235488015053883,forced,19,naive,0,0.0,expC_intermediate,5,18,0.9,8,source-sep-noise-budget
0.9281250238418579,0.8968750238418579,0.8991750121116638,0.00953934269694254,40,500,21,1,0.14430202543735504,0.19175866237282754,0.020684773690185045,forced,20,naive,0,0.0,expC_intermediate,5,19,0.95,8,source-sep-noise-budget
0.971875011920929,0.9375,0.949262511730194,0.005932810350050817,40,500,21,1,0.07408935576677322,0.09946103811264038,0.014682545004633547,forced,21,naive,0,0.0,expC_intermediate,5,20,1.0,8,source-sep-noise-budget
0.971875011920929,0.9375,0.949262511730194,0.005932810350050817,40,500,21,1,0.07408935576677322,0.09946103811264038,0.014682545004633547,forced,22,naive,0,0.0,expC_intermediate,5,20,1.0,8,source-sep-noise-budget
0.971875011920929,0.9375,0.949262511730194,0.005932810350050817,40,500,21,1,0.07408935576677322,0.09946103811264038,0.014682545004633547,forced,23,naive,0,0.0,expC_intermediate,5,20,1.0,8,source-sep-noise-budget
0.971875011920929,0.9375,0.949262511730194,0.005932810350050817,40,500,21,1,0.07408935576677322,0.09946103811264038,0.014682545004633547,forced,31,naive,0,0.0,expC_intermediate,5,20,1.0,8,source-sep-noise-budget
0.971875011920929,0.9375,0.949262511730194,0.005932810350050817,40,500,21,1,0.07408935576677322,0.09946103811264038,0.014682545004633547,forced,41,naive,0,0.0,expC_intermediate,5,20,1.0,8,source-sep-noise-budget
0.45625001192092896,0.39375001192092896,0.40081875562667846,0.01914004585201329,40,500,31,11,1.5557066202163696,1.6341909148693086,0.02885554483222529,forced,10,naive,10,0.25,expC_intermediate,5,0,0.0,8,source-sep-noise-budget
0.796875,0.7562500238418579,0.7654562631845474,0.010158453716112579,40,500,31,11,0.5021281242370605,0.5559996385574341,0.023163563626402688,forced,20,naive,10,0.25,expC_intermediate,5,9,0.45,8,source-sep-noise-budget
0.918749988079071,0.890625,0.8956187621355057,0.008565234505305086,40,500,31,11,0.18601177632808685,0.23679532113671303,0.021857896417894665,forced,29,naive,10,0.25,expC_intermediate,5,18,0.9,8,source-sep-noise-budget
0.9312500357627869,0.8843750357627869,0.9002187633514405,0.00873050061932162,40,500,31,11,0.14529219269752502,0.206398389428854,0.020751361772125776,forced,30,naive,10,0.25,expC_intermediate,5,19,0.95,8,source-sep-noise-budget
0.965624988079071,0.949999988079071,0.9492500118017196,0.0060936682671438765,40,500,31,11,0.07330511510372162,0.11571600750088691,0.016676142525693466,forced,31,naive,10,0.25,expC_intermediate,5,20,1.0,8,source-sep-noise-budget
0.965624988079071,0.949999988079071,0.9492500118017196,0.0060936682671438765,40,500,31,11,0.07330511510372162,0.11571600750088691,0.016676142525693466,forced,32,naive,10,0.25,expC_intermediate,5,20,1.0,8,source-sep-noise-budget
0.965624988079071,0.949999988079071,0.9492500118017196,0.0060936682671438765,40,500,31,11,0.07330511510372162,0.11571600750088691,0.016676142525693466,forced,33,naive,10,0.25,expC_intermediate,5,20,1.0,8,source-sep-noise-budget
0.965624988079071,0.949999988079071,0.9492500118017196,0.0060936682671438765,40,500,31,11,0.07330511510372162,0.11571600750088691,0.016676142525693466,forced,41,naive,10,0.25,expC_intermediate,5,20,1.0,8,source-sep-noise-budget
0.965624988079071,0.949999988079071,0.9492500118017196,0.0060936682671438765,40,500,31,11,0.07330511510372162,0.11571600750088691,0.016676142525693466,forced,51,naive,10,0.25,expC_intermediate,5,20,1.0,8,source-sep-noise-budget
0.09375,0.046875,0.05011250085197389,0.012452528905938877,40,500,41,21,2.977607250213623,2.99813018655777,0.0036437740330953166,forced,10,naive,20,0.5,expC_intermediate,5,0,0.0,8,source-sep-noise-budget
0.3031249940395355,0.2593750059604645,0.24642500442266463,0.015735629993477385,40,500,41,21,1.8330237865447998,1.9020637466907502,0.021978377004147526,forced,20,naive,20,0.5,expC_intermediate,5,0,0.0,8,source-sep-noise-budget
0.9625000357627869,0.918749988079071,0.942481260895729,0.008306366039824353,40,500,41,21,0.09533234685659409,0.14796203820407391,0.023828130697854083,forced,39,naive,20,0.5,expC_intermediate,5,18,0.9,8,source-sep-noise-budget
0.96875,0.949999988079071,0.9493187605142593,0.0061161234440065305,40,500,41,21,0.07355944067239761,0.10919889068603515,0.02014444811078382,forced,40,naive,20,0.5,expC_intermediate,5,19,0.95,8,source-sep-noise-budget
1.0,1.0,0.9961875048875809,0.00385730957065181,40,500,41,21,0.003214427037164569,0.019880428125616162,0.014673820255780779,forced,41,naive,20,0.5,expC_intermediate,5,20,1.0,8,source-sep-noise-budget
1.0,1.0,0.9961875048875809,0.00385730957065181,40,500,41,21,0.003214427037164569,0.019880428125616162,0.014673820255780779,forced,42,naive,20,0.5,expC_intermediate,5,20,1.0,8,source-sep-noise-budget
1.0,1.0,0.9961875048875809,0.00385730957065181,40,500,41,21,0.003214427037164569,0.019880428125616162,0.014673820255780779,forced,43,naive,20,0.5,expC_intermediate,5,20,1.0,8,source-sep-noise-budget
1.0,1.0,0.9961875048875809,0.00385730957065181,40,500,41,21,0.003214427037164569,0.019880428125616162,0.014673820255780779,forced,51,naive,20,0.5,expC_intermediate,5,20,1.0,8,source-sep-noise-budget
1.0,1.0,0.9961875048875809,0.00385730957065181,40,500,41,21,0.003214427037164569,0.019880428125616162,0.014673820255780779,forced,61,naive,20,0.5,expC_intermediate,5,20,1.0,8,source-sep-noise-budget
0.09687500447034836,0.05625000223517418,0.0496312509085983,0.012464040673730855,40,500,51,31,2.982210159301758,2.998029770851135,0.0035124864241174733,forced,10,naive,30,0.75,expC_intermediate,5,0,0.0,8,source-sep-noise-budget
0.09687500447034836,0.046875,0.04968750077299774,0.012108719840852138,40,500,51,31,2.9805142879486084,2.998129343032837,0.0036350279250272496,forced,20,naive,30,0.75,expC_intermediate,5,0,0.0,8,source-sep-noise-budget
0.965624988079071,0.9437500238418579,0.9449812611341476,0.007075736578730206,40,500,51,31,0.08661547303199768,0.13640956027805806,0.018981953540289573,forced,49,naive,30,0.75,expC_intermediate,5,18,0.9,8,source-sep-noise-budget
0.965624988079071,0.9468750357627869,0.9493875105381012,0.006804740987210484,40,500,51,31,0.07589025795459747,0.10925043994188309,0.017819960844110957,forced,50,naive,30,0.75,expC_intermediate,5,19,0.95,8,source-sep-noise-budget
1.0,1.0,0.996443754196167,0.0039267575336968605,40,500,51,31,0.0018699921201914549,0.019681492381729185,0.016182293747434663,forced,51,naive,30,0.75,expC_intermediate,5,20,1.0,8,source-sep-noise-budget
1.0,1.0,0.996443754196167,0.0039267575336968605,40,500,51,31,0.0018699921201914549,0.019681492381729185,0.016182293747434663,forced,52,naive,30,0.75,expC_intermediate,5,20,1.0,8,source-sep-noise-budget
1.0,1.0,0.996443754196167,0.0039267575336968605,40,500,51,31,0.0018699921201914549,0.019681492381729185,0.016182293747434663,forced,53,naive,30,0.75,expC_intermediate,5,20,1.0,8,source-sep-noise-budget
1.0,1.0,0.996443754196167,0.0039267575336968605,40,500,51,31,0.0018699921201914549,0.019681492381729185,0.016182293747434663,forced,61,naive,30,0.75,expC_intermediate,5,20,1.0,8,source-sep-noise-budget
1.0,1.0,0.996443754196167,0.0039267575336968605,40,500,51,31,0.0018699921201914549,0.019681492381729185,0.016182293747434663,forced,71,naive,30,0.75,expC_intermediate,5,20,1.0,8,source-sep-noise-budget
0.09375,0.05000000074505806,0.04870625074580312,0.012608360175317487,40,500,61,41,2.9796900749206543,2.998286841392517,0.0036358428655618854,forced,10,naive,40,1.0,expC_intermediate,5,0,0.0,8,source-sep-noise-budget
0.10312499850988388,0.04374999925494194,0.04907500084117055,0.012201268067711291,40,500,61,41,2.979710102081299,2.9983316469192505,0.0037499898708074023,forced,20,naive,40,1.0,expC_intermediate,5,0,0.0,8,source-sep-noise-budget
0.925000011920929,0.9000000357627869,0.8966562614440918,0.008852690026452704,40,500,61,41,0.1782553493976593,0.22792931920289994,0.023621687776471417,forced,59,naive,40,1.0,expC_intermediate,5,18,0.9,8,source-sep-noise-budget
0.9281250238418579,0.909375011920929,0.9014687613248825,0.007524112854825698,40,500,61,41,0.15166768431663513,0.19799610456824301,0.016853188239383653,forced,60,naive,40,1.0,expC_intermediate,5,19,0.95,8,source-sep-noise-budget
1.0,0.9937500357627869,0.9962437554597855,0.003988740274690384,40,500,61,41,0.002578645246103406,0.019394198139663785,0.015637154828979944,forced,61,naive,40,1.0,expC_intermediate,5,20,1.0,8,source-sep-noise-budget
1.0,0.9937500357627869,0.9962437554597855,0.003988740274690384,40,500,61,41,0.002578645246103406,0.019394198139663785,0.015637154828979944,forced,62,naive,40,1.0,expC_intermediate,5,20,1.0,8,source-sep-noise-budget
1.0,0.9937500357627869,0.9962437554597855,0.003988740274690384,40,500,61,41,0.002578645246103406,0.019394198139663785,0.015637154828979944,forced,63,naive,40,1.0,expC_intermediate,5,20,1.0,8,source-sep-noise-budget
1.0,0.9937500357627869,0.9962437554597855,0.003988740274690384,40,500,61,41,0.002578645246103406,0.019394198139663785,0.015637154828979944,forced,71,naive,40,1.0,expC_intermediate,5,20,1.0,8,source-sep-noise-budget
1.0,0.9937500357627869,0.9962437554597855,0.003988740274690384,40,500,61,41,0.002578645246103406,0.019394198139663785,0.015637154828979944,forced,81,naive,40,1.0,expC_intermediate,5,20,1.0,8,source-sep-noise-budget
0.581250011920929,0.518750011920929,0.5266687617897987,0.01496246730125859,80,500,21,1,0.8788415789604187,0.9565885407924652,0.02411887141543323,forced,10,naive,0,0.0,expC_intermediate,5,9,0.45,8,source-sep-noise-budget
0.9625000357627869,0.940625011920929,0.9390500121116638,0.009131195792119014,80,500,21,1,0.10185004770755768,0.15585811007022857,0.028068330566561932,forced,19,naive,0,0.0,expC_intermediate,5,18,0.9,8,source-sep-noise-budget
0.925000011920929,0.9000000357627869,0.9012437613010407,0.008571615904206225,80,500,21,1,0.1477242112159729,0.18618143412470817,0.01797298232693787,forced,20,naive,0,0.0,expC_intermediate,5,19,0.95,8,source-sep-noise-budget
0.96875,0.9625000357627869,0.9488375124931335,0.006943981889656491,80,500,21,1,0.06561068445444107,0.10259004521369934,0.018050911453020915,forced,21,naive,0,0.0,expC_intermediate,5,20,1.0,8,source-sep-noise-budget
0.96875,0.9625000357627869,0.9488375124931335,0.006943981889656491,80,500,21,1,0.06561068445444107,0.10259004521369934,0.018050911453020915,forced,22,naive,0,0.0,expC_intermediate,5,20,1.0,8,source-sep-noise-budget
0.96875,0.9625000357627869,0.9488375124931335,0.006943981889656491,80,500,21,1,0.06561068445444107,0.10259004521369934,0.018050911453020915,forced,23,naive,0,0.0,expC_intermediate,5,20,1.0,8,source-sep-noise-budget
0.96875,0.9625000357627869,0.9488375124931335,0.006943981889656491,80,500,21,1,0.06561068445444107,0.10259004521369934,0.018050911453020915,forced,31,naive,0,0.0,expC_intermediate,5,20,1.0,8,source-sep-noise-budget
0.96875,0.9625000357627869,0.9488375124931335,0.006943981889656491,80,500,21,1,0.06561068445444107,0.10259004521369934,0.018050911453020915,forced,41,naive,0,0.0,expC_intermediate,5,20,1.0,8,source-sep-noise-budget
0.09375,0.046875,0.050025000903755425,0.011487058214682553,80,500,41,21,2.9827280044555664,2.997816628932953,0.0034117103219643836,forced,10,naive,20,0.25,expC_intermediate,5,0,0.0,8,source-sep-noise-budget
0.3843750059604645,0.33125001192092896,0.33862500566244125,0.014485444895625421,80,500,41,21,1.656238317489624,1.7400535521507263,0.025024283270921266,forced,20,naive,20,0.25,expC_intermediate,5,0,0.0,8,source-sep-noise-budget
0.9625000357627869,0.949999988079071,0.9451937619447708,0.00701042464654306,80,500,41,21,0.0799821987748146,0.13498281854391098,0.021247507155918232,forced,39,naive,20,0.25,expC_intermediate,5,18,0.9,8,source-sep-noise-budget
0.96875,0.9468750357627869,0.9491750108003616,0.006406099416988127,80,500,41,21,0.07045678794384003,0.10728329247236251,0.01474426125779787,forced,40,naive,20,0.25,expC_intermediate,5,19,0.95,8,source-sep-noise-budget
1.0,0.996874988079071,0.9966187543869018,0.003712401433119858,80,500,41,21,0.003309696912765503,0.017066054136957973,0.014700329590141021,forced,41,naive,20,0.25,expC_intermediate,5,20,1.0,8,source-sep-noise-budget
1.0,0.996874988079071,0.9966187543869018,0.003712401433119858,80,500,41,21,0.003309696912765503,0.017066054136957973,0.014700329590141021,forced,42,naive,20,0.25,expC_intermediate,5,20,1.0,8,source-sep-noise-budget
1.0,0.996874988079071,0.9966187543869018,0.003712401433119858,80,500,41,21,0.003309696912765503,0.017066054136957973,0.014700329590141021,forced,43,naive,20,0.25,expC_intermediate,5,20,1.0,8,source-sep-noise-budget
1.0,0.996874988079071,0.9966187543869018,0.003712401433119858,80,500,41,21,0.003309696912765503,0.017066054136957973,0.014700329590141021,forced,51,naive,20,0.25,expC_intermediate,5,20,1.0,8,source-sep-noise-budget
1.0,0.996874988079071,0.9966187543869018,0.003712401433119858,80,500,41,21,0.003309696912765503,0.017066054136957973,0.014700329590141021,forced,61,naive,20,0.25,expC_intermediate,5,20,1.0,8,source-sep-noise-budget
0.10000000149011612,0.046875,0.0500375010073185,0.011762566650855679,80,500,61,41,2.9810397624969482,2.9978559103012086,0.003570364253321381,forced,10,naive,40,0.5,expC_intermediate,5,0,0.0,8,source-sep-noise-budget
0.09687500447034836,0.046875,0.04971250086650252,0.011924050162578805,80,500,61,41,2.982210636138916,2.9979636483192444,0.003692424562746669,forced,20,naive,40,0.5,expC_intermediate,5,0,0.0,8,source-sep-noise-budget
0.965624988079071,0.949999988079071,0.9420500111579895,0.008392277662257221,80,500,61,41,0.09024424105882645,0.1486394095569849,0.02370276853056395,forced,59,naive,40,0.5,expC_intermediate,5,18,0.9,8,source-sep-noise-budget
0.96875,0.956250011920929,0.9490000118017197,0.006591896451997252,80,500,61,41,0.07435324043035507,0.1107401584982872,0.017507482444736752,forced,60,naive,40,0.5,expC_intermediate,5,19,0.95,8,source-sep-noise-budget
1.0,0.996874988079071,0.9961000055074691,0.003965781963309333,80,500,61,41,0.002542344853281975,0.020270439099054783,0.01669902350942809,forced,61,naive,40,0.5,expC_intermediate,5,20,1.0,8,source-sep-noise-budget
1.0,0.996874988079071,0.9961000055074691,0.003965781963309333,80,500,61,41,0.002542344853281975,0.020270439099054783,0.01669902350942809,forced,62,naive,40,0.5,expC_intermediate,5,20,1.0,8,source-sep-noise-budget
1.0,0.996874988079071,0.9961000055074691,0.003965781963309333,80,500,61,41,0.002542344853281975,0.020270439099054783,0.01669902350942809,forced,63,naive,40,0.5,expC_intermediate,5,20,1.0,8,source-sep-noise-budget
1.0,0.996874988079071,0.9961000055074691,0.003965781963309333,80,500,61,41,0.002542344853281975,0.020270439099054783,0.01669902350942809,forced,71,naive,40,0.5,expC_intermediate,5,20,1.0,8,source-sep-noise-budget
1.0,0.996874988079071,0.9961000055074691,0.003965781963309333,80,500,61,41,0.002542344853281975,0.020270439099054783,0.01669902350942809,forced,81,naive,40,0.5,expC_intermediate,5,20,1.0,8,source-sep-noise-budget
0.10625000298023224,0.046875,0.05026250094920397,0.012043599376396428,80,500,81,61,2.9828174114227295,2.997818353176117,0.003604791601840317,forced,10,naive,60,0.75,expC_intermediate,5,0,0.0,8,source-sep-noise-budget
0.09687500447034836,0.04374999925494194,0.04988125092163682,0.012140356107451468,80,500,81,61,2.9825503826141357,2.9979116063117983,0.0036311481273454734,forced,20,naive,60,0.75,expC_intermediate,5,0,0.0,8,source-sep-noise-budget
0.9593750238418579,0.9312500357627869,0.9395062609910965,0.00923744685121567,80,500,81,61,0.08523769676685333,0.1553396945297718,0.02726569717211126,forced,79,naive,60,0.75,expC_intermediate,5,18,0.9,8,source-sep-noise-budget
0.965624988079071,0.953125,0.9480312620401382,0.006213248557674889,80,500,81,61,0.07366780191659927,0.11140102802217007,0.016699963912957246,forced,80,naive,60,0.75,expC_intermediate,5,19,0.95,8,source-sep-noise-budget
1.0,0.9937500357627869,0.9969750027656555,0.0032700260482047723,80,500,81,61,0.0017976168310269713,0.0160825517650228,0.012754581788151084,forced,81,naive,60,0.75,expC_intermediate,5,20,1.0,8,source-sep-noise-budget
1.0,0.9937500357627869,0.9969750027656555,0.0032700260482047723,80,500,81,61,0.0017976168310269713,0.0160825517650228,0.012754581788151084,forced,82,naive,60,0.75,expC_intermediate,5,20,1.0,8,source-sep-noise-budget
1.0,0.9937500357627869,0.9969750027656555,0.0032700260482047723,80,500,81,61,0.0017976168310269713,0.0160825517650228,0.012754581788151084,forced,83,naive,60,0.75,expC_intermediate,5,20,1.0,8,source-sep-noise-budget
1.0,0.9937500357627869,0.9969750027656555,0.0032700260482047723,80,500,81,61,0.0017976168310269713,0.0160825517650228,0.012754581788151084,forced,91,naive,60,0.75,expC_intermediate,5,20,1.0,8,source-sep-noise-budget
1.0,0.9937500357627869,0.9969750027656555,0.0032700260482047723,80,500,81,61,0.0017976168310269713,0.0160825517650228,0.012754581788151084,forced,101,naive,60,0.75,expC_intermediate,5,20,1.0,8,source-sep-noise-budget
0.109375,0.046875,0.05004375088959932,0.011946251825309607,80,500,101,81,2.9839835166931152,2.99784583568573,0.0035765515031674112,forced,10,naive,80,1.0,expC_intermediate,5,0,0.0,8,source-sep-noise-budget
0.10312499850988388,0.046875,0.049950000872835514,0.011563236675409538,80,500,101,81,2.9825491905212402,2.997886267185211,0.0036067748633887464,forced,20,naive,80,1.0,expC_intermediate,5,0,0.0,8,source-sep-noise-budget
0.9312500357627869,0.909375011920929,0.8982312626838684,0.008649898203228836,80,500,101,81,0.14405803382396698,0.2047875638604164,0.019382678590056747,forced,99,naive,80,1.0,expC_intermediate,5,18,0.9,8,source-sep-noise-budget
0.965624988079071,0.949999988079071,0.942906262755394,0.008322773099913562,80,500,101,81,0.08559755235910416,0.13047614689171314,0.022541469323417482,forced,100,naive,80,1.0,expC_intermediate,5,19,0.95,8,source-sep-noise-budget
0.96875,0.965624988079071,0.9471250123977661,0.007401433873704918,80,500,101,81,0.07234697043895721,0.11170098841190339,0.020663319480470087,forced,101,naive,80,1.0,expC_intermediate,5,20,1.0,8,source-sep-noise-budget
0.96875,0.965624988079071,0.9471250123977661,0.007401433873704918,80,500,101,81,0.07234697043895721,0.11170098841190339,0.020663319480470087,forced,102,naive,80,1.0,expC_intermediate,5,20,1.0,8,source-sep-noise-budget
0.96875,0.965624988079071,0.9471250123977661,0.007401433873704918,80,500,101,81,0.07234697043895721,0.11170098841190339,0.020663319480470087,forced,103,naive,80,1.0,expC_intermediate,5,20,1.0,8,source-sep-noise-budget
0.96875,0.965624988079071,0.9471250123977661,0.007401433873704918,80,500,101,81,0.07234697043895721,0.11170098841190339,0.020663319480470087,forced,111,naive,80,1.0,expC_intermediate,5,20,1.0,8,source-sep-noise-budget
0.96875,0.965624988079071,0.9471250123977661,0.007401433873704918,80,500,101,81,0.07234697043895721,0.11170098841190339,0.020663319480470087,forced,121,naive,80,1.0,expC_intermediate,5,20,1.0,8,source-sep-noise-budget
0.5875000357627869,0.5375000238418579,0.5286625096797943,0.014687638559326682,20,500,21,1,0.885821521282196,0.951827859044075,0.022955296715327117,forced,10,naive,0,0.0,expC_intermediate,6,9,0.45,8,source-sep-noise-budget
0.7562500238418579,0.7093750238418579,0.7148500120639801,0.012386396390929404,20,500,21,1,0.5011018514633179,0.554563504934311,0.02081518729210596,forced,19,naive,0,0.0,expC_intermediate,6,18,0.9,8,source-sep-noise-budget
0.8062500357627869,0.762499988079071,0.7623875123262406,0.011867886081083223,20,500,21,1,0.4216080605983734,0.48284734451770783,0.023055334049428604,forced,20,naive,0,0.0,expC_intermediate,6,19,0.95,8,source-sep-noise-budget
0.809374988079071,0.7718750238418579,0.768062511920929,0.01221055608046256,20,500,21,1,0.39528822898864746,0.47011850160360336,0.019637523828198524,forced,21,naive,0,0.0,expC_intermediate,6,20,1.0,8,source-sep-noise-budget
0.809374988079071,0.7718750238418579,0.768062511920929,0.01221055608046256,20,500,21,1,0.39528822898864746,0.47011850160360336,0.019637523828198524,forced,22,naive,0,0.0,expC_intermediate,6,20,1.0,8,source-sep-noise-budget
0.809374988079071,0.7718750238418579,0.768062511920929,0.01221055608046256,20,500,21,1,0.39528822898864746,0.47011850160360336,0.019637523828198524,forced,23,naive,0,0.0,expC_intermediate,6,20,1.0,8,source-sep-noise-budget
0.809374988079071,0.7718750238418579,0.768062511920929,0.01221055608046256,20,500,21,1,0.39528822898864746,0.47011850160360336,0.019637523828198524,forced,31,naive,0,0.0,expC_intermediate,6,20,1.0,8,source-sep-noise-budget
0.809374988079071,0.7718750238418579,0.768062511920929,0.01221055608046256,20,500,21,1,0.39528822898864746,0.47011850160360336,0.019637523828198524,forced,41,naive,0,0.0,expC_intermediate,6,20,1.0,8,source-sep-noise-budget
0.3218750059604645,0.28437501192092896,0.25758750572800637,0.0184964155545758,20,500,26,6,1.651980996131897,1.771445703983307,0.07505669984334658,forced,10,naive,5,0.25,expC_intermediate,6,4,0.2,8,source-sep-noise-budget
0.96875,0.9468750357627869,0.9490875110626221,0.006329751476627835,20,500,26,6,0.0838552936911583,0.11529562582075596,0.016921659135935848,forced,20,naive,5,0.25,expC_intermediate,6,14,0.7,8,source-sep-noise-budget
0.925000011920929,0.9000000357627869,0.8981687633991241,0.008433218276466582,20,500,26,6,0.16412842273712158,0.2261427511870861,0.021497007360426115,forced,24,naive,5,0.25,expC_intermediate,6,18,0.9,8,source-sep-noise-budget
0.921875,0.9000000357627869,0.8997062633037567,0.008755111668859825,20,500,26,6,0.1520705670118332,0.2075586543381214,0.019513720652633116,forced,25,naive,5,0.25,expC_intermediate,6,19,0.95,8,source-sep-noise-budget
0.96875,0.9437500238418579,0.9491875104904175,0.006676391700904339,20,500,26,6,0.07928383350372314,0.11624396346509457,0.015962793862392837,forced,26,naive,5,0.25,expC_intermediate,6,20,1.0,8,source-sep-noise-budget
0.96875,0.9437500238418579,0.9491875104904175,0.006676391700904339,20,500,26,6,0.07928383350372314,0.11624396346509457,0.015962793862392837,forced,27,naive,5,0.25,expC_intermediate,6,20,1.0,8,source-sep-noise-budget
0.96875,0.9437500238418579,0.9491875104904175,0.006676391700904339,20,500,26,6,0.07928383350372314,0.11624396346509457,0.015962793862392837,forced,28,naive,5,0.25,expC_intermediate,6,20,1.0,8,source-sep-noise-budget
0.96875,0.9437500238418579,0.9491875104904175,0.006676391700904339,20,500,26,6,0.07928383350372314,0.11624396346509457,0.015962793862392837,forced,36,naive,5,0.25,expC_intermediate,6,20,1.0,8,source-sep-noise-budget
0.96875,0.9437500238418579,0.9491875104904175,0.006676391700904339,20,500,26,6,0.07928383350372314,0.11624396346509457,0.015962793862392837,forced,46,naive,5,0.25,expC_intermediate,6,20,1.0,8,source-sep-noise-budget
0.3062500059604645,0.21562500298023224,0.24680625426769257,0.01690550509812681,20,500,31,11,1.8295120000839233,1.8958595616817475,0.021532864317082304,forced,10,naive,10,0.5,expC_intermediate,6,0,0.0,8,source-sep-noise-budget
0.5562500357627869,0.5,0.5094375110268593,0.01589012872175814,20,500,31,11,1.0092861652374268,1.0918476088047027,0.027843777608697863,forced,20,naive,10,0.5,expC_intermediate,6,9,0.45,8,source-sep-noise-budget
0.9625000357627869,0.940625011920929,0.9445000120401382,0.007897288947374646,20,500,31,11,0.08492790162563324,0.13850487108528614,0.02091636165777654,forced,29,naive,10,0.5,expC_intermediate,6,18,0.9,8,source-sep-noise-budget
0.96875,0.940625011920929,0.94927501142025,0.0069752453980668995,20,500,31,11,0.0760388895869255,0.11156409479677677,0.01742022503112362,forced,30,naive,10,0.5,expC_intermediate,6,19,0.95,8,source-sep-noise-budget
1.0,1.0,0.9956437557935714,0.0042467320347292494,20,500,31,11,0.003186175599694252,0.02207687485171482,0.01675578844562827,forced,31,naive,10,0.5,expC_intermediate,6,20,1.0,8,source-sep-noise-budget
1.0,1.0,0.9956437557935714,0.0042467320347292494,20,500,31,11,0.003186175599694252,0.02207687485171482,0.01675578844562827,forced,32,naive,10,0.5,expC_intermediate,6,20,1.0,8,source-sep-noise-budget
1.0,1.0,0.9956437557935714,0.0042467320347292494,20,500,31,11,0.003186175599694252,0.02207687485171482,0.01675578844562827,forced,33,naive,10,0.5,expC_intermediate,6,20,1.0,8,source-sep-noise-budget
1.0,1.0,0.9956437557935714,0.0042467320347292494,20,500,31,11,0.003186175599694252,0.02207687485171482,0.01675578844562827,forced,41,naive,10,0.5,expC_intermediate,6,20,1.0,8,source-sep-noise-budget
1.0,1.0,0.9956437557935714,0.0042467320347292494,20,500,31,11,0.003186175599694252,0.02207687485171482,0.01675578844562827,forced,51,naive,10,0.5,expC_intermediate,6,20,1.0,8,source-sep-noise-budget
0.15312500298023224,0.11562500149011612,0.10186875146627426,0.012684727137785273,20,500,36,16,2.7458667755126953,2.8184592356681826,0.023544466778957367,forced,10,naive,15,0.75,expC_intermediate,6,0,0.0,8,source-sep-noise-budget
0.359375,0.3031249940395355,0.30796250569820405,0.015496880132650059,20,500,36,16,1.5947012901306152,1.6810698065757752,0.02620958975638089,forced,20,naive,15,0.75,expC_intermediate,6,4,0.2,8,source-sep-noise-budget
0.9375,0.903124988079071,0.9116312620639802,0.009402416658820452,20,500,36,16,0.16723401844501495,0.22418746691942215,0.022651969906020458,forced,34,naive,15,0.75,expC_intermediate,6,18,0.9,8,source-sep-noise-budget
0.9781250357627869,0.9593750238418579,0.951581260919571,0.010505748474859838,20,500,36,16,0.0624660961329937,0.12685723062604665,0.03295827051088817,forced,35,naive,15,0.75,expC_intermediate,6,19,0.95,8,source-sep-noise-budget
1.0,1.0,0.9940187596082687,0.00533506053191957,20,500,36,16,0.003297428833320737,0.028600572820287197,0.020621486699791507,forced,36,naive,15,0.75,expC_intermediate,6,20,1.0,8,source-sep-noise-budget
1.0,1.0,0.9940187596082687,0.00533506053191957,20,500,36,16,0.003297428833320737,0.028600572820287197,0.020621486699791507,forced,37,naive,15,0.75,expC_intermediate,6,20,1.0,8,source-sep-noise-budget
1.0,1.0,0.9940187596082687,0.00533506053191957,20,500,36,16,0.003297428833320737,0.028600572820287197,0.020621486699791507,forced,38,naive,15,0.75,expC_intermediate,6,20,1.0,8,source-sep-noise-budget
1.0,1.0,0.9940187596082687,0.00533506053191957,20,500,36,16,0.003297428833320737,0.028600572820287197,0.020621486699791507,forced,46,naive,15,0.75,expC_intermediate,6,20,1.0,8,source-sep-noise-budget
1.0,1.0,0.9940187596082687,0.00533506053191957,20,500,36,16,0.003297428833320737,0.028600572820287197,0.020621486699791507,forced,56,naive,15,0.75,expC_intermediate,6,20,1.0,8,source-sep-noise-budget
0.09687500447034836,0.05937499925494194,0.04939375079795718,0.011751148599455362,20,500,41,21,2.9806160926818848,2.99894668340683,0.004286112055714326,forced,10,naive,20,1.0,expC_intermediate,6,0,0.0,8,source-sep-noise-budget
0.30937501788139343,0.26250001788139343,0.24465000396966935,0.015223933897096783,20,500,41,21,1.8439334630966187,1.8964842422008514,0.021628939113302104,forced,20,naive,20,1.0,expC_intermediate,6,0,0.0,8,source-sep-noise-budget
0.9312500357627869,0.9156250357627869,0.9087375124692917,0.008090300553252142,20,500,41,21,0.17065446078777313,0.221691611379385,0.02018813240665272,forced,39,naive,20,1.0,expC_intermediate,6,18,0.9,8,source-sep-noise-budget
0.9781250357627869,0.9625000357627869,0.9574125112295151,0.008308985382717892,20,500,41,21,0.06410759687423706,0.11017605923116207,0.022152206188006878,forced,40,naive,20,1.0,expC_intermediate,6,19,0.95,8,source-sep-noise-budget
1.0,0.9937500357627869,0.9946375081539154,0.004659641503772613,20,500,41,21,0.003929092548787594,0.026598886092193425,0.02011929399958118,forced,41,naive,20,1.0,expC_intermediate,6,20,1.0,8,source-sep-noise-budget
1.0,0.9937500357627869,0.9946375081539154,0.004659641503772613,20,500,41,21,0.003929092548787594,0.026598886092193425,0.02011929399958118,forced,42,naive,20,1.0,expC_intermediate,6,20,1.0,8,source-sep-noise-budget
1.0,0.9937500357627869,0.9946375081539154,0.004659641503772613,20,500,41,21,0.003929092548787594,0.026598886092193425,0.02011929399958118,forced,43,naive,20,1.0,expC_intermediate,6,20,1.0,8,source-sep-noise-budget
1.0,0.9937500357627869,0.9946375081539154,0.004659641503772613,20,500,41,21,0.003929092548787594,0.026598886092193425,0.02011929399958118,forced,51,naive,20,1.0,expC_intermediate,6,20,1.0,8,source-sep-noise-budget
1.0,0.9937500357627869,0.9946375081539154,0.004659641503772613,20,500,41,21,0.003929092548787594,0.026598886092193425,0.02011929399958118,forced,61,naive,20,1.0,expC_intermediate,6,20,1.0,8,source-sep-noise-budget
0.596875011920929,0.515625,0.527137511074543,0.014194567809193254,40,500,21,1,0.8827669024467468,0.9548666787147522,0.02238780539260624,forced,10,naive,0,0.0,expC_intermediate,6,9,0.45,8,source-sep-noise-budget
0.921875,0.878125011920929,0.8941062626838684,0.01106311890720293,40,500,21,1,0.16171690821647644,0.216536729991436,0.026006386617317887,forced,19,naive,0,0.0,expC_intermediate,6,18,0.9,8,source-sep-noise-budget
0.9750000238418579,0.949999988079071,0.9402625114917755,0.008846865843929297,40,500,21,1,0.08141323179006577,0.13659915390610694,0.02312933138580189,forced,20,naive,0,0.0,expC_intermediate,6,19,0.95,8,source-sep-noise-budget
0.9625000357627869,0.949999988079071,0.9425062615871429,0.008637444801522013,40,500,21,1,0.07671427726745605,0.12606328245997428,0.02318939822032169,forced,21,naive,0,0.0,expC_intermediate,6,20,1.0,8,source-sep-noise-budget
0.9625000357627869,0.949999988079071,0.9425062615871429,0.008637444801522013,40,500,21,1,0.07671427726745605,0.12606328245997428,0.02318939822032169,forced,22,naive,0,0.0,expC_intermediate,6,20,1.0,8,source-sep-noise-budget
0.9625000357627869,0.949999988079071,0.9425062615871429,0.008637444801522013,40,500,21,1,0.07671427726745605,0.12606328245997428,0.02318939822032169,forced,23,naive,0,0.0,expC_intermediate,6,20,1.0,8,source-sep-noise-budget
0.9625000357627869,0.949999988079071,0.9425062615871429,0.008637444801522013,40,500,21,1,0.07671427726745605,0.12606328245997428,0.02318939822032169,forced,31,naive,0,0.0,expC_intermediate,6,20,1.0,8,source-sep-noise-budget
0.9625000357627869,0.949999988079071,0.9425062615871429,0.008637444801522013,40,500,21,1,0.07671427726745605,0.12606328245997428,0.02318939822032169,forced,41,naive,0,0.0,expC_intermediate,6,20,1.0,8,source-sep-noise-budget
0.3187499940395355,0.24375000596046448,0.2477375039458275,0.015507000437002889,40,500,31,11,1.8390716314315796,1.9003704679012299,0.021526740212062315,forced,10,naive,10,0.25,expC_intermediate,6,0,0.0,8,source-sep-noise-budget
0.5562500357627869,0.5218750238418579,0.5116000128984451,0.015514943730846607,40,500,31,11,1.0025851726531982,1.081187218427658,0.02688437855869227,forced,20,naive,10,0.25,expC_intermediate,6,9,0.45,8,source-sep-noise-budget
0.965624988079071,0.925000011920929,0.9439937617778779,0.007510354686854106,40,500,31,11,0.07744584232568741,0.13955671317875384,0.02206339047539851,forced,29,naive,10,0.25,expC_intermediate,6,18,0.9,8,source-sep-noise-budget
0.965624988079071,0.940625011920929,0.9489812624454498,0.0066318688641141136,40,500,31,11,0.07295199483633041,0.1133179196715355,0.0172938501833658,forced,30,naive,10,0.25,expC_intermediate,6,19,0.95,8,source-sep-noise-budget
1.0,0.996874988079071,0.9948000074625015,0.004692806158561751,40,500,31,11,0.003394095925614238,0.02556885167164728,0.018314809995794632,forced,31,naive,10,0.25,expC_intermediate,6,20,1.0,8,source-sep-noise-budget
1.0,0.996874988079071,0.9948000074625015,0.004692806158561751,40,500,31,11,0.003394095925614238,0.02556885167164728,0.018314809995794632,forced,32,naive,10,0.25,expC_intermediate,6,20,1.0,8,source-sep-noise-budget
1.0,0.996874988079071,0.9948000074625015,0.004692806158561751,40,500,31,11,0.003394095925614238,0.02556885167164728,0.018314809995794632,forced,33,naive,10,0.25,expC_intermediate,6,20,1.0,8,source-sep-noise-budget
1.0,0.996874988079071,0.9948000074625015,0.004692806158561751,40,500,31,11,0.003394095925614238,0.02556885167164728,0.018314809995794632,forced,41,naive,10,0.25,expC_intermediate,6,20,1.0,8,source-sep-noise-budget
1.0,0.996874988079071,0.9948000074625015,0.004692806158561751,40,500,31,11,0.003394095925614238,0.02556885167164728,0.018314809995794632,forced,51,naive,10,0.25,expC_intermediate,6,20,1.0,8,source-sep-noise-budget
0.10625000298023224,0.03750000149011612,0.050331250783056024,0.012740945237630003,40,500,41,21,2.980851650238037,2.99884032869339,0.004585935376906982,forced,10,naive,20,0.5,expC_intermediate,6,0,0.0,8,source-sep-noise-budget
0.3499999940395355,0.3218750059604645,0.3017687566280365,0.013756264724275477,40,500,41,21,1.880366563796997,1.9376486160755158,0.024874795238324976,forced,20,naive,20,0.5,expC_intermediate,6,0,0.0,8,source-sep-noise-budget
0.921875,0.887499988079071,0.8994625113010406,0.008804748554457432,40,500,41,21,0.15514758229255676,0.20573904040455818,0.02075005514517542,forced,39,naive,20,0.5,expC_intermediate,6,18,0.9,8,source-sep-noise-budget
0.9312500357627869,0.909375011920929,0.9028125116825104,0.008645583023731309,40,500,41,21,0.14561256766319275,0.18578498521447182,0.016739991864113412,forced,40,naive,20,0.5,expC_intermediate,6,19,0.95,8,source-sep-noise-budget
0.9750000238418579,0.949999988079071,0.9501875102519989,0.006525490438935604,40,500,41,21,0.05631134659051895,0.10438552643358708,0.01586382912666597,forced,41,naive,20,0.5,expC_intermediate,6,20,1.0,8,source-sep-noise-budget
0.9750000238418579,0.949999988079071,0.9501875102519989,0.006525490438935604,40,500,41,21,0.05631134659051895,0.10438552643358708,0.01586382912666597,forced,42,naive,20,0.5,expC_intermediate,6,20,1.0,8,source-sep-noise-budget
0.9750000238418579,0.949999988079071,0.9501875102519989,0.006525490438935604,40,500,41,21,0.05631134659051895,0.10438552643358708,0.01586382912666597,forced,43,naive,20,0.5,expC_intermediate,6,20,1.0,8,source-sep-noise-budget
0.9750000238418579,0.949999988079071,0.9501875102519989,0.006525490438935604,40,500,41,21,0.05631134659051895,0.10438552643358708,0.01586382912666597,forced,51,naive,20,0.5,expC_intermediate,6,20,1.0,8,source-sep-noise-budget
0.9750000238418579,0.949999988079071,0.9501875102519989,0.006525490438935604,40,500,41,21,0.05631134659051895,0.10438552643358708,0.01586382912666597,forced,61,naive,20,0.5,expC_intermediate,6,20,1.0,8,source-sep-noise-budget
0.09687500447034836,0.04062500223517418,0.04970625103265047,0.012442510370447753,40,500,51,31,2.979379177093506,2.9990332174301146,0.004678618349806098,forced,10,naive,30,0.75,expC_intermediate,6,0,0.0,8,source-sep-noise-budget
0.10312499850988388,0.02500000037252903,0.04941250081732869,0.012593655579556351,40,500,51,31,2.9789178371429443,2.9988326869010926,0.004525502878370268,forced,20,naive,30,0.75,expC_intermediate,6,0,0.0,8,source-sep-noise-budget
0.96875,0.949999988079071,0.9454000121355057,0.0074459074831995115,40,500,51,31,0.08761046081781387,0.13681729874014856,0.0193381062316262,forced,49,naive,30,0.75,expC_intermediate,6,18,0.9,8,source-sep-noise-budget
0.971875011920929,0.9468750357627869,0.9501562613248825,0.006271445867373141,40,500,51,31,0.07005852460861206,0.10628331446647644,0.014894397520112805,forced,50,naive,30,0.75,expC_intermediate,6,19,0.95,8,source-sep-noise-budget
1.0,0.9937500357627869,0.9975937513113022,0.0030380007291727494,40,500,51,31,0.001534908777102828,0.013681265606777742,0.011390311397396675,forced,51,naive,30,0.75,expC_intermediate,6,20,1.0,8,source-sep-noise-budget
1.0,0.9937500357627869,0.9975937513113022,0.0030380007291727494,40,500,51,31,0.001534908777102828,0.013681265606777742,0.011390311397396675,forced,52,naive,30,0.75,expC_intermediate,6,20,1.0,8,source-sep-noise-budget
1.0,0.9937500357627869,0.9975937513113022,0.0030380007291727494,40,500,51,31,0.001534908777102828,0.013681265606777742,0.011390311397396675,forced,53,naive,30,0.75,expC_intermediate,6,20,1.0,8,source-sep-noise-budget
1.0,0.9937500357627869,0.9975937513113022,0.0030380007291727494,40,500,51,31,0.001534908777102828,0.013681265606777742,0.011390311397396675,forced,61,naive,30,0.75,expC_intermediate,6,20,1.0,8,source-sep-noise-budget
1.0,0.9937500357627869,0.9975937513113022,0.0030380007291727494,40,500,51,31,0.001534908777102828,0.013681265606777742,0.011390311397396675,forced,71,naive,30,0.75,expC_intermediate,6,20,1.0,8,source-sep-noise-budget
0.09687500447034836,0.04062500223517418,0.05008750094100833,0.01282819789672145,40,500,61,41,2.9791297912597656,2.9990959644317625,0.0047153271095730365,forced,10,naive,40,1.0,expC_intermediate,6,0,0.0,8,source-sep-noise-budget
0.10000000149011612,0.03750000149011612,0.049762501016259196,0.012839995281722685,40,500,61,41,2.9781699180603027,2.9989789118766783,0.004611390470679272,forced,20,naive,40,1.0,expC_intermediate,6,0,0.0,8,source-sep-noise-budget
0.9281250238418579,0.909375011920929,0.8982812613248825,0.008935259440249893,40,500,61,41,0.15950919687747955,0.20746352452039718,0.01976855284484661,forced,59,naive,40,1.0,expC_intermediate,6,18,0.9,8,source-sep-noise-budget
0.9375,0.918749988079071,0.9063375113010407,0.00975641478908482,40,500,61,41,0.13997229933738708,0.18526127538084983,0.01717855090652587,forced,60,naive,40,1.0,expC_intermediate,6,19,0.95,8,source-sep-noise-budget
1.0,0.996874988079071,0.9963187552690506,0.00420461589429096,40,500,61,41,0.002177537651732564,0.01918625654326752,0.017582224766347406,forced,61,naive,40,1.0,expC_intermediate,6,20,1.0,8,source-sep-noise-budget
1.0,0.996874988079071,0.9963187552690506,0.00420461589429096,40,500,61,41,0.002177537651732564,0.01918625654326752,0.017582224766347406,forced,62,naive,40,1.0,expC_intermediate,6,20,1.0,8,source-sep-noise-budget
1.0,0.996874988079071,0.9963187552690506,0.00420461589429096,40,500,61,41,0.002177537651732564,0.01918625654326752,0.017582224766347406,forced,63,naive,40,1.0,expC_intermediate,6,20,1.0,8,source-sep-noise-budget
1.0,0.996874988079071,0.9963187552690506,0.00420461589429096,40,500,61,41,0.002177537651732564,0.01918625654326752,0.017582224766347406,forced,71,naive,40,1.0,expC_intermediate,6,20,1.0,8,source-sep-noise-budget
1.0,0.996874988079071,0.9963187552690506,0.00420461589429096,40,500,61,41,0.002177537651732564,0.01918625654326752,0.017582224766347406,forced,81,naive,40,1.0,expC_intermediate,6,20,1.0,8,source-sep-noise-budget
0.578125,0.5218750238418579,0.5285812627077102,0.015485844310043947,80,500,21,1,0.9124004244804382,0.9892377107143402,0.0244492459132322,forced,10,naive,0,0.0,expC_intermediate,6,9,0.45,8,source-sep-noise-budget
0.9281250238418579,0.9000000357627869,0.900306262254715,0.009350171645313472,80,500,21,1,0.14846131205558777,0.1912502402663231,0.01898528650387217,forced,19,naive,0,0.0,expC_intermediate,6,18,0.9,8,source-sep-noise-budget
0.96875,0.9437500238418579,0.9450125123262405,0.007619350159185905,80,500,21,1,0.07930181175470352,0.11948713472485542,0.022311264516671286,forced,20,naive,0,0.0,expC_intermediate,6,19,0.95,8,source-sep-noise-budget
0.965624988079071,0.934374988079071,0.9491000111103058,0.006576662429105033,80,500,21,1,0.0698627382516861,0.10386631807684898,0.016050362382334572,forced,21,naive,0,0.0,expC_intermediate,6,20,1.0,8,source-sep-noise-budget
0.965624988079071,0.934374988079071,0.9491000111103058,0.006576662429105033,80,500,21,1,0.0698627382516861,0.10386631807684898,0.016050362382334572,forced,22,naive,0,0.0,expC_intermediate,6,20,1.0,8,source-sep-noise-budget
0.965624988079071,0.934374988079071,0.9491000111103058,0.006576662429105033,80,500,21,1,0.0698627382516861,0.10386631807684898,0.016050362382334572,forced,23,naive,0,0.0,expC_intermediate,6,20,1.0,8,source-sep-noise-budget
0.965624988079071,0.934374988079071,0.9491000111103058,0.006576662429105033,80,500,21,1,0.0698627382516861,0.10386631807684898,0.016050362382334572,forced,31,naive,0,0.0,expC_intermediate,6,20,1.0,8,source-sep-noise-budget
0.965624988079071,0.934374988079071,0.9491000111103058,0.006576662429105033,80,500,21,1,0.0698627382516861,0.10386631807684898,0.016050362382334572,forced,41,naive,0,0.0,expC_intermediate,6,20,1.0,8,source-sep-noise-budget
0.09687500447034836,0.05000000074505806,0.05072500085830688,0.012243531717614883,80,500,41,21,2.9797205924987793,2.999877022743225,0.005316360794050131,forced,10,naive,20,0.25,expC_intermediate,6,0,0.0,8,source-sep-noise-budget
0.3218750059604645,0.24062500894069672,0.24628125411272048,0.015709118142698632,80,500,41,21,1.8426992893218994,1.9077308840751648,0.02220349841044914,forced,20,naive,20,0.25,expC_intermediate,6,0,0.0,8,source-sep-noise-budget
0.965624988079071,0.949999988079071,0.9384937627315522,0.018410700247602708,80,500,41,21,0.08683005720376968,0.145319094479084,0.042026824603783076,forced,39,naive,20,0.25,expC_intermediate,6,18,0.9,8,source-sep-noise-budget
0.96875,0.9593750238418579,0.9506187613010406,0.00587865082203042,80,500,41,21,0.06238453462719917,0.10196483703702688,0.013763269065025665,forced,40,naive,20,0.25,expC_intermediate,6,19,0.95,8,source-sep-noise-budget
1.0,0.987500011920929,0.9909500139951706,0.005449682490505571,80,500,41,21,0.004946602042764425,0.04235059047583491,0.0221061814659325,forced,41,naive,20,0.25,expC_intermediate,6,20,1.0,8,source-sep-noise-budget
1.0,0.987500011920929,0.9909500139951706,0.005449682490505571,80,500,41,21,0.004946602042764425,0.04235059047583491,0.0221061814659325,forced,42,naive,20,0.25,expC_intermediate,6,20,1.0,8,source-sep-noise-budget
1.0,0.987500011920929,0.9909500139951706,0.005449682490505571,80,500,41,21,0.004946602042764425,0.04235059047583491,0.0221061814659325,forced,43,naive,20,0.25,expC_intermediate,6,20,1.0,8,source-sep-noise-budget
1.0,0.987500011920929,0.9909500139951706,0.005449682490505571,80,500,41,21,0.004946602042764425,0.04235059047583491,0.0221061814659325,forced,51,naive,20,0.25,expC_intermediate,6,20,1.0,8,source-sep-noise-budget
1.0,0.987500011920929,0.9909500139951706,0.005449682490505571,80,500,41,21,0.004946602042764425,0.04235059047583491,0.0221061814659325,forced,61,naive,20,0.25,expC_intermediate,6,20,1.0,8,source-sep-noise-budget
0.09375,0.05312500149011612,0.05081250098347664,0.012368211731553485,80,500,61,41,2.9815735816955566,2.9999149861335757,0.005290471254766177,forced,10,naive,40,0.5,expC_intermediate,6,0,0.0,8,source-sep-noise-budget
0.09375,0.046875,0.05046875092759728,0.012220108929207305,80,500,61,41,2.9802753925323486,2.999713975906372,0.0052402493843213376,forced,20,naive,40,0.5,expC_intermediate,6,0,0.0,8,source-sep-noise-budget
0.965624988079071,0.940625011920929,0.946506262421608,0.006555110736045453,80,500,61,41,0.07343602180480957,0.12575401920080184,0.01805767189338076,forced,59,naive,40,0.5,expC_intermediate,6,18,0.9,8,source-sep-noise-budget
0.96875,0.9593750238418579,0.9496062613725662,0.006645400019862089,80,500,61,41,0.0698583647608757,0.10747606436908246,0.014685999167350422,forced,60,naive,40,0.5,expC_intermediate,6,19,0.95,8,source-sep-noise-budget
1.0,1.0,0.9967312544584275,0.003676197499250491,80,500,61,41,0.0020291688852012157,0.017394367332104595,0.013756061894997082,forced,61,naive,40,0.5,expC_intermediate,6,20,1.0,8,source-sep-noise-budget
1.0,1.0,0.9967312544584275,0.003676197499250491,80,500,61,41,0.0020291688852012157,0.017394367332104595,0.013756061894997082,forced,62,naive,40,0.5,expC_intermediate,6,20,1.0,8,source-sep-noise-budget
1.0,1.0,0.9967312544584275,0.003676197499250491,80,500,61,41,0.0020291688852012157,0.017394367332104595,0.013756061894997082,forced,63,naive,40,0.5,expC_intermediate,6,20,1.0,8,source-sep-noise-budget
1.0,1.0,0.9967312544584275,0.003676197499250491,80,500,61,41,0.0020291688852012157,0.017394367332104595,0.013756061894997082,forced,71,naive,40,0.5,expC_intermediate,6,20,1.0,8,source-sep-noise-budget
1.0,1.0,0.9967312544584275,0.003676197499250491,80,500,61,41,0.0020291688852012157,0.017394367332104595,0.013756061894997082,forced,81,naive,40,0.5,expC_intermediate,6,20,1.0,8,source-sep-noise-budget
0.09375,0.04062500223517418,0.05053125089034438,0.012014436501387055,80,500,81,61,2.9799273014068604,2.9990528616905214,0.0046535615209268725,forced,10,naive,60,0.75,expC_intermediate,6,0,0.0,8,source-sep-noise-budget
0.09375,0.04062500223517418,0.05036875090748072,0.01264141760383736,80,500,81,61,2.9808530807495117,2.99932297372818,0.004784486827537734,forced,20,naive,60,0.75,expC_intermediate,6,0,0.0,8,source-sep-noise-budget
0.925000011920929,0.893750011920929,0.8961812620162963,0.009441802563522401,80,500,81,61,0.13962075114250183,0.2115900014936924,0.021960175287955894,forced,79,naive,60,0.75,expC_intermediate,6,18,0.9,8,source-sep-noise-budget
0.96875,0.9437500238418579,0.9485500123500824,0.006453484801105478,80,500,81,61,0.07202111929655075,0.11228397868573665,0.01633898942561432,forced,80,naive,60,0.75,expC_intermediate,6,19,0.95,8,source-sep-noise-budget
1.0,0.996874988079071,0.9957437553405761,0.004246953178998887,80,500,81,61,0.0027248202823102474,0.022167047191411257,0.017193630118143104,forced,81,naive,60,0.75,expC_intermediate,6,20,1.0,8,source-sep-noise-budget
1.0,0.996874988079071,0.9957437553405761,0.004246953178998887,80,500,81,61,0.0027248202823102474,0.022167047191411257,0.017193630118143104,forced,82,naive,60,0.75,expC_intermediate,6,20,1.0,8,source-sep-noise-budget
1.0,0.996874988079071,0.9957437553405761,0.004246953178998887,80,500,81,61,0.0027248202823102474,0.022167047191411257,0.017193630118143104,forced,83,naive,60,0.75,expC_intermediate,6,20,1.0,8,source-sep-noise-budget
1.0,0.996874988079071,0.9957437553405761,0.004246953178998887,80,500,81,61,0.0027248202823102474,0.022167047191411257,0.017193630118143104,forced,91,naive,60,0.75,expC_intermediate,6,20,1.0,8,source-sep-noise-budget
1.0,0.996874988079071,0.9957437553405761,0.004246953178998887,80,500,81,61,0.0027248202823102474,0.022167047191411257,0.017193630118143104,forced,101,naive,60,0.75,expC_intermediate,6,20,1.0,8,source-sep-noise-budget
0.10312499850988388,0.04062500223517418,0.05073125091567635,0.012093081611064696,80,500,101,81,2.9813926219940186,2.9996416730880737,0.0050901833198853125,forced,10,naive,80,1.0,expC_intermediate,6,0,0.0,8,source-sep-noise-budget
0.10625000298023224,0.05625000223517418,0.05026875090226531,0.012937124354712523,80,500,101,81,2.980991840362549,2.999763337612152,0.005300146863514985,forced,20,naive,80,1.0,expC_intermediate,6,0,0.0,8,source-sep-noise-budget
0.8812500238418579,0.846875011920929,0.8573250118494034,0.00960431376535675,80,500,101,81,0.24297404289245605,0.2865320326089859,0.018096408901070112,forced,99,naive,80,1.0,expC_intermediate,6,18,0.9,8,source-sep-noise-budget
0.9375,0.90625,0.9050812619924545,0.009889095032792195,80,500,101,81,0.13780000805854797,0.1922250434756279,0.02006124536893253,forced,100,naive,80,1.0,expC_intermediate,6,19,0.95,8,source-sep-noise-budget
0.925000011920929,0.90625,0.9025250126123429,0.0076311027234777845,80,500,101,81,0.1437222957611084,0.1952895245552063,0.017544971295740692,forced,101,naive,80,1.0,expC_intermediate,6,20,1.0,8,source-sep-noise-budget
0.925000011920929,0.90625,0.9025250126123429,0.0076311027234777845,80,500,101,81,0.1437222957611084,0.1952895245552063,0.017544971295740692,forced,102,naive,80,1.0,expC_intermediate,6,20,1.0,8,source-sep-noise-budget
0.925000011920929,0.90625,0.9025250126123429,0.0076311027234777845,80,500,101,81,0.1437222957611084,0.1952895245552063,0.017544971295740692,forced,103,naive,80,1.0,expC_intermediate,6,20,1.0,8,source-sep-noise-budget
0.925000011920929,0.90625,0.9025250126123429,0.0076311027234777845,80,500,101,81,0.1437222957611084,0.1952895245552063,0.017544971295740692,forced,111,naive,80,1.0,expC_intermediate,6,20,1.0,8,source-sep-noise-budget
0.925000011920929,0.90625,0.9025250126123429,0.0076311027234777845,80,500,101,81,0.1437222957611084,0.1952895245552063,0.017544971295740692,forced,121,naive,80,1.0,expC_intermediate,6,20,1.0,8,source-sep-noise-budget
0.578125,0.5375000238418579,0.5350000123977661,0.010893661717373864,20,500,21,1,0.9374443292617798,1.0109759168624879,0.02406313126639974,forced,10,gated,0,0.0,expC_intermediate,0,9,0.45,8,source-sep-noise-budget
0.925000011920929,0.9125000238418579,0.9047437607049942,0.006353574954299881,20,500,21,1,0.1652747094631195,0.20231321308016778,0.01724239341717294,forced,19,gated,0,0.0,expC_intermediate,0,18,0.9,8,source-sep-noise-budget
0.987500011920929,0.9781250357627869,0.9646625118255615,0.00823076218013689,20,500,21,1,0.05313463881611824,0.0931157935410738,0.019416351827317425,forced,20,gated,0,0.0,expC_intermediate,0,19,0.95,8,source-sep-noise-budget
1.0,1.0,0.9961187552213668,0.004270434485521625,20,500,21,1,0.0017551606288179755,0.019781726936111226,0.01874200420289973,forced,21,gated,0,0.0,expC_intermediate,0,20,1.0,8,source-sep-noise-budget
1.0,1.0,0.9961187552213668,0.004270434485521625,20,500,21,1,0.0017551606288179755,0.019781726936111226,0.01874200420289973,forced,22,gated,0,0.0,expC_intermediate,0,20,1.0,8,source-sep-noise-budget
1.0,1.0,0.9961187552213668,0.004270434485521625,20,500,21,1,0.0017551606288179755,0.019781726936111226,0.01874200420289973,forced,23,gated,0,0.0,expC_intermediate,0,20,1.0,8,source-sep-noise-budget
1.0,1.0,0.9961187552213668,0.004270434485521625,20,500,21,1,0.0017551606288179755,0.019781726936111226,0.01874200420289973,forced,31,gated,0,0.0,expC_intermediate,0,20,1.0,8,source-sep-noise-budget
1.0,1.0,0.9961187552213668,0.004270434485521625,20,500,21,1,0.0017551606288179755,0.019781726936111226,0.01874200420289973,forced,41,gated,0,0.0,expC_intermediate,0,20,1.0,8,source-sep-noise-budget
0.4937500059604645,0.4375,0.4274062551856041,0.025515218385846875,20,500,26,6,1.3495277166366577,1.4427526633739471,0.04092751513712018,forced,10,gated,5,0.25,expC_intermediate,0,4,0.2,8,source-sep-noise-budget
0.965624988079071,0.956250011920929,0.9482375113964081,0.004543515001792176,20,500,26,6,0.07662144303321838,0.12061348982155323,0.016633572090648033,forced,20,gated,5,0.25,expC_intermediate,0,14,0.7,8,source-sep-noise-budget
0.893750011920929,0.8531250357627869,0.8587000108957291,0.008077593318275157,20,500,26,6,0.22878703474998474,0.2807096197009087,0.01780370221274504,forced,24,gated,5,0.25,expC_intermediate,0,18,0.9,8,source-sep-noise-budget
0.9437500238418579,0.940625011920929,0.9189000117778778,0.008715162427384732,20,500,26,6,0.11701375246047974,0.17467398321628572,0.01866981876028485,forced,25,gated,5,0.25,expC_intermediate,0,19,0.95,8,source-sep-noise-budget
1.0,1.0,0.9962562552690506,0.0036534294190875504,20,500,26,6,0.002952613402158022,0.0192195928520523,0.014923863354718656,forced,26,gated,5,0.25,expC_intermediate,0,20,1.0,8,source-sep-noise-budget
1.0,1.0,0.9962562552690506,0.0036534294190875504,20,500,26,6,0.002952613402158022,0.0192195928520523,0.014923863354718656,forced,27,gated,5,0.25,expC_intermediate,0,20,1.0,8,source-sep-noise-budget
1.0,1.0,0.9962562552690506,0.0036534294190875504,20,500,26,6,0.002952613402158022,0.0192195928520523,0.014923863354718656,forced,28,gated,5,0.25,expC_intermediate,0,20,1.0,8,source-sep-noise-budget
1.0,1.0,0.9962562552690506,0.0036534294190875504,20,500,26,6,0.002952613402158022,0.0192195928520523,0.014923863354718656,forced,36,gated,5,0.25,expC_intermediate,0,20,1.0,8,source-sep-noise-budget
1.0,1.0,0.9962562552690506,0.0036534294190875504,20,500,26,6,0.002952613402158022,0.0192195928520523,0.014923863354718656,forced,46,gated,5,0.25,expC_intermediate,0,20,1.0,8,source-sep-noise-budget
0.4781250059604645,0.4593749940395355,0.4122250059247017,0.019601561857569706,20,500,31,11,1.5631593465805054,1.654729923248291,0.037482496430264536,forced,10,gated,10,0.5,expC_intermediate,0,0,0.0,8,source-sep-noise-budget
0.793749988079071,0.7750000357627869,0.7652562628984452,0.008562772523551523,20,500,31,11,0.4842280447483063,0.5427876584529877,0.02366502086316761,forced,20,gated,10,0.5,expC_intermediate,0,9,0.45,8,source-sep-noise-budget
0.9281250238418579,0.9125000238418579,0.9070500113964081,0.00747290975195368,20,500,31,11,0.15798011422157288,0.20983518785238267,0.018057474854495943,forced,29,gated,10,0.5,expC_intermediate,0,18,0.9,8,source-sep-noise-budget
0.987500011920929,0.9750000238418579,0.9613875119686127,0.008226091597990608,20,500,31,11,0.05352363735437393,0.09516658893972635,0.01704278114742734,forced,30,gated,10,0.5,expC_intermediate,0,19,0.95,8,source-sep-noise-budget
1.0,0.996874988079071,0.9964000039100647,0.0037197867275917075,20,500,31,11,0.0024066108744591475,0.018482104691676795,0.015251003017101321,forced,31,gated,10,0.5,expC_intermediate,0,20,1.0,8,source-sep-noise-budget
1.0,0.996874988079071,0.9964000039100647,0.0037197867275917075,20,500,31,11,0.0024066108744591475,0.018482104691676795,0.015251003017101321,forced,32,gated,10,0.5,expC_intermediate,0,20,1.0,8,source-sep-noise-budget
1.0,0.996874988079071,0.9964000039100647,0.0037197867275917075,20,500,31,11,0.0024066108744591475,0.018482104691676795,0.015251003017101321,forced,33,gated,10,0.5,expC_intermediate,0,20,1.0,8,source-sep-noise-budget
1.0,0.996874988079071,0.9964000039100647,0.0037197867275917075,20,500,31,11,0.0024066108744591475,0.018482104691676795,0.015251003017101321,forced,41,gated,10,0.5,expC_intermediate,0,20,1.0,8,source-sep-noise-budget
1.0,0.996874988079071,0.9964000039100647,0.0037197867275917075,20,500,31,11,0.0024066108744591475,0.018482104691676795,0.015251003017101321,forced,51,gated,10,0.5,expC_intermediate,0,20,1.0,8,source-sep-noise-budget
0.15312500298023224,0.10312499850988388,0.1089812517017126,0.012103930123401668,20,500,36,16,2.617093563079834,2.6741107153892516,0.020121424689687382,forced,10,gated,15,0.75,expC_intermediate,0,0,0.0,8,source-sep-noise-budget
0.359375,0.3062500059604645,0.3159500060081482,0.013178901642243784,20,500,36,16,1.6910076141357422,1.776228434562683,0.02722440218627384,forced,20,gated,15,0.75,expC_intermediate,0,4,0.2,8,source-sep-noise-budget
0.949999988079071,0.9125000238418579,0.9189937618970871,0.009998006130581385,20,500,36,16,0.13629889488220215,0.19206893646717071,0.021529102171807316,forced,34,gated,15,0.75,expC_intermediate,0,18,0.9,8,source-sep-noise-budget
0.984375,0.9781250357627869,0.9626812628507614,0.008527663214304298,20,500,36,16,0.05335284024477005,0.09483533696830272,0.01893321358100031,forced,35,gated,15,0.75,expC_intermediate,0,19,0.95,8,source-sep-noise-budget
1.0,0.996874988079071,0.9964812545776367,0.003565948165647308,20,500,36,16,0.0022381101734936237,0.01800810692552477,0.013704509348702954,forced,36,gated,15,0.75,expC_intermediate,0,20,1.0,8,source-sep-noise-budget
1.0,0.996874988079071,0.9964812545776367,0.003565948165647308,20,500,36,16,0.0022381101734936237,0.01800810692552477,0.013704509348702954,forced,37,gated,15,0.75,expC_intermediate,0,20,1.0,8,source-sep-noise-budget
1.0,0.996874988079071,0.9964812545776367,0.003565948165647308,20,500,36,16,0.0022381101734936237,0.01800810692552477,0.013704509348702954,forced,38,gated,15,0.75,expC_intermediate,0,20,1.0,8,source-sep-noise-budget
1.0,0.996874988079071,0.9964812545776367,0.003565948165647308,20,500,36,16,0.0022381101734936237,0.01800810692552477,0.013704509348702954,forced,46,gated,15,0.75,expC_intermediate,0,20,1.0,8,source-sep-noise-budget
1.0,0.996874988079071,0.9964812545776367,0.003565948165647308,20,500,36,16,0.0022381101734936237,0.01800810692552477,0.013704509348702954,forced,56,gated,15,0.75,expC_intermediate,0,20,1.0,8,source-sep-noise-budget
0.09375,0.078125,0.05023125093430281,0.012391925150299528,20,500,41,21,2.9793896675109863,2.997824478149414,0.003928846624757978,forced,10,gated,20,1.0,expC_intermediate,0,0,0.0,8,source-sep-noise-budget
0.15625,0.11874999850988388,0.11443750156462193,0.013160517737634705,20,500,41,21,2.5432746410369873,2.6088015899658203,0.019139680060171655,forced,20,gated,20,1.0,expC_intermediate,0,0,0.0,8,source-sep-noise-budget
0.949999988079071,0.918749988079071,0.9254687625169754,0.009437032860536336,20,500,41,21,0.12991675734519958,0.17788069975376128,0.02193586397980342,forced,39,gated,20,1.0,expC_intermediate,0,18,0.9,8,source-sep-noise-budget
0.9906250238418579,0.96875,0.962493762254715,0.008183679219583982,20,500,41,21,0.053670477122068405,0.09412857088446618,0.01751591062138822,forced,40,gated,20,1.0,expC_intermediate,0,19,0.95,8,source-sep-noise-budget
1.0,1.0,0.9970250031948089,0.0031338781752706254,20,500,41,21,0.0015798857202753425,0.014689720014343039,0.011903849536045534,forced,41,gated,20,1.0,expC_intermediate,0,20,1.0,8,source-sep-noise-budget
1.0,1.0,0.9970250031948089,0.0031338781752706254,20,500,41,21,0.0015798857202753425,0.014689720014343039,0.011903849536045534,forced,42,gated,20,1.0,expC_intermediate,0,20,1.0,8,source-sep-noise-budget
1.0,1.0,0.9970250031948089,0.0031338781752706254,20,500,41,21,0.0015798857202753425,0.014689720014343039,0.011903849536045534,forced,43,gated,20,1.0,expC_intermediate,0,20,1.0,8,source-sep-noise-budget
1.0,1.0,0.9970250031948089,0.0031338781752706254,20,500,41,21,0.0015798857202753425,0.014689720014343039,0.011903849536045534,forced,51,gated,20,1.0,expC_intermediate,0,20,1.0,8,source-sep-noise-budget
1.0,1.0,0.9970250031948089,0.0031338781752706254,20,500,41,21,0.0015798857202753425,0.014689720014343039,0.011903849536045534,forced,61,gated,20,1.0,expC_intermediate,0,20,1.0,8,source-sep-noise-budget
0.5843750238418579,0.5375000238418579,0.536093762755394,0.010794376328115071,40,500,21,1,0.9464427828788757,1.0180557944774629,0.024609679259464293,forced,10,gated,0,0.0,expC_intermediate,0,9,0.45,8,source-sep-noise-budget
0.925000011920929,0.918749988079071,0.9055250109434128,0.006893565802758551,40,500,21,1,0.15977337956428528,0.2038988963663578,0.01795255301657019,forced,19,gated,0,0.0,expC_intermediate,0,18,0.9,8,source-sep-noise-budget
0.987500011920929,0.9750000238418579,0.96318126308918,0.008605092621425137,40,500,21,1,0.05553378537297249,0.09709996139258147,0.021697580503438688,forced,20,gated,0,0.0,expC_intermediate,0,19,0.95,8,source-sep-noise-budget
1.0,1.0,0.9970000032186508,0.0035055675119820503,40,500,21,1,0.0014916466316208243,0.017173063968075438,0.016687522075122148,forced,21,gated,0,0.0,expC_intermediate,0,20,1.0,8,source-sep-noise-budget
1.0,1.0,0.9970000032186508,0.0035055675119820503,40,500,21,1,0.0014916466316208243,0.017173063968075438,0.016687522075122148,forced,22,gated,0,0.0,expC_intermediate,0,20,1.0,8,source-sep-noise-budget
1.0,1.0,0.9970000032186508,0.0035055675119820503,40,500,21,1,0.0014916466316208243,0.017173063968075438,0.016687522075122148,forced,23,gated,0,0.0,expC_intermediate,0,20,1.0,8,source-sep-noise-budget
1.0,1.0,0.9970000032186508,0.0035055675119820503,40,500,21,1,0.0014916466316208243,0.017173063968075438,0.016687522075122148,forced,31,gated,0,0.0,expC_intermediate,0,20,1.0,8,source-sep-noise-budget
1.0,1.0,0.9970000032186508,0.0035055675119820503,40,500,21,1,0.0014916466316208243,0.017173063968075438,0.016687522075122148,forced,41,gated,0,0.0,expC_intermediate,0,20,1.0,8,source-sep-noise-budget
0.41875001788139343,0.3812499940395355,0.383650005877018,0.010766600753019362,40,500,31,11,1.5243891477584839,1.5907405211925507,0.021354365706121477,forced,10,gated,10,0.25,expC_intermediate,0,0,0.0,8,source-sep-noise-budget
0.7906250357627869,0.768750011920929,0.7654937617778778,0.00829876434278294,40,500,31,11,0.49445709586143494,0.5509611428976059,0.023291306010061744,forced,20,gated,10,0.25,expC_intermediate,0,9,0.45,8,source-sep-noise-budget
0.949999988079071,0.925000011920929,0.9237750120162964,0.00873566717803429,40,500,31,11,0.1262269765138626,0.18605054929852485,0.020866905017275728,forced,29,gated,10,0.25,expC_intermediate,0,18,0.9,8,source-sep-noise-budget
0.987500011920929,0.956250011920929,0.9627125109434128,0.00841743947576547,40,500,31,11,0.05477113649249077,0.09694876701384783,0.019634128306113774,forced,30,gated,10,0.25,expC_intermediate,0,19,0.95,8,source-sep-noise-budget
1.0,1.0,0.9958375074863434,0.00407182617352775,40,500,31,11,0.0019448244711384177,0.021148691937560214,0.017174196484834675,forced,31,gated,10,0.25,expC_intermediate,0,20,1.0,8,source-sep-noise-budget
1.0,1.0,0.9958375074863434,0.00407182617352775,40,500,31,11,0.0019448244711384177,0.021148691937560214,0.017174196484834675,forced,32,gated,10,0.25,expC_intermediate,0,20,1.0,8,source-sep-noise-budget
1.0,1.0,0.9958375074863434,0.00407182617352775,40,500,31,11,0.0019448244711384177,0.021148691937560214,0.017174196484834675,forced,33,gated,10,0.25,expC_intermediate,0,20,1.0,8,source-sep-noise-budget
1.0,1.0,0.9958375074863434,0.00407182617352775,40,500,31,11,0.0019448244711384177,0.021148691937560214,0.017174196484834675,forced,41,gated,10,0.25,expC_intermediate,0,20,1.0,8,source-sep-noise-budget
1.0,1.0,0.9958375074863434,0.00407182617352775,40,500,31,11,0.0019448244711384177,0.021148691937560214,0.017174196484834675,forced,51,gated,10,0.25,expC_intermediate,0,20,1.0,8,source-sep-noise-budget
0.10625000298023224,0.04062500223517418,0.05055625090375543,0.012888614202236541,40,500,41,21,2.981489896774292,2.9977593874931334,0.0037833602359393123,forced,10,gated,20,0.5,expC_intermediate,0,0,0.0,8,source-sep-noise-budget
0.16250000894069672,0.12187500298023224,0.11416875165700913,0.012382591138907186,40,500,41,21,2.5608203411102295,2.606979706287384,0.01637719401478181,forced,20,gated,20,0.5,expC_intermediate,0,0,0.0,8,source-sep-noise-budget
0.9593750238418579,0.940625011920929,0.9469687620401382,0.005351963145888897,40,500,41,21,0.0845431461930275,0.12390026420354844,0.01742667355557317,forced,39,gated,20,0.5,expC_intermediate,0,18,0.9,8,source-sep-noise-budget
0.981249988079071,0.965624988079071,0.9548125107288361,0.007170088539294648,40,500,41,21,0.06587845087051392,0.10332650485634803,0.01718405417928535,forced,40,gated,20,0.5,expC_intermediate,0,19,0.95,8,source-sep-noise-budget
1.0,1.0,0.996887503027916,0.003434627067565415,40,500,41,21,0.002144385827705264,0.01628679251484573,0.014634370848496359,forced,41,gated,20,0.5,expC_intermediate,0,20,1.0,8,source-sep-noise-budget
1.0,1.0,0.996887503027916,0.003434627067565415,40,500,41,21,0.002144385827705264,0.01628679251484573,0.014634370848496359,forced,42,gated,20,0.5,expC_intermediate,0,20,1.0,8,source-sep-noise-budget
1.0,1.0,0.996887503027916,0.003434627067565415,40,500,41,21,0.002144385827705264,0.01628679251484573,0.014634370848496359,forced,43,gated,20,0.5,expC_intermediate,0,20,1.0,8,source-sep-noise-budget
1.0,1.0,0.996887503027916,0.003434627067565415,40,500,41,21,0.002144385827705264,0.01628679251484573,0.014634370848496359,forced,51,gated,20,0.5,expC_intermediate,0,20,1.0,8,source-sep-noise-budget
1.0,1.0,0.996887503027916,0.003434627067565415,40,500,41,21,0.002144385827705264,0.01628679251484573,0.014634370848496359,forced,61,gated,20,0.5,expC_intermediate,0,20,1.0,8,source-sep-noise-budget
0.10000000149011612,0.06562500447034836,0.05040000092610717,0.012204161960896262,40,500,51,31,2.9812188148498535,2.9976988778114317,0.003600592714971847,forced,10,gated,30,0.75,expC_intermediate,0,0,0.0,8,source-sep-noise-budget
0.09375,0.05625000223517418,0.0504562509059906,0.012918269462158134,40,500,51,31,2.9818902015686035,2.9979247822761534,0.003907216650366884,forced,20,gated,30,0.75,expC_intermediate,0,0,0.0,8,source-sep-noise-budget
0.949999988079071,0.918749988079071,0.9157437614202499,0.0103552881612599,40,500,51,31,0.14981259405612946,0.2002377245426178,0.02230845894636055,forced,49,gated,30,0.75,expC_intermediate,0,18,0.9,8,source-sep-noise-budget
0.987500011920929,0.971875011920929,0.9629500105381011,0.008771883497056446,40,500,51,31,0.05104333907365799,0.0944470555856824,0.01943770984534814,forced,50,gated,30,0.75,expC_intermediate,0,19,0.95,8,source-sep-noise-budget
1.0,1.0,0.9965437554121017,0.003610364996321289,40,500,51,31,0.002466802718117833,0.018671685736626385,0.01590208582860179,forced,51,gated,30,0.75,expC_intermediate,0,20,1.0,8,source-sep-noise-budget
1.0,1.0,0.9965437554121017,0.003610364996321289,40,500,51,31,0.002466802718117833,0.018671685736626385,0.01590208582860179,forced,52,gated,30,0.75,expC_intermediate,0,20,1.0,8,source-sep-noise-budget
1.0,1.0,0.9965437554121017,0.003610364996321289,40,500,51,31,0.002466802718117833,0.018671685736626385,0.01590208582860179,forced,53,gated,30,0.75,expC_intermediate,0,20,1.0,8,source-sep-noise-budget
1.0,1.0,0.9965437554121017,0.003610364996321289,40,500,51,31,0.002466802718117833,0.018671685736626385,0.01590208582860179,forced,61,gated,30,0.75,expC_intermediate,0,20,1.0,8,source-sep-noise-budget
1.0,1.0,0.9965437554121017,0.003610364996321289,40,500,51,31,0.002466802718117833,0.018671685736626385,0.01590208582860179,forced,71,gated,30,0.75,expC_intermediate,0,20,1.0,8,source-sep-noise-budget
0.09687500447034836,0.02187499962747097,0.050631250884383916,0.012839604193818039,40,500,61,41,2.9814488887786865,2.9978433499336243,0.003768534963433207,forced,10,gated,40,1.0,expC_intermediate,0,0,0.0,8,source-sep-noise-budget
0.09687500447034836,0.05312500149011612,0.0506250009983778,0.012801062185380064,40,500,61,41,2.9825878143310547,2.9980045251846312,0.0038917293685035203,forced,20,gated,40,1.0,expC_intermediate,0,0,0.0,8,source-sep-noise-budget
0.9375,0.9312500357627869,0.9144312633275986,0.009136591341450754,40,500,61,41,0.15079987049102783,0.19944182738661767,0.0189951983751786,forced,59,gated,40,1.0,expC_intermediate,0,18,0.9,8,source-sep-noise-budget
0.981249988079071,0.965624988079071,0.96155626142025,0.008598461500913021,40,500,61,41,0.054652780294418335,0.09648223367333413,0.019203825251687623,forced,60,gated,40,1.0,expC_intermediate,0,19,0.95,8,source-sep-noise-budget
1.0,1.0,0.996937503695488,0.0029836691501522314,40,500,61,41,0.002179522067308426,0.015914834244176744,0.01234031160359533,forced,61,gated,40,1.0,expC_intermediate,0,20,1.0,8,source-sep-noise-budget
1.0,1.0,0.996937503695488,0.0029836691501522314,40,500,61,41,0.002179522067308426,0.015914834244176744,0.01234031160359533,forced,62,gated,40,1.0,expC_intermediate,0,20,1.0,8,source-sep-noise-budget
1.0,1.0,0.996937503695488,0.0029836691501522314,40,500,61,41,0.002179522067308426,0.015914834244176744,0.01234031160359533,forced,63,gated,40,1.0,expC_intermediate,0,20,1.0,8,source-sep-noise-budget
1.0,1.0,0.996937503695488,0.0029836691501522314,40,500,61,41,0.002179522067308426,0.015914834244176744,0.01234031160359533,forced,71,gated,40,1.0,expC_intermediate,0,20,1.0,8,source-sep-noise-budget
1.0,1.0,0.996937503695488,0.0029836691501522314,40,500,61,41,0.002179522067308426,0.015914834244176744,0.01234031160359533,forced,81,gated,40,1.0,expC_intermediate,0,20,1.0,8,source-sep-noise-budget
0.5718750357627869,0.5406250357627869,0.5357437610030175,0.010410592146837533,80,500,21,1,0.9408332705497742,1.011483506321907,0.024298166790892375,forced,10,gated,0,0.0,expC_intermediate,0,9,0.45,8,source-sep-noise-budget
0.965624988079071,0.949999988079071,0.9478812609910965,0.005223810180235994,80,500,21,1,0.07676277309656143,0.11818649801611901,0.017927578908617903,forced,19,gated,0,0.0,expC_intermediate,0,18,0.9,8,source-sep-noise-budget
0.9937500357627869,0.981249988079071,0.9691375124454499,0.008594956129032293,80,500,21,1,0.03862961009144783,0.081822067335248,0.018592650493014635,forced,20,gated,0,0.0,expC_intermediate,0,19,0.95,8,source-sep-noise-budget
1.0,1.0,0.9965062552690506,0.0034062054485989295,80,500,21,1,0.002237365348264575,0.018722093076910824,0.014378848659443893,forced,21,gated,0,0.0,expC_intermediate,0,20,1.0,8,source-sep-noise-budget
1.0,1.0,0.9965062552690506,0.0034062054485989295,80,500,21,1,0.002237365348264575,0.018722093076910824,0.014378848659443893,forced,22,gated,0,0.0,expC_intermediate,0,20,1.0,8,source-sep-noise-budget
1.0,1.0,0.9965062552690506,0.0034062054485989295,80,500,21,1,0.002237365348264575,0.018722093076910824,0.014378848659443893,forced,23,gated,0,0.0,expC_intermediate,0,20,1.0,8,source-sep-noise-budget
1.0,1.0,0.9965062552690506,0.0034062054485989295,80,500,21,1,0.002237365348264575,0.018722093076910824,0.014378848659443893,forced,31,gated,0,0.0,expC_intermediate,0,20,1.0,8,source-sep-noise-budget
1.0,1.0,0.9965062552690506,0.0034062054485989295,80,500,21,1,0.002237365348264575,0.018722093076910824,0.014378848659443893,forced,41,gated,0,0.0,expC_intermediate,0,20,1.0,8,source-sep-noise-budget
0.09687500447034836,0.06562500447034836,0.050406250938773156,0.012425206173777991,80,500,41,21,2.984342098236084,2.9977583503723144,0.003802306184423142,forced,10,gated,20,0.25,expC_intermediate,0,0,0.0,8,source-sep-noise-budget
0.2718749940395355,0.265625,0.14765000219643115,0.0450921908613228,80,500,41,21,2.234198808670044,2.5294362931251526,0.10451700942584712,forced,20,gated,20,0.25,expC_intermediate,0,0,0.0,8,source-sep-noise-budget
0.965624988079071,0.956250011920929,0.948143760561943,0.004858504021781307,80,500,41,21,0.0793541818857193,0.11830226148664952,0.015933062078958338,forced,39,gated,20,0.25,expC_intermediate,0,18,0.9,8,source-sep-noise-budget
0.984375,0.971875011920929,0.9609625120162963,0.00843283113179244,80,500,41,21,0.06331919878721237,0.09620720174908638,0.01839640884474128,forced,40,gated,20,0.25,expC_intermediate,0,19,0.95,8,source-sep-noise-budget
1.0,1.0,0.9955750068426132,0.0047874098843079345,80,500,41,21,0.0029841233044862747,0.02342383701307699,0.020555642789769103,forced,41,gated,20,0.25,expC_intermediate,0,20,1.0,8,source-sep-noise-budget
1.0,1.0,0.9955750068426132,0.0047874098843079345,80,500,41,21,0.0029841233044862747,0.02342383701307699,0.020555642789769103,forced,42,gated,20,0.25,expC_intermediate,0,20,1.0,8,source-sep-noise-budget
1.0,1.0,0.9955750068426132,0.0047874098843079345,80,500,41,21,0.0029841233044862747,0.02342383701307699,0.020555642789769103,forced,43,gated,20,0.25,expC_intermediate,0,20,1.0,8,source-sep-noise-budget
1.0,1.0,0.9955750068426132,0.0047874098843079345,80,500,41,21,0.0029841233044862747,0.02342383701307699,0.020555642789769103,forced,51,gated,20,0.25,expC_intermediate,0,20,1.0,8,source-sep-noise-budget
1.0,1.0,0.9955750068426132,0.0047874098843079345,80,500,41,21,0.0029841233044862747,0.02342383701307699,0.020555642789769103,forced,61,gated,20,0.25,expC_intermediate,0,20,1.0,8,source-sep-noise-budget
0.09687500447034836,0.046875,0.05050000087544322,0.011628359837479913,80,500,61,41,2.9842514991760254,2.9978774061203004,0.0038190951348144988,forced,10,gated,40,0.5,expC_intermediate,0,0,0.0,8,source-sep-noise-budget
0.10312499850988388,0.046875,0.05010625088959932,0.01174469819302271,80,500,61,41,2.9846596717834473,2.998048782348633,0.004071686855679503,forced,20,gated,40,0.5,expC_intermediate,0,0,0.0,8,source-sep-noise-budget
0.934374988079071,0.921875,0.9098000124692917,0.009415279697681758,80,500,61,41,0.14743775129318237,0.20580022513866425,0.024256020007989515,forced,59,gated,40,0.5,expC_intermediate,0,18,0.9,8,source-sep-noise-budget
0.984375,0.965624988079071,0.9540375115871429,0.006839922539994042,80,500,61,41,0.0630008652806282,0.1049503407627344,0.01670383945361778,forced,60,gated,40,0.5,expC_intermediate,0,19,0.95,8,source-sep-noise-budget
1.0,0.984375,0.9954937579631805,0.004319546580349356,80,500,61,41,0.003257760312408209,0.022513666301965714,0.01683464140222659,forced,61,gated,40,0.5,expC_intermediate,0,20,1.0,8,source-sep-noise-budget
1.0,0.984375,0.9954937579631805,0.004319546580349356,80,500,61,41,0.003257760312408209,0.022513666301965714,0.01683464140222659,forced,62,gated,40,0.5,expC_intermediate,0,20,1.0,8,source-sep-noise-budget
1.0,0.984375,0.9954937579631805,0.004319546580349356,80,500,61,41,0.003257760312408209,0.022513666301965714,0.01683464140222659,forced,63,gated,40,0.5,expC_intermediate,0,20,1.0,8,source-sep-noise-budget
1.0,0.984375,0.9954937579631805,0.004319546580349356,80,500,61,41,0.003257760312408209,0.022513666301965714,0.01683464140222659,forced,71,gated,40,0.5,expC_intermediate,0,20,1.0,8,source-sep-noise-budget
1.0,0.984375,0.9954937579631805,0.004319546580349356,80,500,61,41,0.003257760312408209,0.022513666301965714,0.01683464140222659,forced,81,gated,40,0.5,expC_intermediate,0,20,1.0,8,source-sep-noise-budget
0.09687500447034836,0.06875000149011612,0.049900000847876075,0.011788739439301065,80,500,81,61,2.983992576599121,2.997808452129364,0.0038884656275067885,forced,10,gated,60,0.75,expC_intermediate,0,0,0.0,8,source-sep-noise-budget
0.09375,0.05937499925494194,0.050543751023709775,0.012207405455761178,80,500,81,61,2.983825922012329,2.998080679893494,0.004133970356918235,forced,20,gated,60,0.75,expC_intermediate,0,0,0.0,8,source-sep-noise-budget
0.9281250238418579,0.90625,0.9056875109672546,0.00714224870991668,80,500,81,61,0.16112874448299408,0.2085562191605568,0.01696740752447449,forced,79,gated,60,0.75,expC_intermediate,0,18,0.9,8,source-sep-noise-budget
0.987500011920929,0.9593750238418579,0.9610562621355057,0.00823041980853612,80,500,81,61,0.06102724000811577,0.09842292871326208,0.01733358478324898,forced,80,gated,60,0.75,expC_intermediate,0,19,0.95,8,source-sep-noise-budget
1.0,0.996874988079071,0.9955812566280365,0.004153542896107303,80,500,81,61,0.0022957059554755688,0.022586193164344875,0.017193079596303125,forced,81,gated,60,0.75,expC_intermediate,0,20,1.0,8,source-sep-noise-budget
1.0,0.996874988079071,0.9955812566280365,0.004153542896107303,80,500,81,61,0.0022957059554755688,0.022586193164344875,0.017193079596303125,forced,82,gated,60,0.75,expC_intermediate,0,20,1.0,8,source-sep-noise-budget
1.0,0.996874988079071,0.9955812566280365,0.004153542896107303,80,500,81,61,0.0022957059554755688,0.022586193164344875,0.017193079596303125,forced,83,gated,60,0.75,expC_intermediate,0,20,1.0,8,source-sep-noise-budget
1.0,0.996874988079071,0.9955812566280365,0.004153542896107303,80,500,81,61,0.0022957059554755688,0.022586193164344875,0.017193079596303125,forced,91,gated,60,0.75,expC_intermediate,0,20,1.0,8,source-sep-noise-budget
1.0,0.996874988079071,0.9955812566280365,0.004153542896107303,80,500,81,61,0.0022957059554755688,0.022586193164344875,0.017193079596303125,forced,101,gated,60,0.75,expC_intermediate,0,20,1.0,8,source-sep-noise-budget
0.10000000149011612,0.046875,0.051131250876933335,0.012211897250258542,80,500,101,81,2.9826247692108154,2.997946604728699,0.0037272956650925455,forced,10,gated,80,1.0,expC_intermediate,0,0,0.0,8,source-sep-noise-budget
0.09687500447034836,0.05000000074505806,0.0511812508739531,0.012867684615108737,80,500,101,81,2.9830470085144043,2.9980835428237915,0.0038773783409592473,forced,20,gated,80,1.0,expC_intermediate,0,0,0.0,8,source-sep-noise-budget
0.8968750238418579,0.871874988079071,0.8653625116348267,0.010462425399457574,80,500,101,81,0.21644945442676544,0.26318196192383764,0.0186327053787138,forced,99,gated,80,1.0,expC_intermediate,0,18,0.9,8,source-sep-noise-budget
0.9468750357627869,0.940625011920929,0.923231261253357,0.00870167637089519,80,500,101,81,0.11585281044244766,0.15663327407836913,0.016706613834107195,forced,100,gated,80,1.0,expC_intermediate,0,19,0.95,8,source-sep-noise-budget
1.0,0.996874988079071,0.9956937561035156,0.004458038930734381,80,500,101,81,0.0028446833603084087,0.021061249249149115,0.01942586148274219,forced,101,gated,80,1.0,expC_intermediate,0,20,1.0,8,source-sep-noise-budget
1.0,0.996874988079071,0.9956937561035156,0.004458038930734381,80,500,101,81,0.0028446833603084087,0.021061249249149115,0.01942586148274219,forced,102,gated,80,1.0,expC_intermediate,0,20,1.0,8,source-sep-noise-budget
1.0,0.996874988079071,0.9956937561035156,0.004458038930734381,80,500,101,81,0.0028446833603084087,0.021061249249149115,0.01942586148274219,forced,103,gated,80,1.0,expC_intermediate,0,20,1.0,8,source-sep-noise-budget
1.0,0.996874988079071,0.9956937561035156,0.004458038930734381,80,500,101,81,0.0028446833603084087,0.021061249249149115,0.01942586148274219,forced,111,gated,80,1.0,expC_intermediate,0,20,1.0,8,source-sep-noise-budget
1.0,0.996874988079071,0.9956937561035156,0.004458038930734381,80,500,101,81,0.0028446833603084087,0.021061249249149115,0.01942586148274219,forced,121,gated,80,1.0,expC_intermediate,0,20,1.0,8,source-sep-noise-budget
0.574999988079071,0.515625,0.5344750114679336,0.010708757107257005,20,500,21,1,0.9530650973320007,1.0101654160022735,0.023463256017885566,forced,10,gated,0,0.0,expC_intermediate,1,9,0.45,8,source-sep-noise-budget
0.9593750238418579,0.9468750357627869,0.9439625124931336,0.00647363454469017,20,500,21,1,0.08768258988857269,0.13262168021500112,0.019316773241853682,forced,19,gated,0,0.0,expC_intermediate,1,18,0.9,8,source-sep-noise-budget
0.9906250238418579,0.981249988079071,0.9699750121831894,0.007978446790063699,20,500,21,1,0.0437292642891407,0.08028713444620371,0.018405154005902112,forced,20,gated,0,0.0,expC_intermediate,1,19,0.95,8,source-sep-noise-budget
1.0,1.0,0.9967437524795533,0.0038833453786699017,20,500,21,1,0.00202835607342422,0.017477330996654928,0.018036696857980292,forced,21,gated,0,0.0,expC_intermediate,1,20,1.0,8,source-sep-noise-budget
1.0,1.0,0.9967437524795533,0.0038833453786699017,20,500,21,1,0.00202835607342422,0.017477330996654928,0.018036696857980292,forced,22,gated,0,0.0,expC_intermediate,1,20,1.0,8,source-sep-noise-budget
1.0,1.0,0.9967437524795533,0.0038833453786699017,20,500,21,1,0.00202835607342422,0.017477330996654928,0.018036696857980292,forced,23,gated,0,0.0,expC_intermediate,1,20,1.0,8,source-sep-noise-budget
1.0,1.0,0.9967437524795533,0.0038833453786699017,20,500,21,1,0.00202835607342422,0.017477330996654928,0.018036696857980292,forced,31,gated,0,0.0,expC_intermediate,1,20,1.0,8,source-sep-noise-budget
1.0,1.0,0.9967437524795533,0.0038833453786699017,20,500,21,1,0.00202835607342422,0.017477330996654928,0.018036696857980292,forced,41,gated,0,0.0,expC_intermediate,1,20,1.0,8,source-sep-noise-budget
0.528124988079071,0.484375,0.4911437572836876,0.011413075689494193,20,500,26,6,1.193889856338501,1.2858231337070465,0.023823430991063425,forced,10,gated,5,0.25,expC_intermediate,1,4,0.2,8,source-sep-noise-budget
0.9593750238418579,0.9437500238418579,0.9484687612056732,0.005079344671968497,20,500,26,6,0.08034968376159668,0.11910117700695992,0.017587423083770145,forced,20,gated,5,0.25,expC_intermediate,1,14,0.7,8,source-sep-noise-budget
0.9156250357627869,0.8968750238418579,0.9003437622785568,0.006439242015615876,20,500,26,6,0.1520373374223709,0.20167754408717156,0.01890061301839164,forced,24,gated,5,0.25,expC_intermediate,1,18,0.9,8,source-sep-noise-budget
0.934374988079071,0.909375011920929,0.9067562607526779,0.007394937208450032,20,500,26,6,0.14347322285175323,0.1827881052196026,0.017227472386011192,forced,25,gated,5,0.25,expC_intermediate,1,19,0.95,8,source-sep-noise-budget
0.965624988079071,0.949999988079071,0.9494000086784363,0.004955989213877534,20,500,26,6,0.07323644310235977,0.1099093830138445,0.018528549581859895,forced,26,gated,5,0.25,expC_intermediate,1,20,1.0,8,source-sep-noise-budget
0.965624988079071,0.949999988079071,0.9494000086784363,0.004955989213877534,20,500,26,6,0.07323644310235977,0.1099093830138445,0.018528549581859895,forced,27,gated,5,0.25,expC_intermediate,1,20,1.0,8,source-sep-noise-budget
0.965624988079071,0.949999988079071,0.9494000086784363,0.004955989213877534,20,500,26,6,0.07323644310235977,0.1099093830138445,0.018528549581859895,forced,28,gated,5,0.25,expC_intermediate,1,20,1.0,8,source-sep-noise-budget
0.965624988079071,0.949999988079071,0.9494000086784363,0.004955989213877534,20,500,26,6,0.07323644310235977,0.1099093830138445,0.018528549581859895,forced,36,gated,5,0.25,expC_intermediate,1,20,1.0,8,source-sep-noise-budget
0.965624988079071,0.949999988079071,0.9494000086784363,0.004955989213877534,20,500,26,6,0.07323644310235977,0.1099093830138445,0.018528549581859895,forced,46,gated,5,0.25,expC_intermediate,1,20,1.0,8,source-sep-noise-budget
0.375,0.3375000059604645,0.3337875062227249,0.014305762656210018,20,500,31,11,1.6294307708740234,1.6953468265533447,0.04978253980813363,forced,10,gated,10,0.5,expC_intermediate,1,0,0.0,8,source-sep-noise-budget
0.7906250357627869,0.762499988079071,0.7658812619447708,0.00815096589409963,20,500,31,11,0.4932369589805603,0.5474688158631325,0.02186395545305443,forced,20,gated,10,0.5,expC_intermediate,1,9,0.45,8,source-sep-noise-budget
0.875,0.8500000238418579,0.8538562614917755,0.007103614170816803,20,500,31,11,0.2272363156080246,0.2645282889008522,0.017018434370463145,forced,29,gated,10,0.5,expC_intermediate,1,18,0.9,8,source-sep-noise-budget
0.9468750357627869,0.918749988079071,0.9211437616348267,0.008963490701745284,20,500,31,11,0.11901980638504028,0.16321594586968421,0.018435066461056686,forced,30,gated,10,0.5,expC_intermediate,1,19,0.95,8,source-sep-noise-budget
0.9625000357627869,0.9468750357627869,0.949150009393692,0.004887414026637026,20,500,31,11,0.07085578888654709,0.10080029195547104,0.016843309118159407,forced,31,gated,10,0.5,expC_intermediate,1,20,1.0,8,source-sep-noise-budget
0.9625000357627869,0.9468750357627869,0.949150009393692,0.004887414026637026,20,500,31,11,0.07085578888654709,0.10080029195547104,0.016843309118159407,forced,32,gated,10,0.5,expC_intermediate,1,20,1.0,8,source-sep-noise-budget
0.9625000357627869,0.9468750357627869,0.949150009393692,0.004887414026637026,20,500,31,11,0.07085578888654709,0.10080029195547104,0.016843309118159407,forced,33,gated,10,0.5,expC_intermediate,1,20,1.0,8,source-sep-noise-budget
0.9625000357627869,0.9468750357627869,0.949150009393692,0.004887414026637026,20,500,31,11,0.07085578888654709,0.10080029195547104,0.016843309118159407,forced,41,gated,10,0.5,expC_intermediate,1,20,1.0,8,source-sep-noise-budget
0.9625000357627869,0.9468750357627869,0.949150009393692,0.004887414026637026,20,500,31,11,0.07085578888654709,0.10080029195547104,0.016843309118159407,forced,51,gated,10,0.5,expC_intermediate,1,20,1.0,8,source-sep-noise-budget
0.14374999701976776,0.09687500447034836,0.10295625151693821,0.012189536663190198,20,500,36,16,2.7170186042785645,2.7765450530052185,0.019967651870852546,forced,10,gated,15,0.75,expC_intermediate,1,0,0.0,8,source-sep-noise-budget
0.36250001192092896,0.296875,0.31434375619888305,0.011959363400257548,20,500,36,16,1.7064640522003174,1.779381917476654,0.02537884730765231,forced,20,gated,15,0.75,expC_intermediate,1,4,0.2,8,source-sep-noise-budget
0.9625000357627869,0.9468750357627869,0.943143762588501,0.006531446012927137,20,500,36,16,0.08552742749452591,0.13583582320809365,0.02098493409429195,forced,34,gated,15,0.75,expC_intermediate,1,18,0.9,8,source-sep-noise-budget
0.9906250238418579,0.971875011920929,0.966606260061264,0.008818595444045734,20,500,36,16,0.04854993149638176,0.08883138731122017,0.021330286794604643,forced,35,gated,15,0.75,expC_intermediate,1,19,0.95,8,source-sep-noise-budget
0.9625000357627869,0.9468750357627869,0.9494437589645386,0.005068197836625876,20,500,36,16,0.06753455847501755,0.10189140740036964,0.018401276948451905,forced,36,gated,15,0.75,expC_intermediate,1,20,1.0,8,source-sep-noise-budget
0.9625000357627869,0.9468750357627869,0.9494437589645386,0.005068197836625876,20,500,36,16,0.06753455847501755,0.10189140740036964,0.018401276948451905,forced,37,gated,15,0.75,expC_intermediate,1,20,1.0,8,source-sep-noise-budget
0.9625000357627869,0.9468750357627869,0.9494437589645386,0.005068197836625876,20,500,36,16,0.06753455847501755,0.10189140740036964,0.018401276948451905,forced,38,gated,15,0.75,expC_intermediate,1,20,1.0,8,source-sep-noise-budget
0.9625000357627869,0.9468750357627869,0.9494437589645386,0.005068197836625876,20,500,36,16,0.06753455847501755,0.10189140740036964,0.018401276948451905,forced,46,gated,15,0.75,expC_intermediate,1,20,1.0,8,source-sep-noise-budget
0.9625000357627869,0.9468750357627869,0.9494437589645386,0.005068197836625876,20,500,36,16,0.06753455847501755,0.10189140740036964,0.018401276948451905,forced,56,gated,15,0.75,expC_intermediate,1,20,1.0,8,source-sep-noise-budget
0.10000000149011612,0.04374999925494194,0.05085625085607171,0.012005420508232854,20,500,41,21,2.981065273284912,2.99784432220459,0.0036294313847325846,forced,10,gated,20,1.0,expC_intermediate,1,0,0.0,8,source-sep-noise-budget
0.4312500059604645,0.37187501788139343,0.379150005042553,0.014538612282931997,20,500,41,21,1.7858772277832031,1.8826194276809693,0.032028078699836045,forced,20,gated,20,1.0,expC_intermediate,1,0,0.0,8,source-sep-noise-budget
0.953125,0.9312500357627869,0.9333562625646591,0.007910461672954117,20,500,41,21,0.1200212836265564,0.16741034452617168,0.020367586053353332,forced,39,gated,20,1.0,expC_intermediate,1,18,0.9,8,source-sep-noise-budget
0.940625011920929,0.9375,0.9212687611579895,0.009111057656887975,20,500,41,21,0.11924447864294052,0.1599905251711607,0.01928914266947501,forced,40,gated,20,1.0,expC_intermediate,1,19,0.95,8,source-sep-noise-budget
0.96875,0.9468750357627869,0.9497500071525574,0.004336431348054741,20,500,41,21,0.07543344795703888,0.1054493415504694,0.014889649298196587,forced,41,gated,20,1.0,expC_intermediate,1,20,1.0,8,source-sep-noise-budget
0.96875,0.9468750357627869,0.9497500071525574,0.004336431348054741,20,500,41,21,0.07543344795703888,0.1054493415504694,0.014889649298196587,forced,42,gated,20,1.0,expC_intermediate,1,20,1.0,8,source-sep-noise-budget
0.96875,0.9468750357627869,0.9497500071525574,0.004336431348054741,20,500,41,21,0.07543344795703888,0.1054493415504694,0.014889649298196587,forced,43,gated,20,1.0,expC_intermediate,1,20,1.0,8,source-sep-noise-budget
0.96875,0.9468750357627869,0.9497500071525574,0.004336431348054741,20,500,41,21,0.07543344795703888,0.1054493415504694,0.014889649298196587,forced,51,gated,20,1.0,expC_intermediate,1,20,1.0,8,source-sep-noise-budget
0.96875,0.9468750357627869,0.9497500071525574,0.004336431348054741,20,500,41,21,0.07543344795703888,0.1054493415504694,0.014889649298196587,forced,61,gated,20,1.0,expC_intermediate,1,20,1.0,8,source-sep-noise-budget
0.5718750357627869,0.550000011920929,0.5342937611341476,0.010671462435084964,40,500,21,1,0.9309185147285461,1.0072724982500076,0.02164208317155833,forced,10,gated,0,0.0,expC_intermediate,1,9,0.45,8,source-sep-noise-budget
0.9625000357627869,0.9437500238418579,0.9462187632322311,0.0055778368513764226,40,500,21,1,0.07450459152460098,0.11786013108491898,0.018512449598576158,forced,19,gated,0,0.0,expC_intermediate,1,18,0.9,8,source-sep-noise-budget
0.956250011920929,0.9468750357627869,0.9289062610864639,0.008155890575176043,40,500,21,1,0.1058838814496994,0.1436678222864866,0.015433620160300556,forced,20,gated,0,0.0,expC_intermediate,1,19,0.95,8,source-sep-noise-budget
1.0,1.0,0.997262502670288,0.0031878346374505768,40,500,21,1,0.0016883736243471503,0.014818896702257917,0.013243997966105897,forced,21,gated,0,0.0,expC_intermediate,1,20,1.0,8,source-sep-noise-budget
1.0,1.0,0.997262502670288,0.0031878346374505768,40,500,21,1,0.0016883736243471503,0.014818896702257917,0.013243997966105897,forced,22,gated,0,0.0,expC_intermediate,1,20,1.0,8,source-sep-noise-budget
1.0,1.0,0.997262502670288,0.0031878346374505768,40,500,21,1,0.0016883736243471503,0.014818896702257917,0.013243997966105897,forced,23,gated,0,0.0,expC_intermediate,1,20,1.0,8,source-sep-noise-budget
1.0,1.0,0.997262502670288,0.0031878346374505768,40,500,21,1,0.0016883736243471503,0.014818896702257917,0.013243997966105897,forced,31,gated,0,0.0,expC_intermediate,1,20,1.0,8,source-sep-noise-budget
1.0,1.0,0.997262502670288,0.0031878346374505768,40,500,21,1,0.0016883736243471503,0.014818896702257917,0.013243997966105897,forced,41,gated,0,0.0,expC_intermediate,1,20,1.0,8,source-sep-noise-budget
0.3968749940395355,0.35625001788139343,0.35341875594854355,0.012531664923813699,40,500,31,11,1.8443896770477295,1.914444325208664,0.024592455956897855,forced,10,gated,10,0.25,expC_intermediate,1,0,0.0,8,source-sep-noise-budget
0.75,0.715624988079071,0.7167187626361847,0.008551031093353928,40,500,31,11,0.5479063391685486,0.6121552875041961,0.02165269310683173,forced,20,gated,10,0.25,expC_intermediate,1,9,0.45,8,source-sep-noise-budget
0.9625000357627869,0.9468750357627869,0.9471937611103057,0.005217524791941502,40,500,31,11,0.07509367167949677,0.12139043033123016,0.018652639511914926,forced,29,gated,10,0.25,expC_intermediate,1,18,0.9,8,source-sep-noise-budget
0.987500011920929,0.953125,0.9584937616586685,0.008726798299712296,40,500,31,11,0.050049614161252975,0.09917434354871511,0.018626349456410562,forced,30,gated,10,0.25,expC_intermediate,1,19,0.95,8,source-sep-noise-budget
1.0,0.996874988079071,0.9964687546491623,0.0036458093450947335,40,500,31,11,0.0019103770609945059,0.018891671455930917,0.014876165934112671,forced,31,gated,10,0.25,expC_intermediate,1,20,1.0,8,source-sep-noise-budget
1.0,0.996874988079071,0.9964687546491623,0.0036458093450947335,40,500,31,11,0.0019103770609945059,0.018891671455930917,0.014876165934112671,forced,32,gated,10,0.25,expC_intermediate,1,20,1.0,8,source-sep-noise-budget
1.0,0.996874988079071,0.9964687546491623,0.0036458093450947335,40,500,31,11,0.0019103770609945059,0.018891671455930917,0.014876165934112671,forced,33,gated,10,0.25,expC_intermediate,1,20,1.0,8,source-sep-noise-budget
1.0,0.996874988079071,0.9964687546491623,0.0036458093450947335,40,500,31,11,0.0019103770609945059,0.018891671455930917,0.014876165934112671,forced,41,gated,10,0.25,expC_intermediate,1,20,1.0,8,source-sep-noise-budget
1.0,0.996874988079071,0.9964687546491623,0.0036458093450947335,40,500,31,11,0.0019103770609945059,0.018891671455930917,0.014876165934112671,forced,51,gated,10,0.25,expC_intermediate,1,20,1.0,8,source-sep-noise-budget
0.08749999850988388,0.03750000149011612,0.04945625092834234,0.011709256384542403,40,500,41,21,2.979580879211426,2.998083753108978,0.00367680313173703,forced,10,gated,20,0.5,expC_intermediate,1,0,0.0,8,source-sep-noise-budget
0.34062501788139343,0.30937501788139343,0.29549375611543655,0.011943321189098879,40,500,41,21,1.7732280492782593,1.8495855450630188,0.02550219608319034,forced,20,gated,20,0.5,expC_intermediate,1,0,0.0,8,source-sep-noise-budget
0.890625,0.871874988079071,0.8592125115394592,0.007799547939637307,40,500,41,21,0.2269732505083084,0.26695478621125224,0.016621322538424316,forced,39,gated,20,0.5,expC_intermediate,1,18,0.9,8,source-sep-noise-budget
0.9437500238418579,0.921875,0.9199625115394592,0.009423549688512329,40,500,41,21,0.12269303947687149,0.16555570122599603,0.020447217595812358,forced,40,gated,20,0.5,expC_intermediate,1,19,0.95,8,source-sep-noise-budget
0.9625000357627869,0.9625000357627869,0.9491250089406967,0.004682908966590533,40,500,41,21,0.06814642250537872,0.10094022028148174,0.015307295404097677,forced,41,gated,20,0.5,expC_intermediate,1,20,1.0,8,source-sep-noise-budget
0.9625000357627869,0.9625000357627869,0.9491250089406967,0.004682908966590533,40,500,41,21,0.06814642250537872,0.10094022028148174,0.015307295404097677,forced,42,gated,20,0.5,expC_intermediate,1,20,1.0,8,source-sep-noise-budget
0.9625000357627869,0.9625000357627869,0.9491250089406967,0.004682908966590533,40,500,41,21,0.06814642250537872,0.10094022028148174,0.015307295404097677,forced,43,gated,20,0.5,expC_intermediate,1,20,1.0,8,source-sep-noise-budget
0.9625000357627869,0.9625000357627869,0.9491250089406967,0.004682908966590533,40,500,41,21,0.06814642250537872,0.10094022028148174,0.015307295404097677,forced,51,gated,20,0.5,expC_intermediate,1,20,1.0,8,source-sep-noise-budget
0.9625000357627869,0.9625000357627869,0.9491250089406967,0.004682908966590533,40,500,41,21,0.06814642250537872,0.10094022028148174,0.015307295404097677,forced,61,gated,20,0.5,expC_intermediate,1,20,1.0,8,source-sep-noise-budget
0.10312499850988388,0.05312500149011612,0.04904375088587403,0.011948932780553978,40,500,51,31,2.9809730052948,2.9979755730628965,0.0037239594277235287,forced,10,gated,30,0.75,expC_intermediate,1,0,0.0,8,source-sep-noise-budget
0.09062500298023224,0.046875,0.04885000091046095,0.012119431878756085,40,500,51,31,2.9802894592285156,2.9980976395606995,0.003722986699476467,forced,20,gated,30,0.75,expC_intermediate,1,0,0.0,8,source-sep-noise-budget
0.9000000357627869,0.8968750238418579,0.8686687623262406,0.010389543406100446,40,500,51,31,0.2162914276123047,0.25786016407608986,0.016153747842156622,forced,49,gated,30,0.75,expC_intermediate,1,18,0.9,8,source-sep-noise-budget
0.987500011920929,0.965624988079071,0.96418126142025,0.008429716558431832,40,500,51,31,0.052159447222948074,0.0898109419196844,0.01841026156723682,forced,50,gated,30,0.75,expC_intermediate,1,19,0.95,8,source-sep-noise-budget
1.0,0.996874988079071,0.9958500056266785,0.0035854644709912,40,500,51,31,0.0029089082963764668,0.021446110716089605,0.015958175790350856,forced,51,gated,30,0.75,expC_intermediate,1,20,1.0,8,source-sep-noise-budget
1.0,0.996874988079071,0.9958500056266785,0.0035854644709912,40,500,51,31,0.0029089082963764668,0.021446110716089605,0.015958175790350856,forced,52,gated,30,0.75,expC_intermediate,1,20,1.0,8,source-sep-noise-budget
1.0,0.996874988079071,0.9958500056266785,0.0035854644709912,40,500,51,31,0.0029089082963764668,0.021446110716089605,0.015958175790350856,forced,53,gated,30,0.75,expC_intermediate,1,20,1.0,8,source-sep-noise-budget
1.0,0.996874988079071,0.9958500056266785,0.0035854644709912,40,500,51,31,0.0029089082963764668,0.021446110716089605,0.015958175790350856,forced,61,gated,30,0.75,expC_intermediate,1,20,1.0,8,source-sep-noise-budget
1.0,0.996874988079071,0.9958500056266785,0.0035854644709912,40,500,51,31,0.0029089082963764668,0.021446110716089605,0.015958175790350856,forced,71,gated,30,0.75,expC_intermediate,1,20,1.0,8,source-sep-noise-budget
0.09687500447034836,0.046875,0.049362500801682474,0.011678633165230596,40,500,61,41,2.9817066192626953,2.9979693536758423,0.0037218152066820736,forced,10,gated,40,1.0,expC_intermediate,1,0,0.0,8,source-sep-noise-budget
0.09375,0.04374999925494194,0.04936250088363886,0.012133045270314934,40,500,61,41,2.981520175933838,2.997930311203003,0.0037025634533060397,forced,20,gated,40,1.0,expC_intermediate,1,0,0.0,8,source-sep-noise-budget
0.925000011920929,0.90625,0.9056687594652176,0.006084852378829719,40,500,61,41,0.16512206196784973,0.20157453477382659,0.015357637393752266,forced,59,gated,40,1.0,expC_intermediate,1,18,0.9,8,source-sep-noise-budget
0.971875011920929,0.953125,0.9510937600135804,0.006062417565626551,40,500,61,41,0.06816548109054565,0.10495983001589775,0.016432915948426618,forced,60,gated,40,1.0,expC_intermediate,1,19,0.95,8,source-sep-noise-budget
1.0,1.0,0.9964625046253205,0.0035169359167631833,40,500,61,41,0.0026189987547695637,0.01796335736196488,0.013670167481994329,forced,61,gated,40,1.0,expC_intermediate,1,20,1.0,8,source-sep-noise-budget
1.0,1.0,0.9964625046253205,0.0035169359167631833,40,500,61,41,0.0026189987547695637,0.01796335736196488,0.013670167481994329,forced,62,gated,40,1.0,expC_intermediate,1,20,1.0,8,source-sep-noise-budget
1.0,1.0,0.9964625046253205,0.0035169359167631833,40,500,61,41,0.0026189987547695637,0.01796335736196488,0.013670167481994329,forced,63,gated,40,1.0,expC_intermediate,1,20,1.0,8,source-sep-noise-budget
1.0,1.0,0.9964625046253205,0.0035169359167631833,40,500,61,41,0.0026189987547695637,0.01796335736196488,0.013670167481994329,forced,71,gated,40,1.0,expC_intermediate,1,20,1.0,8,source-sep-noise-budget
1.0,1.0,0.9964625046253205,0.0035169359167631833,40,500,61,41,0.0026189987547695637,0.01796335736196488,0.013670167481994329,forced,81,gated,40,1.0,expC_intermediate,1,20,1.0,8,source-sep-noise-budget
0.5718750357627869,0.5406250357627869,0.5350750111341477,0.010836959675540806,80,500,21,1,0.9435739517211914,1.0053105342388153,0.02332556628487803,forced,10,gated,0,0.0,expC_intermediate,1,9,0.45,8,source-sep-noise-budget
0.965624988079071,0.953125,0.9492875094413757,0.004784425093649213,80,500,21,1,0.07061828672885895,0.1057942831814289,0.01461342529430811,forced,19,gated,0,0.0,expC_intermediate,1,18,0.9,8,source-sep-noise-budget
0.9937500357627869,0.9781250357627869,0.9712562626600265,0.008509414042173294,80,500,21,1,0.03988894075155258,0.07657894738018513,0.01923717050571774,forced,20,gated,0,0.0,expC_intermediate,1,19,0.95,8,source-sep-noise-budget
1.0,1.0,0.9975437527894974,0.003119054725232881,80,500,21,1,0.0019652615301311016,0.013372312445659191,0.013175505187366356,forced,21,gated,0,0.0,expC_intermediate,1,20,1.0,8,source-sep-noise-budget
1.0,1.0,0.9975437527894974,0.003119054725232881,80,500,21,1,0.0019652615301311016,0.013372312445659191,0.013175505187366356,forced,22,gated,0,0.0,expC_intermediate,1,20,1.0,8,source-sep-noise-budget
1.0,1.0,0.9975437527894974,0.003119054725232881,80,500,21,1,0.0019652615301311016,0.013372312445659191,0.013175505187366356,forced,23,gated,0,0.0,expC_intermediate,1,20,1.0,8,source-sep-noise-budget
1.0,1.0,0.9975437527894974,0.003119054725232881,80,500,21,1,0.0019652615301311016,0.013372312445659191,0.013175505187366356,forced,31,gated,0,0.0,expC_intermediate,1,20,1.0,8,source-sep-noise-budget
1.0,1.0,0.9975437527894974,0.003119054725232881,80,500,21,1,0.0019652615301311016,0.013372312445659191,0.013175505187366356,forced,41,gated,0,0.0,expC_intermediate,1,20,1.0,8,source-sep-noise-budget
0.09062500298023224,0.05937499925494194,0.050143750913441185,0.011968335603044247,80,500,41,21,2.9838621616363525,2.9980518250465393,0.0038510191450201107,forced,10,gated,20,0.25,expC_intermediate,1,0,0.0,8,source-sep-noise-budget
0.3343749940395355,0.2750000059604645,0.29114375603199005,0.012430448629202609,80,500,41,21,1.7565498352050781,1.8219472346305847,0.025814094341237895,forced,20,gated,20,0.25,expC_intermediate,1,0,0.0,8,source-sep-noise-budget
0.8687500357627869,0.8375000357627869,0.8398375115394592,0.009986561401689017,80,500,41,21,0.27593401074409485,0.32242561942338943,0.018580739055663823,forced,39,gated,20,0.25,expC_intermediate,1,18,0.9,8,source-sep-noise-budget
0.934374988079071,0.9156250357627869,0.8918500112295151,0.013501423731241462,80,500,41,21,0.15885640680789948,0.22710066065192222,0.02348763246111633,forced,40,gated,20,0.25,expC_intermediate,1,19,0.95,8,source-sep-noise-budget
0.918749988079071,0.8968750238418579,0.9030187599658966,0.005779848825901788,80,500,41,21,0.131443053483963,0.17617787572741508,0.015780053472512875,forced,41,gated,20,0.25,expC_intermediate,1,20,1.0,8,source-sep-noise-budget
0.918749988079071,0.8968750238418579,0.9030187599658966,0.005779848825901788,80,500,41,21,0.131443053483963,0.17617787572741508,0.015780053472512875,forced,42,gated,20,0.25,expC_intermediate,1,20,1.0,8,source-sep-noise-budget
0.918749988079071,0.8968750238418579,0.9030187599658966,0.005779848825901788,80,500,41,21,0.131443053483963,0.17617787572741508,0.015780053472512875,forced,43,gated,20,0.25,expC_intermediate,1,20,1.0,8,source-sep-noise-budget
0.918749988079071,0.8968750238418579,0.9030187599658966,0.005779848825901788,80,500,41,21,0.131443053483963,0.17617787572741508,0.015780053472512875,forced,51,gated,20,0.25,expC_intermediate,1,20,1.0,8,source-sep-noise-budget
0.918749988079071,0.8968750238418579,0.9030187599658966,0.005779848825901788,80,500,41,21,0.131443053483963,0.17617787572741508,0.015780053472512875,forced,61,gated,20,0.25,expC_intermediate,1,20,1.0,8,source-sep-noise-budget
0.09687500447034836,0.05625000223517418,0.05046875089779496,0.011995889855052743,80,500,61,41,2.982767105102539,2.9980160655975343,0.003874724427041725,forced,10,gated,40,0.5,expC_intermediate,1,0,0.0,8,source-sep-noise-budget
0.09687500447034836,0.05312500149011612,0.050337500810623166,0.012210849568106304,80,500,61,41,2.9833250045776367,2.998086323261261,0.0038855824822036185,forced,20,gated,40,0.5,expC_intermediate,1,0,0.0,8,source-sep-noise-budget
0.934374988079071,0.9125000238418579,0.9096437623500824,0.008403058853806366,80,500,61,41,0.15915735065937042,0.20317380341887475,0.019180035216600153,forced,59,gated,40,0.5,expC_intermediate,1,18,0.9,8,source-sep-noise-budget
0.971875011920929,0.956250011920929,0.9505437595844268,0.00557943301690005,80,500,61,41,0.06438122689723969,0.10606526653468609,0.016199137074923344,forced,60,gated,40,0.5,expC_intermediate,1,19,0.95,8,source-sep-noise-budget
1.0,1.0,0.995975005030632,0.0037513655478218014,80,500,61,41,0.002493108157068491,0.020073555919807404,0.015543311547161098,forced,61,gated,40,0.5,expC_intermediate,1,20,1.0,8,source-sep-noise-budget
1.0,1.0,0.995975005030632,0.0037513655478218014,80,500,61,41,0.002493108157068491,0.020073555919807404,0.015543311547161098,forced,62,gated,40,0.5,expC_intermediate,1,20,1.0,8,source-sep-noise-budget
1.0,1.0,0.995975005030632,0.0037513655478218014,80,500,61,41,0.002493108157068491,0.020073555919807404,0.015543311547161098,forced,63,gated,40,0.5,expC_intermediate,1,20,1.0,8,source-sep-noise-budget
1.0,1.0,0.995975005030632,0.0037513655478218014,80,500,61,41,0.002493108157068491,0.020073555919807404,0.015543311547161098,forced,71,gated,40,0.5,expC_intermediate,1,20,1.0,8,source-sep-noise-budget
1.0,1.0,0.995975005030632,0.0037513655478218014,80,500,61,41,0.002493108157068491,0.020073555919807404,0.015543311547161098,forced,81,gated,40,0.5,expC_intermediate,1,20,1.0,8,source-sep-noise-budget
0.10000000149011612,0.05312500149011612,0.04978750094026327,0.011933808549347983,80,500,81,61,2.983163595199585,2.9980425815582277,0.0038694273287728917,forced,10,gated,60,0.75,expC_intermediate,1,0,0.0,8,source-sep-noise-budget
0.10000000149011612,0.05937499925494194,0.049625000920146704,0.012299009422043173,80,500,81,61,2.9831383228302,2.9980345311164855,0.003898086339799668,forced,20,gated,60,0.75,expC_intermediate,1,0,0.0,8,source-sep-noise-budget
0.9375,0.918749988079071,0.910768761754036,0.008818417901875802,80,500,81,61,0.15536585450172424,0.19530042508244513,0.018341154089789723,forced,79,gated,60,0.75,expC_intermediate,1,18,0.9,8,source-sep-noise-budget
0.9937500357627869,0.9781250357627869,0.9618937608003616,0.009439550671095077,80,500,81,61,0.04873814433813095,0.09360314188152552,0.02309661304474638,forced,80,gated,60,0.75,expC_intermediate,1,19,0.95,8,source-sep-noise-budget
1.0,0.9906250238418579,0.9955625076293946,0.003927557680971464,80,500,81,61,0.003011626424267888,0.021990367226768285,0.01622300798481622,forced,81,gated,60,0.75,expC_intermediate,1,20,1.0,8,source-sep-noise-budget
1.0,0.9906250238418579,0.9955625076293946,0.003927557680971464,80,500,81,61,0.003011626424267888,0.021990367226768285,0.01622300798481622,forced,82,gated,60,0.75,expC_intermediate,1,20,1.0,8,source-sep-noise-budget
1.0,0.9906250238418579,0.9955625076293946,0.003927557680971464,80,500,81,61,0.003011626424267888,0.021990367226768285,0.01622300798481622,forced,83,gated,60,0.75,expC_intermediate,1,20,1.0,8,source-sep-noise-budget
1.0,0.9906250238418579,0.9955625076293946,0.003927557680971464,80,500,81,61,0.003011626424267888,0.021990367226768285,0.01622300798481622,forced,91,gated,60,0.75,expC_intermediate,1,20,1.0,8,source-sep-noise-budget
1.0,0.9906250238418579,0.9955625076293946,0.003927557680971464,80,500,81,61,0.003011626424267888,0.021990367226768285,0.01622300798481622,forced,101,gated,60,0.75,expC_intermediate,1,20,1.0,8,source-sep-noise-budget
0.09375,0.04062500223517418,0.050037500772625206,0.012465521285633116,80,500,101,81,2.983142852783203,2.998084847450256,0.003973288666801973,forced,10,gated,80,1.0,expC_intermediate,1,0,0.0,8,source-sep-noise-budget
0.09375,0.03750000149011612,0.049918750859797,0.011913311786383184,80,500,101,81,2.9832262992858887,2.99804802942276,0.003979407146563139,forced,20,gated,80,1.0,expC_intermediate,1,0,0.0,8,source-sep-noise-budget
0.9375,0.918749988079071,0.9141437612771988,0.008137805694596949,80,500,101,81,0.15256166458129883,0.1971068374812603,0.017263848420133784,forced,99,gated,80,1.0,expC_intermediate,1,18,0.9,8,source-sep-noise-budget
0.9312500357627869,0.925000011920929,0.9080000120401382,0.008566375956779837,80,500,101,81,0.13628923892974854,0.17645516526699065,0.018181315579041804,forced,100,gated,80,1.0,expC_intermediate,1,19,0.95,8,source-sep-noise-budget
1.0,0.9906250238418579,0.9952437579631805,0.004534490691350786,80,500,101,81,0.0029731150716543198,0.023275933935772628,0.018737935811194758,forced,101,gated,80,1.0,expC_intermediate,1,20,1.0,8,source-sep-noise-budget
1.0,0.9906250238418579,0.9952437579631805,0.004534490691350786,80,500,101,81,0.0029731150716543198,0.023275933935772628,0.018737935811194758,forced,102,gated,80,1.0,expC_intermediate,1,20,1.0,8,source-sep-noise-budget
1.0,0.9906250238418579,0.9952437579631805,0.004534490691350786,80,500,101,81,0.0029731150716543198,0.023275933935772628,0.018737935811194758,forced,103,gated,80,1.0,expC_intermediate,1,20,1.0,8,source-sep-noise-budget
1.0,0.9906250238418579,0.9952437579631805,0.004534490691350786,80,500,101,81,0.0029731150716543198,0.023275933935772628,0.018737935811194758,forced,111,gated,80,1.0,expC_intermediate,1,20,1.0,8,source-sep-noise-budget
1.0,0.9906250238418579,0.9952437579631805,0.004534490691350786,80,500,101,81,0.0029731150716543198,0.023275933935772628,0.018737935811194758,forced,121,gated,80,1.0,expC_intermediate,1,20,1.0,8,source-sep-noise-budget
0.5875000357627869,0.528124988079071,0.5329875118732452,0.010653850005612439,20,500,21,1,0.9357706904411316,1.0012947638034821,0.024061192599394196,forced,10,gated,0,0.0,expC_intermediate,2,9,0.45,8,source-sep-noise-budget
0.9593750238418579,0.9281250238418579,0.9416312615871429,0.006574630537253077,20,500,21,1,0.09156837314367294,0.14226036176085471,0.020594479993563015,forced,19,gated,0,0.0,expC_intermediate,2,18,0.9,8,source-sep-noise-budget
0.9906250238418579,0.9593750238418579,0.9641500107049942,0.007985101348643843,20,500,21,1,0.048815466463565826,0.0933375916928053,0.017878598499604523,forced,20,gated,0,0.0,expC_intermediate,2,19,0.95,8,source-sep-noise-budget
1.0,0.9937500357627869,0.9974000010490417,0.00314333888472905,20,500,21,1,0.001940137124620378,0.01443970394995995,0.01307867169064457,forced,21,gated,0,0.0,expC_intermediate,2,20,1.0,8,source-sep-noise-budget
1.0,0.9937500357627869,0.9974000010490417,0.00314333888472905,20,500,21,1,0.001940137124620378,0.01443970394995995,0.01307867169064457,forced,22,gated,0,0.0,expC_intermediate,2,20,1.0,8,source-sep-noise-budget
1.0,0.9937500357627869,0.9974000010490417,0.00314333888472905,20,500,21,1,0.001940137124620378,0.01443970394995995,0.01307867169064457,forced,23,gated,0,0.0,expC_intermediate,2,20,1.0,8,source-sep-noise-budget
1.0,0.9937500357627869,0.9974000010490417,0.00314333888472905,20,500,21,1,0.001940137124620378,0.01443970394995995,0.01307867169064457,forced,31,gated,0,0.0,expC_intermediate,2,20,1.0,8,source-sep-noise-budget
1.0,0.9937500357627869,0.9974000010490417,0.00314333888472905,20,500,21,1,0.001940137124620378,0.01443970394995995,0.01307867169064457,forced,41,gated,0,0.0,expC_intermediate,2,20,1.0,8,source-sep-noise-budget
0.484375,0.453125,0.44608750587701795,0.01187026844987157,20,500,26,6,1.3356413841247559,1.4131735346317291,0.023878843640112873,forced,10,gated,5,0.25,expC_intermediate,2,4,0.2,8,source-sep-noise-budget
0.9625000357627869,0.9437500238418579,0.9466625130176545,0.005419305022818157,20,500,26,6,0.08245956152677536,0.13179666717350483,0.017874055872248017,forced,20,gated,5,0.25,expC_intermediate,2,14,0.7,8,source-sep-noise-budget
0.890625,0.856249988079071,0.8619062622785568,0.008631960600267441,20,500,26,6,0.23603525757789612,0.2831382375359535,0.01979758681070944,forced,24,gated,5,0.25,expC_intermediate,2,18,0.9,8,source-sep-noise-budget
0.9437500238418579,0.9125000238418579,0.9167375133037567,0.009147908242337124,20,500,26,6,0.1337900608778,0.1804115147292614,0.020406383820937637,forced,25,gated,5,0.25,expC_intermediate,2,19,0.95,8,source-sep-noise-budget
0.9625000357627869,0.9437500238418579,0.9493750084638596,0.004459008379328622,20,500,26,6,0.07757820188999176,0.11281937667727471,0.016097326773940664,forced,26,gated,5,0.25,expC_intermediate,2,20,1.0,8,source-sep-noise-budget
0.9625000357627869,0.9437500238418579,0.9493750084638596,0.004459008379328622,20,500,26,6,0.07757820188999176,0.11281937667727471,0.016097326773940664,forced,27,gated,5,0.25,expC_intermediate,2,20,1.0,8,source-sep-noise-budget
0.9625000357627869,0.9437500238418579,0.9493750084638596,0.004459008379328622,20,500,26,6,0.07757820188999176,0.11281937667727471,0.016097326773940664,forced,28,gated,5,0.25,expC_intermediate,2,20,1.0,8,source-sep-noise-budget
0.9625000357627869,0.9437500238418579,0.9493750084638596,0.004459008379328622,20,500,26,6,0.07757820188999176,0.11281937667727471,0.016097326773940664,forced,36,gated,5,0.25,expC_intermediate,2,20,1.0,8,source-sep-noise-budget
0.9625000357627869,0.9437500238418579,0.9493750084638596,0.004459008379328622,20,500,26,6,0.07757820188999176,0.11281937667727471,0.016097326773940664,forced,46,gated,5,0.25,expC_intermediate,2,20,1.0,8,source-sep-noise-budget
0.3031249940395355,0.24062500894069672,0.2471812543272972,0.012515771165625616,20,500,31,11,1.8325875997543335,1.892967779636383,0.026079840421524347,forced,10,gated,10,0.5,expC_intermediate,2,0,0.0,8,source-sep-noise-budget
0.796875,0.7593750357627869,0.7655937621593475,0.008344334784581343,20,500,31,11,0.48320770263671875,0.5476257655620574,0.02236164940013545,forced,20,gated,10,0.5,expC_intermediate,2,9,0.45,8,source-sep-noise-budget
0.9468750357627869,0.918749988079071,0.9205062607526779,0.008629844173815952,20,500,31,11,0.15335582196712494,0.20041641557216644,0.01871506537758819,forced,29,gated,10,0.5,expC_intermediate,2,18,0.9,8,source-sep-noise-budget
0.987500011920929,0.9750000238418579,0.9662062623500824,0.007830854962056408,20,500,31,11,0.05280736833810806,0.08968145629763603,0.018664937344810985,forced,30,gated,10,0.5,expC_intermediate,2,19,0.95,8,source-sep-noise-budget
1.0,0.996874988079071,0.9959562559127808,0.004011162787476262,20,500,31,11,0.002293576020747423,0.02134796381369233,0.01751382359509684,forced,31,gated,10,0.5,expC_intermediate,2,20,1.0,8,source-sep-noise-budget
1.0,0.996874988079071,0.9959562559127808,0.004011162787476262,20,500,31,11,0.002293576020747423,0.02134796381369233,0.01751382359509684,forced,32,gated,10,0.5,expC_intermediate,2,20,1.0,8,source-sep-noise-budget
1.0,0.996874988079071,0.9959562559127808,0.004011162787476262,20,500,31,11,0.002293576020747423,0.02134796381369233,0.01751382359509684,forced,33,gated,10,0.5,expC_intermediate,2,20,1.0,8,source-sep-noise-budget
1.0,0.996874988079071,0.9959562559127808,0.004011162787476262,20,500,31,11,0.002293576020747423,0.02134796381369233,0.01751382359509684,forced,41,gated,10,0.5,expC_intermediate,2,20,1.0,8,source-sep-noise-budget
1.0,0.996874988079071,0.9959562559127808,0.004011162787476262,20,500,31,11,0.002293576020747423,0.02134796381369233,0.01751382359509684,forced,51,gated,10,0.5,expC_intermediate,2,20,1.0,8,source-sep-noise-budget
0.15625,0.11250000447034836,0.1124812514781952,0.012439684184715825,20,500,36,16,2.6140670776367188,2.6762043352127076,0.02266086165352235,forced,10,gated,15,0.75,expC_intermediate,2,0,0.0,8,source-sep-noise-budget
0.3531250059604645,0.30937501788139343,0.3159437558054924,0.012415179200114722,20,500,36,16,1.7091083526611328,1.7727216956615448,0.025362389070199744,forced,20,gated,15,0.75,expC_intermediate,2,4,0.2,8,source-sep-noise-budget
0.949999988079071,0.918749988079071,0.9206437612771988,0.008961050206367322,20,500,36,16,0.14069731533527374,0.19120333030819892,0.017976344117978615,forced,34,gated,15,0.75,expC_intermediate,2,18,0.9,8,source-sep-noise-budget
0.987500011920929,0.9593750238418579,0.963100011229515,0.008553105390609961,20,500,36,16,0.04407041519880295,0.09414537774026394,0.02081753584976851,forced,35,gated,15,0.75,expC_intermediate,2,19,0.95,8,source-sep-noise-budget
1.0,1.0,0.9962000049352646,0.003730858549717573,20,500,36,16,0.0017062679398804903,0.019377664586529137,0.015557352403839694,forced,36,gated,15,0.75,expC_intermediate,2,20,1.0,8,source-sep-noise-budget
1.0,1.0,0.9962000049352646,0.003730858549717573,20,500,36,16,0.0017062679398804903,0.019377664586529137,0.015557352403839694,forced,37,gated,15,0.75,expC_intermediate,2,20,1.0,8,source-sep-noise-budget
1.0,1.0,0.9962000049352646,0.003730858549717573,20,500,36,16,0.0017062679398804903,0.019377664586529137,0.015557352403839694,forced,38,gated,15,0.75,expC_intermediate,2,20,1.0,8,source-sep-noise-budget
1.0,1.0,0.9962000049352646,0.003730858549717573,20,500,36,16,0.0017062679398804903,0.019377664586529137,0.015557352403839694,forced,46,gated,15,0.75,expC_intermediate,2,20,1.0,8,source-sep-noise-budget
1.0,1.0,0.9962000049352646,0.003730858549717573,20,500,36,16,0.0017062679398804903,0.019377664586529137,0.015557352403839694,forced,56,gated,15,0.75,expC_intermediate,2,20,1.0,8,source-sep-noise-budget
0.09687500447034836,0.03437500074505806,0.04921250096708536,0.012077426188439834,20,500,41,21,2.980320692062378,2.9983012161254883,0.0039335840206670405,forced,10,gated,20,1.0,expC_intermediate,2,0,0.0,8,source-sep-noise-budget
0.37187501788139343,0.328125,0.33439375579357145,0.01001267011787919,20,500,41,21,2.0093994140625,2.040450659751892,0.010265616444944298,forced,20,gated,20,1.0,expC_intermediate,2,0,0.0,8,source-sep-noise-budget
0.918749988079071,0.890625,0.8995187625885009,0.0058881839725706,20,500,41,21,0.15240049362182617,0.20637565937638283,0.019603166684934364,forced,39,gated,20,1.0,expC_intermediate,2,18,0.9,8,source-sep-noise-budget
0.9781250357627869,0.953125,0.957731262087822,0.00814020504250576,20,500,41,21,0.06298285722732544,0.09949425798654556,0.016037792839946503,forced,40,gated,20,1.0,expC_intermediate,2,19,0.95,8,source-sep-noise-budget
0.965624988079071,0.953125,0.9493375086784362,0.004387314990930581,20,500,41,21,0.06998958438634872,0.10653589691221714,0.015939567338207988,forced,41,gated,20,1.0,expC_intermediate,2,20,1.0,8,source-sep-noise-budget
0.965624988079071,0.953125,0.9493375086784362,0.004387314990930581,20,500,41,21,0.06998958438634872,0.10653589691221714,0.015939567338207988,forced,42,gated,20,1.0,expC_intermediate,2,20,1.0,8,source-sep-noise-budget
0.965624988079071,0.953125,0.9493375086784362,0.004387314990930581,20,500,41,21,0.06998958438634872,0.10653589691221714,0.015939567338207988,forced,43,gated,20,1.0,expC_intermediate,2,20,1.0,8,source-sep-noise-budget
0.965624988079071,0.953125,0.9493375086784362,0.004387314990930581,20,500,41,21,0.06998958438634872,0.10653589691221714,0.015939567338207988,forced,51,gated,20,1.0,expC_intermediate,2,20,1.0,8,source-sep-noise-budget
0.965624988079071,0.953125,0.9493375086784362,0.004387314990930581,20,500,41,21,0.06998958438634872,0.10653589691221714,0.015939567338207988,forced,61,gated,20,1.0,expC_intermediate,2,20,1.0,8,source-sep-noise-budget
0.578125,0.5406250357627869,0.5335437614917755,0.010219869372963293,40,500,21,1,0.9395340085029602,1.0001310397386551,0.022431090844743415,forced,10,gated,0,0.0,expC_intermediate,2,9,0.45,8,source-sep-noise-budget
0.9593750238418579,0.953125,0.9440062621831894,0.006437253491719683,40,500,21,1,0.08636392652988434,0.1375065580457449,0.022116549023311238,forced,19,gated,0,0.0,expC_intermediate,2,18,0.9,8,source-sep-noise-budget
0.953125,0.940625011920929,0.9265312622785569,0.008259642121804307,40,500,21,1,0.10747029632329941,0.14929779343307018,0.01677968723251434,forced,20,gated,0,0.0,expC_intermediate,2,19,0.95,8,source-sep-noise-budget
1.0,1.0,0.9968187527656556,0.0034313438609819696,40,500,21,1,0.0024253036826848984,0.017513857988640667,0.015341242532951672,forced,21,gated,0,0.0,expC_intermediate,2,20,1.0,8,source-sep-noise-budget
1.0,1.0,0.9968187527656556,0.0034313438609819696,40,500,21,1,0.0024253036826848984,0.017513857988640667,0.015341242532951672,forced,22,gated,0,0.0,expC_intermediate,2,20,1.0,8,source-sep-noise-budget
1.0,1.0,0.9968187527656556,0.0034313438609819696,40,500,21,1,0.0024253036826848984,0.017513857988640667,0.015341242532951672,forced,23,gated,0,0.0,expC_intermediate,2,20,1.0,8,source-sep-noise-budget
1.0,1.0,0.9968187527656556,0.0034313438609819696,40,500,21,1,0.0024253036826848984,0.017513857988640667,0.015341242532951672,forced,31,gated,0,0.0,expC_intermediate,2,20,1.0,8,source-sep-noise-budget
1.0,1.0,0.9968187527656556,0.0034313438609819696,40,500,21,1,0.0024253036826848984,0.017513857988640667,0.015341242532951672,forced,41,gated,0,0.0,expC_intermediate,2,20,1.0,8,source-sep-noise-budget
0.38750001788139343,0.34062501788139343,0.34147500574588774,0.011872539547856921,40,500,31,11,1.6987545490264893,1.7546045401096344,0.025486174155711135,forced,10,gated,10,0.25,expC_intermediate,2,0,0.0,8,source-sep-noise-budget
0.793749988079071,0.7593750357627869,0.7655750130414962,0.008869574897934239,40,500,31,11,0.4922477602958679,0.544219567835331,0.02236039944208235,forced,20,gated,10,0.25,expC_intermediate,2,9,0.45,8,source-sep-noise-budget
0.9437500238418579,0.9156250357627869,0.922737511754036,0.008112865452016378,40,500,31,11,0.15563997626304626,0.19400636485219003,0.018698882557893384,forced,29,gated,10,0.25,expC_intermediate,2,18,0.9,8,source-sep-noise-budget
0.9906250238418579,0.9625000357627869,0.965081262588501,0.008091109017431155,40,500,31,11,0.04469466954469681,0.09154821071773768,0.01940574248046478,forced,30,gated,10,0.25,expC_intermediate,2,19,0.95,8,source-sep-noise-budget
1.0,1.0,0.9960500056743622,0.0039655461704479564,40,500,31,11,0.0020292240660637617,0.020644414640497415,0.017975621279460657,forced,31,gated,10,0.25,expC_intermediate,2,20,1.0,8,source-sep-noise-budget
1.0,1.0,0.9960500056743622,0.0039655461704479564,40,500,31,11,0.0020292240660637617,0.020644414640497415,0.017975621279460657,forced,32,gated,10,0.25,expC_intermediate,2,20,1.0,8,source-sep-noise-budget
1.0,1.0,0.9960500056743622,0.0039655461704479564,40,500,31,11,0.0020292240660637617,0.020644414640497415,0.017975621279460657,forced,33,gated,10,0.25,expC_intermediate,2,20,1.0,8,source-sep-noise-budget
1.0,1.0,0.9960500056743622,0.0039655461704479564,40,500,31,11,0.0020292240660637617,0.020644414640497415,0.017975621279460657,forced,41,gated,10,0.25,expC_intermediate,2,20,1.0,8,source-sep-noise-budget
1.0,1.0,0.9960500056743622,0.0039655461704479564,40,500,31,11,0.0020292240660637617,0.020644414640497415,0.017975621279460657,forced,51,gated,10,0.25,expC_intermediate,2,20,1.0,8,source-sep-noise-budget
0.09687500447034836,0.05312500149011612,0.048918750897049904,0.011920261060733748,40,500,41,21,2.9824957847595215,2.9975075011253356,0.003589013829742528,forced,10,gated,20,0.5,expC_intermediate,2,0,0.0,8,source-sep-noise-budget
0.375,0.3343749940395355,0.33268125611543653,0.01064530950042206,40,500,41,21,2.0157675743103027,2.049379059791565,0.014524530998363464,forced,20,gated,20,0.5,expC_intermediate,2,0,0.0,8,source-sep-noise-budget
0.965624988079071,0.956250011920929,0.9471500113010406,0.005248000878470185,40,500,41,21,0.08351294696331024,0.1206310800164938,0.01613724711242676,forced,39,gated,20,0.5,expC_intermediate,2,18,0.9,8,source-sep-noise-budget
0.9781250357627869,0.956250011920929,0.9543312603235244,0.0077415561092139765,40,500,41,21,0.06749296188354492,0.10821946935355663,0.020027536865844686,forced,40,gated,20,0.5,expC_intermediate,2,19,0.95,8,source-sep-noise-budget
1.0,0.996874988079071,0.9965437548160553,0.003588660656817898,40,500,41,21,0.0015702750533819199,0.018255740869324653,0.01553287338592405,forced,41,gated,20,0.5,expC_intermediate,2,20,1.0,8,source-sep-noise-budget
1.0,0.996874988079071,0.9965437548160553,0.003588660656817898,40,500,41,21,0.0015702750533819199,0.018255740869324653,0.01553287338592405,forced,42,gated,20,0.5,expC_intermediate,2,20,1.0,8,source-sep-noise-budget
1.0,0.996874988079071,0.9965437548160553,0.003588660656817898,40,500,41,21,0.0015702750533819199,0.018255740869324653,0.01553287338592405,forced,43,gated,20,0.5,expC_intermediate,2,20,1.0,8,source-sep-noise-budget
1.0,0.996874988079071,0.9965437548160553,0.003588660656817898,40,500,41,21,0.0015702750533819199,0.018255740869324653,0.01553287338592405,forced,51,gated,20,0.5,expC_intermediate,2,20,1.0,8,source-sep-noise-budget
1.0,0.996874988079071,0.9965437548160553,0.003588660656817898,40,500,41,21,0.0015702750533819199,0.018255740869324653,0.01553287338592405,forced,61,gated,20,0.5,expC_intermediate,2,20,1.0,8,source-sep-noise-budget
0.09062500298023224,0.02187499962747097,0.04936875076033175,0.012422099623121203,40,500,51,31,2.981536388397217,2.9982892112731934,0.00425547663735689,forced,10,gated,30,0.75,expC_intermediate,2,0,0.0,8,source-sep-noise-budget
0.09687500447034836,0.05937499925494194,0.04911875085532665,0.011961231408778295,40,500,51,31,2.9827206134796143,2.9979440236091612,0.004003135725189066,forced,20,gated,30,0.75,expC_intermediate,2,0,0.0,8,source-sep-noise-budget
0.9593750238418579,0.956250011920929,0.9469250129461289,0.005295689592223692,40,500,51,31,0.08056729286909103,0.12453000977635384,0.01788685156421858,forced,49,gated,30,0.75,expC_intermediate,2,18,0.9,8,source-sep-noise-budget
0.987500011920929,0.981249988079071,0.9632562623023987,0.007623614732828435,40,500,51,31,0.050738848745822906,0.0910203580185771,0.016041879721176537,forced,50,gated,30,0.75,expC_intermediate,2,19,0.95,8,source-sep-noise-budget
1.0,1.0,0.9965062551498413,0.003628324058037903,40,500,51,31,0.0014556434471160173,0.017888509664684533,0.014122016238074435,forced,51,gated,30,0.75,expC_intermediate,2,20,1.0,8,source-sep-noise-budget
1.0,1.0,0.9965062551498413,0.003628324058037903,40,500,51,31,0.0014556434471160173,0.017888509664684533,0.014122016238074435,forced,52,gated,30,0.75,expC_intermediate,2,20,1.0,8,source-sep-noise-budget
1.0,1.0,0.9965062551498413,0.003628324058037903,40,500,51,31,0.0014556434471160173,0.017888509664684533,0.014122016238074435,forced,53,gated,30,0.75,expC_intermediate,2,20,1.0,8,source-sep-noise-budget
1.0,1.0,0.9965062551498413,0.003628324058037903,40,500,51,31,0.0014556434471160173,0.017888509664684533,0.014122016238074435,forced,61,gated,30,0.75,expC_intermediate,2,20,1.0,8,source-sep-noise-budget
1.0,1.0,0.9965062551498413,0.003628324058037903,40,500,51,31,0.0014556434471160173,0.017888509664684533,0.014122016238074435,forced,71,gated,30,0.75,expC_intermediate,2,20,1.0,8,source-sep-noise-budget
0.09687500447034836,0.04062500223517418,0.04937500102445483,0.012146566115762389,40,500,61,41,2.9828600883483887,2.9979754548072814,0.004075468370769753,forced,10,gated,40,1.0,expC_intermediate,2,0,0.0,8,source-sep-noise-budget
0.10000000149011612,0.04374999925494194,0.048968750808387994,0.012420489502406463,40,500,61,41,2.983954906463623,2.998160650253296,0.004183860408779301,forced,20,gated,40,1.0,expC_intermediate,2,0,0.0,8,source-sep-noise-budget
0.840624988079071,0.8031250238418579,0.8092000106573105,0.0073320136655658,40,500,61,41,0.3002200722694397,0.34603274857997895,0.016616804551598474,forced,59,gated,40,1.0,expC_intermediate,2,18,0.9,8,source-sep-noise-budget
0.9468750357627869,0.925000011920929,0.9199812628030777,0.010005255293740772,40,500,61,41,0.12347207218408585,0.16853182567656042,0.019526053647518717,forced,60,gated,40,1.0,expC_intermediate,2,19,0.95,8,source-sep-noise-budget
1.0,1.0,0.9964000059366226,0.0036669030943147977,40,500,61,41,0.0019354866817593575,0.018244615209754556,0.01419242076439268,forced,61,gated,40,1.0,expC_intermediate,2,20,1.0,8,source-sep-noise-budget
1.0,1.0,0.9964000059366226,0.0036669030943147977,40,500,61,41,0.0019354866817593575,0.018244615209754556,0.01419242076439268,forced,62,gated,40,1.0,expC_intermediate,2,20,1.0,8,source-sep-noise-budget
1.0,1.0,0.9964000059366226,0.0036669030943147977,40,500,61,41,0.0019354866817593575,0.018244615209754556,0.01419242076439268,forced,63,gated,40,1.0,expC_intermediate,2,20,1.0,8,source-sep-noise-budget
1.0,1.0,0.9964000059366226,0.0036669030943147977,40,500,61,41,0.0019354866817593575,0.018244615209754556,0.01419242076439268,forced,71,gated,40,1.0,expC_intermediate,2,20,1.0,8,source-sep-noise-budget
1.0,1.0,0.9964000059366226,0.0036669030943147977,40,500,61,41,0.0019354866817593575,0.018244615209754556,0.01419242076439268,forced,81,gated,40,1.0,expC_intermediate,2,20,1.0,8,source-sep-noise-budget
0.581250011920929,0.5406250357627869,0.5336375122070313,0.01081462354408885,80,500,21,1,0.9410346746444702,1.0105200172662736,0.023594163989519492,forced,10,gated,0,0.0,expC_intermediate,2,9,0.45,8,source-sep-noise-budget
0.9593750238418579,0.956250011920929,0.9478312603235245,0.005097064844197349,80,500,21,1,0.07723212242126465,0.10956510639190674,0.01694628873827601,forced,19,gated,0,0.0,expC_intermediate,2,18,0.9,8,source-sep-noise-budget
0.9937500357627869,0.971875011920929,0.9754625127315522,0.007709379268936995,80,500,21,1,0.032845936715602875,0.06695558248460293,0.015007164519907386,forced,20,gated,0,0.0,expC_intermediate,2,19,0.95,8,source-sep-noise-budget
1.0,1.0,0.9976375020742416,0.0029785350730767764,80,500,21,1,0.0018342580879107118,0.01345658548665233,0.013308353559271147,forced,21,gated,0,0.0,expC_intermediate,2,20,1.0,8,source-sep-noise-budget
1.0,1.0,0.9976375020742416,0.0029785350730767764,80,500,21,1,0.0018342580879107118,0.01345658548665233,0.013308353559271147,forced,22,gated,0,0.0,expC_intermediate,2,20,1.0,8,source-sep-noise-budget
1.0,1.0,0.9976375020742416,0.0029785350730767764,80,500,21,1,0.0018342580879107118,0.01345658548665233,0.013308353559271147,forced,23,gated,0,0.0,expC_intermediate,2,20,1.0,8,source-sep-noise-budget
1.0,1.0,0.9976375020742416,0.0029785350730767764,80,500,21,1,0.0018342580879107118,0.01345658548665233,0.013308353559271147,forced,31,gated,0,0.0,expC_intermediate,2,20,1.0,8,source-sep-noise-budget
1.0,1.0,0.9976375020742416,0.0029785350730767764,80,500,21,1,0.0018342580879107118,0.01345658548665233,0.013308353559271147,forced,41,gated,0,0.0,expC_intermediate,2,20,1.0,8,source-sep-noise-budget
0.09687500447034836,0.046875,0.05021250085346401,0.011166083075205219,80,500,41,21,2.9836196899414062,2.9979171848297117,0.0034358175082261928,forced,10,gated,20,0.25,expC_intermediate,2,0,0.0,8,source-sep-noise-budget
0.3687500059604645,0.34687501192092896,0.332687506377697,0.009982601884772195,80,500,41,21,2.0071778297424316,2.0490454611778257,0.013114225845204348,forced,20,gated,20,0.25,expC_intermediate,2,0,0.0,8,source-sep-noise-budget
0.9625000357627869,0.956250011920929,0.9491187608242035,0.0045869105306975775,80,500,41,21,0.07558919489383698,0.1140432220697403,0.01471087491379641,forced,39,gated,20,0.25,expC_intermediate,2,18,0.9,8,source-sep-noise-budget
0.987500011920929,0.9750000238418579,0.9628812613487243,0.008742809364778859,80,500,41,21,0.05255516245961189,0.08994160585850478,0.01693887164550067,forced,40,gated,20,0.25,expC_intermediate,2,19,0.95,8,source-sep-noise-budget
1.0,1.0,0.9957125086784363,0.00395483336619522,80,500,41,21,0.002688530134037137,0.022066098007839173,0.017059996302855554,forced,41,gated,20,0.25,expC_intermediate,2,20,1.0,8,source-sep-noise-budget
1.0,1.0,0.9957125086784363,0.00395483336619522,80,500,41,21,0.002688530134037137,0.022066098007839173,0.017059996302855554,forced,42,gated,20,0.25,expC_intermediate,2,20,1.0,8,source-sep-noise-budget
1.0,1.0,0.9957125086784363,0.00395483336619522,80,500,41,21,0.002688530134037137,0.022066098007839173,0.017059996302855554,forced,43,gated,20,0.25,expC_intermediate,2,20,1.0,8,source-sep-noise-budget
1.0,1.0,0.9957125086784363,0.00395483336619522,80,500,41,21,0.002688530134037137,0.022066098007839173,0.017059996302855554,forced,51,gated,20,0.25,expC_intermediate,2,20,1.0,8,source-sep-noise-budget
1.0,1.0,0.9957125086784363,0.00395483336619522,80,500,41,21,0.002688530134037137,0.022066098007839173,0.017059996302855554,forced,61,gated,20,0.25,expC_intermediate,2,20,1.0,8,source-sep-noise-budget
0.10625000298023224,0.03750000149011612,0.04995625085756183,0.01193316521736017,80,500,61,41,2.9835944175720215,2.9982596850395202,0.0035773705924627406,forced,10,gated,40,0.5,expC_intermediate,2,0,0.0,8,source-sep-noise-budget
0.09687500447034836,0.03750000149011612,0.04988125091791153,0.012247670553022946,80,500,61,41,2.982980728149414,2.9982630968093873,0.0036931978837549968,forced,20,gated,40,0.5,expC_intermediate,2,0,0.0,8,source-sep-noise-budget
0.840624988079071,0.815625011920929,0.8095937609672547,0.0077617719463365115,80,500,61,41,0.29163092374801636,0.34031748163700104,0.0161013981759781,forced,59,gated,40,0.5,expC_intermediate,2,18,0.9,8,source-sep-noise-budget
0.984375,0.9625000357627869,0.9582312617301941,0.008937742533910402,80,500,61,41,0.055431194603443146,0.0978361846730113,0.019229735453887748,forced,60,gated,40,0.5,expC_intermediate,2,19,0.95,8,source-sep-noise-budget
1.0,0.9937500357627869,0.9965375046730042,0.0032420713396120403,80,500,61,41,0.0018271200824528933,0.017960992756299674,0.01332404018131755,forced,61,gated,40,0.5,expC_intermediate,2,20,1.0,8,source-sep-noise-budget
1.0,0.9937500357627869,0.9965375046730042,0.0032420713396120403,80,500,61,41,0.0018271200824528933,0.017960992756299674,0.01332404018131755,forced,62,gated,40,0.5,expC_intermediate,2,20,1.0,8,source-sep-noise-budget
1.0,0.9937500357627869,0.9965375046730042,0.0032420713396120403,80,500,61,41,0.0018271200824528933,0.017960992756299674,0.01332404018131755,forced,63,gated,40,0.5,expC_intermediate,2,20,1.0,8,source-sep-noise-budget
1.0,0.9937500357627869,0.9965375046730042,0.0032420713396120403,80,500,61,41,0.0018271200824528933,0.017960992756299674,0.01332404018131755,forced,71,gated,40,0.5,expC_intermediate,2,20,1.0,8,source-sep-noise-budget
1.0,0.9937500357627869,0.9965375046730042,0.0032420713396120403,80,500,61,41,0.0018271200824528933,0.017960992756299674,0.01332404018131755,forced,81,gated,40,0.5,expC_intermediate,2,20,1.0,8,source-sep-noise-budget
0.10000000149011612,0.046875,0.05027500101551414,0.011667704069603246,80,500,81,61,2.9812304973602295,2.9981682481765746,0.0035726998888743204,forced,10,gated,60,0.75,expC_intermediate,2,0,0.0,8,source-sep-noise-budget
0.09687500447034836,0.03750000149011612,0.05055625092610717,0.011589628892163618,80,500,81,61,2.9817378520965576,2.9982520580291747,0.003676663479679406,forced,20,gated,60,0.75,expC_intermediate,2,0,0.0,8,source-sep-noise-budget
0.890625,0.8687500357627869,0.8598937629461288,0.008630003889526883,80,500,81,61,0.2243691384792328,0.27146725049614906,0.021424728172969025,forced,79,gated,60,0.75,expC_intermediate,2,18,0.9,8,source-sep-noise-budget
0.9906250238418579,0.971875011920929,0.9679625123739243,0.00832241883857209,80,500,81,61,0.047616418451070786,0.08347435978055,0.01694452680849288,forced,80,gated,60,0.75,expC_intermediate,2,19,0.95,8,source-sep-noise-budget
1.0,0.9906250238418579,0.9967250049114227,0.0034653548762732787,80,500,81,61,0.0019341951701790094,0.01717338405456394,0.014634818337638458,forced,81,gated,60,0.75,expC_intermediate,2,20,1.0,8,source-sep-noise-budget
1.0,0.9906250238418579,0.9967250049114227,0.0034653548762732787,80,500,81,61,0.0019341951701790094,0.01717338405456394,0.014634818337638458,forced,82,gated,60,0.75,expC_intermediate,2,20,1.0,8,source-sep-noise-budget
1.0,0.9906250238418579,0.9967250049114227,0.0034653548762732787,80,500,81,61,0.0019341951701790094,0.01717338405456394,0.014634818337638458,forced,83,gated,60,0.75,expC_intermediate,2,20,1.0,8,source-sep-noise-budget
1.0,0.9906250238418579,0.9967250049114227,0.0034653548762732787,80,500,81,61,0.0019341951701790094,0.01717338405456394,0.014634818337638458,forced,91,gated,60,0.75,expC_intermediate,2,20,1.0,8,source-sep-noise-budget
1.0,0.9906250238418579,0.9967250049114227,0.0034653548762732787,80,500,81,61,0.0019341951701790094,0.01717338405456394,0.014634818337638458,forced,101,gated,60,0.75,expC_intermediate,2,20,1.0,8,source-sep-noise-budget
0.09687500447034836,0.04062500223517418,0.05035000092536211,0.011657320922109585,80,500,101,81,2.9829328060150146,2.998157070159912,0.0035900494286074773,forced,10,gated,80,1.0,expC_intermediate,2,0,0.0,8,source-sep-noise-budget
0.09687500447034836,0.03750000149011612,0.050331250876188276,0.011928647049830066,80,500,101,81,2.9844002723693848,2.998186233997345,0.003693730033009658,forced,20,gated,80,1.0,expC_intermediate,2,0,0.0,8,source-sep-noise-budget
0.9000000357627869,0.878125011920929,0.8703500114679337,0.01050197816239477,80,500,101,81,0.2153410017490387,0.2618450090289116,0.01784030875230267,forced,99,gated,80,1.0,expC_intermediate,2,18,0.9,8,source-sep-noise-budget
0.9437500238418579,0.918749988079071,0.9192937611341476,0.009472267778495767,80,500,101,81,0.12413740158081055,0.16598650228977202,0.017917340596857474,forced,100,gated,80,1.0,expC_intermediate,2,19,0.95,8,source-sep-noise-budget
1.0,1.0,0.9959625055789948,0.0036799827470660254,80,500,101,81,0.003381524933502078,0.02024751164810732,0.01456954532816486,forced,101,gated,80,1.0,expC_intermediate,2,20,1.0,8,source-sep-noise-budget
1.0,1.0,0.9959625055789948,0.0036799827470660254,80,500,101,81,0.003381524933502078,0.02024751164810732,0.01456954532816486,forced,102,gated,80,1.0,expC_intermediate,2,20,1.0,8,source-sep-noise-budget
1.0,1.0,0.9959625055789948,0.0036799827470660254,80,500,101,81,0.003381524933502078,0.02024751164810732,0.01456954532816486,forced,103,gated,80,1.0,expC_intermediate,2,20,1.0,8,source-sep-noise-budget
1.0,1.0,0.9959625055789948,0.0036799827470660254,80,500,101,81,0.003381524933502078,0.02024751164810732,0.01456954532816486,forced,111,gated,80,1.0,expC_intermediate,2,20,1.0,8,source-sep-noise-budget
1.0,1.0,0.9959625055789948,0.0036799827470660254,80,500,101,81,0.003381524933502078,0.02024751164810732,0.01456954532816486,forced,121,gated,80,1.0,expC_intermediate,2,20,1.0,8,source-sep-noise-budget
0.5718750357627869,0.5406250357627869,0.5347937623262405,0.010582656086483844,20,500,21,1,0.942750096321106,1.0108655945062637,0.023220623313538847,forced,10,gated,0,0.0,expC_intermediate,3,9,0.45,8,source-sep-noise-budget
0.9468750357627869,0.9281250238418579,0.9238125115633011,0.008745309644649346,20,500,21,1,0.13951998949050903,0.18705290225148202,0.022262927527493898,forced,19,gated,0,0.0,expC_intermediate,3,18,0.9,8,source-sep-noise-budget
0.987500011920929,0.984375,0.9641312612295151,0.007931294224099142,20,500,21,1,0.04731026664376259,0.09474093940854073,0.019408063972821625,forced,20,gated,0,0.0,expC_intermediate,3,19,0.95,8,source-sep-noise-budget
1.0,1.0,0.9969812524318695,0.0033727397528798128,20,500,21,1,0.0018518567085266113,0.015989874434191732,0.014186588566436158,forced,21,gated,0,0.0,expC_intermediate,3,20,1.0,8,source-sep-noise-budget
1.0,1.0,0.9969812524318695,0.0033727397528798128,20,500,21,1,0.0018518567085266113,0.015989874434191732,0.014186588566436158,forced,22,gated,0,0.0,expC_intermediate,3,20,1.0,8,source-sep-noise-budget
1.0,1.0,0.9969812524318695,0.0033727397528798128,20,500,21,1,0.0018518567085266113,0.015989874434191732,0.014186588566436158,forced,23,gated,0,0.0,expC_intermediate,3,20,1.0,8,source-sep-noise-budget
1.0,1.0,0.9969812524318695,0.0033727397528798128,20,500,21,1,0.0018518567085266113,0.015989874434191732,0.014186588566436158,forced,31,gated,0,0.0,expC_intermediate,3,20,1.0,8,source-sep-noise-budget
1.0,1.0,0.9969812524318695,0.0033727397528798128,20,500,21,1,0.0018518567085266113,0.015989874434191732,0.014186588566436158,forced,41,gated,0,0.0,expC_intermediate,3,20,1.0,8,source-sep-noise-budget
0.4937500059604645,0.44062501192092896,0.44586250591278076,0.011206087603328835,20,500,26,6,1.339432954788208,1.4164446492195129,0.023952963808049146,forced,10,gated,5,0.25,expC_intermediate,3,4,0.2,8,source-sep-noise-budget
0.9593750238418579,0.949999988079071,0.9483562618494034,0.004690954462770944,20,500,26,6,0.08141173422336578,0.12116815803945065,0.01724322226748106,forced,20,gated,5,0.25,expC_intermediate,3,14,0.7,8,source-sep-noise-budget
0.918749988079071,0.90625,0.8990187621116639,0.006339515360909727,20,500,26,6,0.16827765107154846,0.21425722074508666,0.019557634080419318,forced,24,gated,5,0.25,expC_intermediate,3,18,0.9,8,source-sep-noise-budget
0.9281250238418579,0.918749988079071,0.9045250105857849,0.006548569263675496,20,500,26,6,0.15048563480377197,0.18940644484758376,0.01737956016252154,forced,25,gated,5,0.25,expC_intermediate,3,19,0.95,8,source-sep-noise-budget
0.9625000357627869,0.9468750357627869,0.9493937594890595,0.004489960895161649,20,500,26,6,0.0779666155576706,0.11093776078522205,0.015088506408989613,forced,26,gated,5,0.25,expC_intermediate,3,20,1.0,8,source-sep-noise-budget
0.9625000357627869,0.9468750357627869,0.9493937594890595,0.004489960895161649,20,500,26,6,0.0779666155576706,0.11093776078522205,0.015088506408989613,forced,27,gated,5,0.25,expC_intermediate,3,20,1.0,8,source-sep-noise-budget
0.9625000357627869,0.9468750357627869,0.9493937594890595,0.004489960895161649,20,500,26,6,0.0779666155576706,0.11093776078522205,0.015088506408989613,forced,28,gated,5,0.25,expC_intermediate,3,20,1.0,8,source-sep-noise-budget
0.9625000357627869,0.9468750357627869,0.9493937594890595,0.004489960895161649,20,500,26,6,0.0779666155576706,0.11093776078522205,0.015088506408989613,forced,36,gated,5,0.25,expC_intermediate,3,20,1.0,8,source-sep-noise-budget
0.9625000357627869,0.9468750357627869,0.9493937594890595,0.004489960895161649,20,500,26,6,0.0779666155576706,0.11093776078522205,0.015088506408989613,forced,46,gated,5,0.25,expC_intermediate,3,20,1.0,8,source-sep-noise-budget
0.38750001788139343,0.3375000059604645,0.3367312557697296,0.011293960960212245,20,500,31,11,1.6161563396453857,1.6719002027511596,0.020761199341576605,forced,10,gated,10,0.5,expC_intermediate,3,0,0.0,8,source-sep-noise-budget
0.8375000357627869,0.8062500357627869,0.8126562627553939,0.007991389029170131,20,500,31,11,0.4227450489997864,0.4870410888791084,0.02327917758197179,forced,20,gated,10,0.5,expC_intermediate,3,9,0.45,8,source-sep-noise-budget
0.9437500238418579,0.9000000357627869,0.9140812613964081,0.008806716489161533,20,500,31,11,0.1645391285419464,0.21155770915746688,0.020869538811018145,forced,29,gated,10,0.5,expC_intermediate,3,18,0.9,8,source-sep-noise-budget
0.9937500357627869,0.956250011920929,0.96246251142025,0.008175238817467258,20,500,31,11,0.0419100746512413,0.0963049842864275,0.018898335626382008,forced,30,gated,10,0.5,expC_intermediate,3,19,0.95,8,source-sep-noise-budget
1.0,0.996874988079071,0.9967687531709671,0.0035532196474327166,20,500,31,11,0.0017372876172885299,0.01663117520371452,0.015704128781085295,forced,31,gated,10,0.5,expC_intermediate,3,20,1.0,8,source-sep-noise-budget
1.0,0.996874988079071,0.9967687531709671,0.0035532196474327166,20,500,31,11,0.0017372876172885299,0.01663117520371452,0.015704128781085295,forced,32,gated,10,0.5,expC_intermediate,3,20,1.0,8,source-sep-noise-budget
1.0,0.996874988079071,0.9967687531709671,0.0035532196474327166,20,500,31,11,0.0017372876172885299,0.01663117520371452,0.015704128781085295,forced,33,gated,10,0.5,expC_intermediate,3,20,1.0,8,source-sep-noise-budget
1.0,0.996874988079071,0.9967687531709671,0.0035532196474327166,20,500,31,11,0.0017372876172885299,0.01663117520371452,0.015704128781085295,forced,41,gated,10,0.5,expC_intermediate,3,20,1.0,8,source-sep-noise-budget
1.0,0.996874988079071,0.9967687531709671,0.0035532196474327166,20,500,31,11,0.0017372876172885299,0.01663117520371452,0.015704128781085295,forced,51,gated,10,0.5,expC_intermediate,3,20,1.0,8,source-sep-noise-budget
0.16250000894069672,0.09687500447034836,0.11324375163018703,0.012844228015673254,20,500,36,16,2.5894455909729004,2.6543244643211366,0.020586937866236367,forced,10,gated,15,0.75,expC_intermediate,3,0,0.0,8,source-sep-noise-budget
0.3656249940395355,0.3062500059604645,0.31593125557899476,0.012504841098466871,20,500,36,16,1.7028141021728516,1.7836783311367035,0.028989170514609586,forced,20,gated,15,0.75,expC_intermediate,3,4,0.2,8,source-sep-noise-budget
0.940625011920929,0.909375011920929,0.9043000118732453,0.006910860701967755,20,500,36,16,0.15665897727012634,0.21066142928600312,0.017143013898590926,forced,34,gated,15,0.75,expC_intermediate,3,18,0.9,8,source-sep-noise-budget
0.987500011920929,0.971875011920929,0.9596500128507615,0.008707630212049736,20,500,36,16,0.057693999260663986,0.0991788365021348,0.017924857551111933,forced,35,gated,15,0.75,expC_intermediate,3,19,0.95,8,source-sep-noise-budget
1.0,0.996874988079071,0.9960375061035156,0.003729329338549352,20,500,36,16,0.0027834796346724033,0.020954842445440592,0.014170255689218793,forced,36,gated,15,0.75,expC_intermediate,3,20,1.0,8,source-sep-noise-budget
1.0,0.996874988079071,0.9960375061035156,0.003729329338549352,20,500,36,16,0.0027834796346724033,0.020954842445440592,0.014170255689218793,forced,37,gated,15,0.75,expC_intermediate,3,20,1.0,8,source-sep-noise-budget
1.0,0.996874988079071,0.9960375061035156,0.003729329338549352,20,500,36,16,0.0027834796346724033,0.020954842445440592,0.014170255689218793,forced,38,gated,15,0.75,expC_intermediate,3,20,1.0,8,source-sep-noise-budget
1.0,0.996874988079071,0.9960375061035156,0.003729329338549352,20,500,36,16,0.0027834796346724033,0.020954842445440592,0.014170255689218793,forced,46,gated,15,0.75,expC_intermediate,3,20,1.0,8,source-sep-noise-budget
1.0,0.996874988079071,0.9960375061035156,0.003729329338549352,20,500,36,16,0.0027834796346724033,0.020954842445440592,0.014170255689218793,forced,56,gated,15,0.75,expC_intermediate,3,20,1.0,8,source-sep-noise-budget
0.10312499850988388,0.03750000149011612,0.04963750089332462,0.011547517506478018,20,500,41,21,2.9827728271484375,2.997818896770477,0.003465902436109658,forced,10,gated,20,1.0,expC_intermediate,3,0,0.0,8,source-sep-noise-budget
0.28125,0.24375000596046448,0.23956875342130662,0.01218820461944014,20,500,41,21,2.1905364990234375,2.248171792984009,0.029256133405070734,forced,20,gated,20,1.0,expC_intermediate,3,0,0.0,8,source-sep-noise-budget
0.949999988079071,0.9468750357627869,0.9009500104188919,0.024343647178566342,20,500,41,21,0.12271258980035782,0.2060049294680357,0.04164119189251485,forced,39,gated,20,1.0,expC_intermediate,3,18,0.9,8,source-sep-noise-budget
0.996874988079071,0.981249988079071,0.9702062613964081,0.008615508482607975,20,500,41,21,0.04241090267896652,0.07800997001677752,0.01762275488834825,forced,40,gated,20,1.0,expC_intermediate,3,19,0.95,8,source-sep-noise-budget
1.0,1.0,0.9971125025749207,0.0029084645124504566,20,500,41,21,0.001954523613676429,0.015216001481283456,0.012933809453197664,forced,41,gated,20,1.0,expC_intermediate,3,20,1.0,8,source-sep-noise-budget
1.0,1.0,0.9971125025749207,0.0029084645124504566,20,500,41,21,0.001954523613676429,0.015216001481283456,0.012933809453197664,forced,42,gated,20,1.0,expC_intermediate,3,20,1.0,8,source-sep-noise-budget
1.0,1.0,0.9971125025749207,0.0029084645124504566,20,500,41,21,0.001954523613676429,0.015216001481283456,0.012933809453197664,forced,43,gated,20,1.0,expC_intermediate,3,20,1.0,8,source-sep-noise-budget
1.0,1.0,0.9971125025749207,0.0029084645124504566,20,500,41,21,0.001954523613676429,0.015216001481283456,0.012933809453197664,forced,51,gated,20,1.0,expC_intermediate,3,20,1.0,8,source-sep-noise-budget
1.0,1.0,0.9971125025749207,0.0029084645124504566,20,500,41,21,0.001954523613676429,0.015216001481283456,0.012933809453197664,forced,61,gated,20,1.0,expC_intermediate,3,20,1.0,8,source-sep-noise-budget
0.574999988079071,0.546875,0.5304312617778778,0.010274246954456607,40,500,21,1,0.9236425161361694,0.9823981323242188,0.023310959991269708,forced,10,gated,0,0.0,expC_intermediate,3,9,0.45,8,source-sep-noise-budget
0.949999988079071,0.9281250238418579,0.9268125115633011,0.008671298886844602,40,500,21,1,0.1270943433046341,0.177066612303257,0.019039247076978353,forced,19,gated,0,0.0,expC_intermediate,3,18,0.9,8,source-sep-noise-budget
0.984375,0.96875,0.9649250118732452,0.007894458757374765,40,500,21,1,0.05589418485760689,0.09043377760052682,0.017787706827347333,forced,20,gated,0,0.0,expC_intermediate,3,19,0.95,8,source-sep-noise-budget
1.0,1.0,0.9969937541484832,0.00336652512476323,40,500,21,1,0.0011079373070970178,0.01711096351733431,0.015428323267739859,forced,21,gated,0,0.0,expC_intermediate,3,20,1.0,8,source-sep-noise-budget
1.0,1.0,0.9969937541484832,0.00336652512476323,40,500,21,1,0.0011079373070970178,0.01711096351733431,0.015428323267739859,forced,22,gated,0,0.0,expC_intermediate,3,20,1.0,8,source-sep-noise-budget
1.0,1.0,0.9969937541484832,0.00336652512476323,40,500,21,1,0.0011079373070970178,0.01711096351733431,0.015428323267739859,forced,23,gated,0,0.0,expC_intermediate,3,20,1.0,8,source-sep-noise-budget
1.0,1.0,0.9969937541484832,0.00336652512476323,40,500,21,1,0.0011079373070970178,0.01711096351733431,0.015428323267739859,forced,31,gated,0,0.0,expC_intermediate,3,20,1.0,8,source-sep-noise-budget
1.0,1.0,0.9969937541484832,0.00336652512476323,40,500,21,1,0.0011079373070970178,0.01711096351733431,0.015428323267739859,forced,41,gated,0,0.0,expC_intermediate,3,20,1.0,8,source-sep-noise-budget
0.38750001788139343,0.31562501192092896,0.3392500062584877,0.011750332023619477,40,500,31,11,1.654616117477417,1.713802047252655,0.020864616778895572,forced,10,gated,10,0.25,expC_intermediate,3,0,0.0,8,source-sep-noise-budget
0.793749988079071,0.765625,0.7656062617301941,0.008295073556628453,40,500,31,11,0.4897826313972473,0.5505724928379059,0.023203033597984885,forced,20,gated,10,0.25,expC_intermediate,3,9,0.45,8,source-sep-noise-budget
0.9375,0.925000011920929,0.9138000112771988,0.008838252353898794,40,500,31,11,0.15396317839622498,0.19919111433625222,0.019537983975131075,forced,29,gated,10,0.25,expC_intermediate,3,18,0.9,8,source-sep-noise-budget
0.984375,0.965624988079071,0.9595125122070313,0.008458344582456786,40,500,31,11,0.05337470769882202,0.10233683967590332,0.018992039459403906,forced,30,gated,10,0.25,expC_intermediate,3,19,0.95,8,source-sep-noise-budget
1.0,0.996874988079071,0.9960937556028366,0.004219898628271555,40,500,31,11,0.0016912877326831222,0.020058102793293075,0.017318898100170153,forced,31,gated,10,0.25,expC_intermediate,3,20,1.0,8,source-sep-noise-budget
1.0,0.996874988079071,0.9960937556028366,0.004219898628271555,40,500,31,11,0.0016912877326831222,0.020058102793293075,0.017318898100170153,forced,32,gated,10,0.25,expC_intermediate,3,20,1.0,8,source-sep-noise-budget
1.0,0.996874988079071,0.9960937556028366,0.004219898628271555,40,500,31,11,0.0016912877326831222,0.020058102793293075,0.017318898100170153,forced,33,gated,10,0.25,expC_intermediate,3,20,1.0,8,source-sep-noise-budget
1.0,0.996874988079071,0.9960937556028366,0.004219898628271555,40,500,31,11,0.0016912877326831222,0.020058102793293075,0.017318898100170153,forced,41,gated,10,0.25,expC_intermediate,3,20,1.0,8,source-sep-noise-budget
1.0,0.996874988079071,0.9960937556028366,0.004219898628271555,40,500,31,11,0.0016912877326831222,0.020058102793293075,0.017318898100170153,forced,51,gated,10,0.25,expC_intermediate,3,20,1.0,8,source-sep-noise-budget
0.09687500447034836,0.05312500149011612,0.04981250080280006,0.011802575358964978,40,500,41,21,2.9842636585235596,2.9980574531555177,0.0037341522300019603,forced,10,gated,20,0.5,expC_intermediate,3,0,0.0,8,source-sep-noise-budget
0.16250000894069672,0.15000000596046448,0.1161937519311905,0.013988303308296746,40,500,41,21,2.5420989990234375,2.6079548783302307,0.020607393899440014,forced,20,gated,20,0.5,expC_intermediate,3,0,0.0,8,source-sep-noise-budget
0.887499988079071,0.8656250238418579,0.8608562618494033,0.008995074560925027,40,500,41,21,0.2131836861371994,0.26536021602153775,0.018547924061608764,forced,39,gated,20,0.5,expC_intermediate,3,18,0.9,8,source-sep-noise-budget
0.9281250238418579,0.903124988079071,0.9053875131607055,0.006684742515223511,40,500,41,21,0.1510295867919922,0.18873345482349396,0.01663273397700791,forced,40,gated,20,0.5,expC_intermediate,3,19,0.95,8,source-sep-noise-budget
0.965624988079071,0.956250011920929,0.9496937580108643,0.004788893912714965,40,500,41,21,0.0638267770409584,0.09919898352026939,0.016440914024192677,forced,41,gated,20,0.5,expC_intermediate,3,20,1.0,8,source-sep-noise-budget
0.965624988079071,0.956250011920929,0.9496937580108643,0.004788893912714965,40,500,41,21,0.0638267770409584,0.09919898352026939,0.016440914024192677,forced,42,gated,20,0.5,expC_intermediate,3,20,1.0,8,source-sep-noise-budget
0.965624988079071,0.956250011920929,0.9496937580108643,0.004788893912714965,40,500,41,21,0.0638267770409584,0.09919898352026939,0.016440914024192677,forced,43,gated,20,0.5,expC_intermediate,3,20,1.0,8,source-sep-noise-budget
0.965624988079071,0.956250011920929,0.9496937580108643,0.004788893912714965,40,500,41,21,0.0638267770409584,0.09919898352026939,0.016440914024192677,forced,51,gated,20,0.5,expC_intermediate,3,20,1.0,8,source-sep-noise-budget
0.965624988079071,0.956250011920929,0.9496937580108643,0.004788893912714965,40,500,41,21,0.0638267770409584,0.09919898352026939,0.016440914024192677,forced,61,gated,20,0.5,expC_intermediate,3,20,1.0,8,source-sep-noise-budget
0.09375,0.05937499925494194,0.050412500897422434,0.011586367449857835,40,500,51,31,2.9827449321746826,2.9978699560165407,0.003654032998226397,forced,10,gated,30,0.75,expC_intermediate,3,0,0.0,8,source-sep-noise-budget
0.09062500298023224,0.05625000223517418,0.05020000083371997,0.011532860892317713,40,500,51,31,2.9844651222229004,2.998083673477173,0.0037285284108356746,forced,20,gated,30,0.75,expC_intermediate,3,0,0.0,8,source-sep-noise-budget
0.9000000357627869,0.8812500238418579,0.8688062618970871,0.010022277146100437,40,500,51,31,0.21851494908332825,0.2609657030701637,0.016459067731996308,forced,49,gated,30,0.75,expC_intermediate,3,18,0.9,8,source-sep-noise-budget
0.940625011920929,0.9156250357627869,0.9097062615156174,0.008758234367009097,40,500,51,31,0.13740085065364838,0.1762701298892498,0.016715612383563356,forced,50,gated,30,0.75,expC_intermediate,3,19,0.95,8,source-sep-noise-budget
1.0,0.9937500357627869,0.9963562545776368,0.003604517993368623,40,500,51,31,0.0024817283265292645,0.01979664218146354,0.016844516644076196,forced,51,gated,30,0.75,expC_intermediate,3,20,1.0,8,source-sep-noise-budget
1.0,0.9937500357627869,0.9963562545776368,0.003604517993368623,40,500,51,31,0.0024817283265292645,0.01979664218146354,0.016844516644076196,forced,52,gated,30,0.75,expC_intermediate,3,20,1.0,8,source-sep-noise-budget
1.0,0.9937500357627869,0.9963562545776368,0.003604517993368623,40,500,51,31,0.0024817283265292645,0.01979664218146354,0.016844516644076196,forced,53,gated,30,0.75,expC_intermediate,3,20,1.0,8,source-sep-noise-budget
1.0,0.9937500357627869,0.9963562545776368,0.003604517993368623,40,500,51,31,0.0024817283265292645,0.01979664218146354,0.016844516644076196,forced,61,gated,30,0.75,expC_intermediate,3,20,1.0,8,source-sep-noise-budget
1.0,0.9937500357627869,0.9963562545776368,0.003604517993368623,40,500,51,31,0.0024817283265292645,0.01979664218146354,0.016844516644076196,forced,71,gated,30,0.75,expC_intermediate,3,20,1.0,8,source-sep-noise-budget
0.09687500447034836,0.03125,0.0498812508340925,0.011573709318600387,40,500,61,41,2.982976198196411,2.9976705718040466,0.0035047652942509027,forced,10,gated,40,1.0,expC_intermediate,3,0,0.0,8,source-sep-noise-budget
0.09375,0.04062500223517418,0.05042500081658363,0.012503712134125239,40,500,61,41,2.9836068153381348,2.997832558631897,0.0036260141782715493,forced,20,gated,40,1.0,expC_intermediate,3,0,0.0,8,source-sep-noise-budget
0.956250011920929,0.9281250238418579,0.9335625125169754,0.007947827640647059,40,500,61,41,0.12100255489349365,0.16942333081364633,0.020332830101958455,forced,59,gated,40,1.0,expC_intermediate,3,18,0.9,8,source-sep-noise-budget
0.9937500357627869,0.96875,0.9725812615156174,0.008800593209557603,40,500,61,41,0.033287834376096725,0.0751127540692687,0.018477459063979792,forced,60,gated,40,1.0,expC_intermediate,3,19,0.95,8,source-sep-noise-budget
1.0,1.0,0.9959625053405762,0.0038000937446023082,40,500,61,41,0.0017650217050686479,0.020866814833832906,0.016797863467134036,forced,61,gated,40,1.0,expC_intermediate,3,20,1.0,8,source-sep-noise-budget
1.0,1.0,0.9959625053405762,0.0038000937446023082,40,500,61,41,0.0017650217050686479,0.020866814833832906,0.016797863467134036,forced,62,gated,40,1.0,expC_intermediate,3,20,1.0,8,source-sep-noise-budget
1.0,1.0,0.9959625053405762,0.0038000937446023082,40,500,61,41,0.0017650217050686479,0.020866814833832906,0.016797863467134036,forced,63,gated,40,1.0,expC_intermediate,3,20,1.0,8,source-sep-noise-budget
1.0,1.0,0.9959625053405762,0.0038000937446023082,40,500,61,41,0.0017650217050686479,0.020866814833832906,0.016797863467134036,forced,71,gated,40,1.0,expC_intermediate,3,20,1.0,8,source-sep-noise-budget
1.0,1.0,0.9959625053405762,0.0038000937446023082,40,500,61,41,0.0017650217050686479,0.020866814833832906,0.016797863467134036,forced,81,gated,40,1.0,expC_intermediate,3,20,1.0,8,source-sep-noise-budget
0.565625011920929,0.53125,0.5315937618017197,0.009787736753848706,80,500,21,1,0.9055024981498718,0.9691925662755966,0.021606761787932666,forced,10,gated,0,0.0,expC_intermediate,3,9,0.45,8,source-sep-noise-budget
0.9468750357627869,0.9312500357627869,0.9227437614202499,0.00851510436204078,80,500,21,1,0.13946454226970673,0.18922472330927848,0.01842915621906663,forced,19,gated,0,0.0,expC_intermediate,3,18,0.9,8,source-sep-noise-budget
0.987500011920929,0.9750000238418579,0.967006261229515,0.008145788637393063,80,500,21,1,0.04247913509607315,0.08669057655334472,0.017989159582506884,forced,20,gated,0,0.0,expC_intermediate,3,19,0.95,8,source-sep-noise-budget
1.0,1.0,0.9975812517404556,0.0028485868361376346,80,500,21,1,0.001709413481876254,0.013122310726437717,0.012406333150192513,forced,21,gated,0,0.0,expC_intermediate,3,20,1.0,8,source-sep-noise-budget
1.0,1.0,0.9975812517404556,0.0028485868361376346,80,500,21,1,0.001709413481876254,0.013122310726437717,0.012406333150192513,forced,22,gated,0,0.0,expC_intermediate,3,20,1.0,8,source-sep-noise-budget
1.0,1.0,0.9975812517404556,0.0028485868361376346,80,500,21,1,0.001709413481876254,0.013122310726437717,0.012406333150192513,forced,23,gated,0,0.0,expC_intermediate,3,20,1.0,8,source-sep-noise-budget
1.0,1.0,0.9975812517404556,0.0028485868361376346,80,500,21,1,0.001709413481876254,0.013122310726437717,0.012406333150192513,forced,31,gated,0,0.0,expC_intermediate,3,20,1.0,8,source-sep-noise-budget
1.0,1.0,0.9975812517404556,0.0028485868361376346,80,500,21,1,0.001709413481876254,0.013122310726437717,0.012406333150192513,forced,41,gated,0,0.0,expC_intermediate,3,20,1.0,8,source-sep-noise-budget
0.10000000149011612,0.03750000149011612,0.0497250008136034,0.011904673565115969,80,500,41,21,2.9830269813537598,2.997793183326721,0.003606177847172025,forced,10,gated,20,0.25,expC_intermediate,3,0,0.0,8,source-sep-noise-budget
0.21875,0.20937500894069672,0.1322125021368265,0.029095267383458367,80,500,41,21,2.3516061305999756,2.578057608127594,0.070848623821053,forced,20,gated,20,0.25,expC_intermediate,3,0,0.0,8,source-sep-noise-budget
0.9437500238418579,0.9281250238418579,0.9134500117301941,0.009093473093152444,80,500,41,21,0.16255506873130798,0.20561492383480073,0.018985349382395,forced,39,gated,20,0.25,expC_intermediate,3,18,0.9,8,source-sep-noise-budget
0.981249988079071,0.981249988079071,0.9591750122308731,0.008220534509644032,80,500,41,21,0.054043032228946686,0.09925176478922366,0.01738796771489457,forced,40,gated,20,0.25,expC_intermediate,3,19,0.95,8,source-sep-noise-budget
1.0,0.996874988079071,0.996056254863739,0.0039048107598342484,80,500,41,21,0.0023603630252182484,0.01927657452551648,0.015561251147772126,forced,41,gated,20,0.25,expC_intermediate,3,20,1.0,8,source-sep-noise-budget
1.0,0.996874988079071,0.996056254863739,0.0039048107598342484,80,500,41,21,0.0023603630252182484,0.01927657452551648,0.015561251147772126,forced,42,gated,20,0.25,expC_intermediate,3,20,1.0,8,source-sep-noise-budget
1.0,0.996874988079071,0.996056254863739,0.0039048107598342484,80,500,41,21,0.0023603630252182484,0.01927657452551648,0.015561251147772126,forced,43,gated,20,0.25,expC_intermediate,3,20,1.0,8,source-sep-noise-budget
1.0,0.996874988079071,0.996056254863739,0.0039048107598342484,80,500,41,21,0.0023603630252182484,0.01927657452551648,0.015561251147772126,forced,51,gated,20,0.25,expC_intermediate,3,20,1.0,8,source-sep-noise-budget
1.0,0.996874988079071,0.996056254863739,0.0039048107598342484,80,500,41,21,0.0023603630252182484,0.01927657452551648,0.015561251147772126,forced,61,gated,20,0.25,expC_intermediate,3,20,1.0,8,source-sep-noise-budget
0.09375,0.0625,0.05076250086911022,0.011853790490798544,80,500,61,41,2.9806535243988037,2.9976257290840147,0.0035866325805136282,forced,10,gated,40,0.5,expC_intermediate,3,0,0.0,8,source-sep-noise-budget
0.10000000149011612,0.0625,0.05056250080466271,0.011904404549702475,80,500,61,41,2.982365131378174,2.997840989589691,0.003780445572087688,forced,20,gated,40,0.5,expC_intermediate,3,0,0.0,8,source-sep-noise-budget
0.934374988079071,0.921875,0.9095375118255615,0.007869352918380307,80,500,61,41,0.1636439859867096,0.2072783419787884,0.017534398139257796,forced,59,gated,40,0.5,expC_intermediate,3,18,0.9,8,source-sep-noise-budget
0.971875011920929,0.965624988079071,0.952925010561943,0.006379826304723768,80,500,61,41,0.07195726037025452,0.10700582067668438,0.01715555112150087,forced,60,gated,40,0.5,expC_intermediate,3,19,0.95,8,source-sep-noise-budget
1.0,0.996874988079071,0.9955812569856644,0.004063217265713383,80,500,61,41,0.002401500940322876,0.02057670986233279,0.0158728730892957,forced,61,gated,40,0.5,expC_intermediate,3,20,1.0,8,source-sep-noise-budget
1.0,0.996874988079071,0.9955812569856644,0.004063217265713383,80,500,61,41,0.002401500940322876,0.02057670986233279,0.0158728730892957,forced,62,gated,40,0.5,expC_intermediate,3,20,1.0,8,source-sep-noise-budget
1.0,0.996874988079071,0.9955812569856644,0.004063217265713383,80,500,61,41,0.002401500940322876,0.02057670986233279,0.0158728730892957,forced,63,gated,40,0.5,expC_intermediate,3,20,1.0,8,source-sep-noise-budget
1.0,0.996874988079071,0.9955812569856644,0.004063217265713383,80,500,61,41,0.002401500940322876,0.02057670986233279,0.0158728730892957,forced,71,gated,40,0.5,expC_intermediate,3,20,1.0,8,source-sep-noise-budget
1.0,0.996874988079071,0.9955812569856644,0.004063217265713383,80,500,61,41,0.002401500940322876,0.02057670986233279,0.0158728730892957,forced,81,gated,40,0.5,expC_intermediate,3,20,1.0,8,source-sep-noise-budget
0.09687500447034836,0.06562500447034836,0.050543750863522294,0.01225530994908392,80,500,81,61,2.982163906097412,2.9977252306938174,0.0035568248867350965,forced,10,gated,60,0.75,expC_intermediate,3,0,0.0,8,source-sep-noise-budget
0.09687500447034836,0.06562500447034836,0.05046875099092722,0.012107711846499548,80,500,81,61,2.983699321746826,2.997736834049225,0.0036478758079795917,forced,20,gated,60,0.75,expC_intermediate,3,0,0.0,8,source-sep-noise-budget
0.949999988079071,0.9437500238418579,0.9257875120639801,0.008653766423374041,80,500,81,61,0.13086575269699097,0.18056018641591073,0.019727449127701715,forced,79,gated,60,0.75,expC_intermediate,3,18,0.9,8,source-sep-noise-budget
0.981249988079071,0.965624988079071,0.9621312608718872,0.007793773997165024,80,500,81,61,0.05825141817331314,0.09514720559865236,0.016811356046351342,forced,80,gated,60,0.75,expC_intermediate,3,19,0.95,8,source-sep-noise-budget
1.0,1.0,0.9958562568426133,0.003986937383874108,80,500,81,61,0.0021404412109404802,0.0207714417334646,0.01698878066266803,forced,81,gated,60,0.75,expC_intermediate,3,20,1.0,8,source-sep-noise-budget
1.0,1.0,0.9958562568426133,0.003986937383874108,80,500,81,61,0.0021404412109404802,0.0207714417334646,0.01698878066266803,forced,82,gated,60,0.75,expC_intermediate,3,20,1.0,8,source-sep-noise-budget
1.0,1.0,0.9958562568426133,0.003986937383874108,80,500,81,61,0.0021404412109404802,0.0207714417334646,0.01698878066266803,forced,83,gated,60,0.75,expC_intermediate,3,20,1.0,8,source-sep-noise-budget
1.0,1.0,0.9958562568426133,0.003986937383874108,80,500,81,61,0.0021404412109404802,0.0207714417334646,0.01698878066266803,forced,91,gated,60,0.75,expC_intermediate,3,20,1.0,8,source-sep-noise-budget
1.0,1.0,0.9958562568426133,0.003986937383874108,80,500,81,61,0.0021404412109404802,0.0207714417334646,0.01698878066266803,forced,101,gated,60,0.75,expC_intermediate,3,20,1.0,8,source-sep-noise-budget
0.09687500447034836,0.05625000223517418,0.05021875086426735,0.012217551317674097,80,500,101,81,2.9786429405212402,2.997576226234436,0.0035785375891959604,forced,10,gated,80,1.0,expC_intermediate,3,0,0.0,8,source-sep-noise-budget
0.09062500298023224,0.05625000223517418,0.05082500095665455,0.011438654569403375,80,500,101,81,2.977851390838623,2.997751138687134,0.0037228819632986465,forced,20,gated,80,1.0,expC_intermediate,3,0,0.0,8,source-sep-noise-budget
0.9468750357627869,0.9437500238418579,0.9256000139713287,0.009168101245862835,80,500,101,81,0.13257703185081482,0.17966112688183786,0.021058791649143045,forced,99,gated,80,1.0,expC_intermediate,3,18,0.9,8,source-sep-noise-budget
0.9906250238418579,0.9625000357627869,0.9644125119447708,0.007916468692333381,80,500,101,81,0.04743548482656479,0.08994104204326868,0.017303679874009565,forced,100,gated,80,1.0,expC_intermediate,3,19,0.95,8,source-sep-noise-budget
1.0,0.9937500357627869,0.9958625050783158,0.003896884828384235,80,500,101,81,0.002135789254680276,0.020254552550148217,0.01510129639951648,forced,101,gated,80,1.0,expC_intermediate,3,20,1.0,8,source-sep-noise-budget
1.0,0.9937500357627869,0.9958625050783158,0.003896884828384235,80,500,101,81,0.002135789254680276,0.020254552550148217,0.01510129639951648,forced,102,gated,80,1.0,expC_intermediate,3,20,1.0,8,source-sep-noise-budget
1.0,0.9937500357627869,0.9958625050783158,0.003896884828384235,80,500,101,81,0.002135789254680276,0.020254552550148217,0.01510129639951648,forced,103,gated,80,1.0,expC_intermediate,3,20,1.0,8,source-sep-noise-budget
1.0,0.9937500357627869,0.9958625050783158,0.003896884828384235,80,500,101,81,0.002135789254680276,0.020254552550148217,0.01510129639951648,forced,111,gated,80,1.0,expC_intermediate,3,20,1.0,8,source-sep-noise-budget
1.0,0.9937500357627869,0.9958625050783158,0.003896884828384235,80,500,101,81,0.002135789254680276,0.020254552550148217,0.01510129639951648,forced,121,gated,80,1.0,expC_intermediate,3,20,1.0,8,source-sep-noise-budget
0.5718750357627869,0.5406250357627869,0.5353187626600265,0.010622608492754855,20,500,21,1,0.9522237777709961,1.008513058423996,0.023449530503044175,forced,10,gated,0,0.0,expC_intermediate,4,9,0.45,8,source-sep-noise-budget
0.956250011920929,0.925000011920929,0.9246062620878219,0.009401070270804543,20,500,21,1,0.13630132377147675,0.1848694285750389,0.02003818124002672,forced,19,gated,0,0.0,expC_intermediate,4,18,0.9,8,source-sep-noise-budget
0.9906250238418579,0.953125,0.9651625123023987,0.00808288076761907,20,500,21,1,0.049464963376522064,0.09013020069152117,0.01881081174765806,forced,20,gated,0,0.0,expC_intermediate,4,19,0.95,8,source-sep-noise-budget
1.0,0.9937500357627869,0.9968125042915345,0.003222833575419358,20,500,21,1,0.0015246844850480556,0.01721465869434178,0.013629176266984185,forced,21,gated,0,0.0,expC_intermediate,4,20,1.0,8,source-sep-noise-budget
1.0,0.9937500357627869,0.9968125042915345,0.003222833575419358,20,500,21,1,0.0015246844850480556,0.01721465869434178,0.013629176266984185,forced,22,gated,0,0.0,expC_intermediate,4,20,1.0,8,source-sep-noise-budget
1.0,0.9937500357627869,0.9968125042915345,0.003222833575419358,20,500,21,1,0.0015246844850480556,0.01721465869434178,0.013629176266984185,forced,23,gated,0,0.0,expC_intermediate,4,20,1.0,8,source-sep-noise-budget
1.0,0.9937500357627869,0.9968125042915345,0.003222833575419358,20,500,21,1,0.0015246844850480556,0.01721465869434178,0.013629176266984185,forced,31,gated,0,0.0,expC_intermediate,4,20,1.0,8,source-sep-noise-budget
1.0,0.9937500357627869,0.9968125042915345,0.003222833575419358,20,500,21,1,0.0015246844850480556,0.01721465869434178,0.013629176266984185,forced,41,gated,0,0.0,expC_intermediate,4,20,1.0,8,source-sep-noise-budget
0.543749988079071,0.543749988079071,0.4973437583446503,0.013072628672220622,20,500,26,6,1.2018225193023682,1.3008387770652772,0.027725791203375618,forced,10,gated,5,0.25,expC_intermediate,4,4,0.2,8,source-sep-noise-budget
0.9593750238418579,0.953125,0.9472937619686127,0.00514633380181994,20,500,26,6,0.0854078158736229,0.13202248178422452,0.020675430228881814,forced,20,gated,5,0.25,expC_intermediate,4,14,0.7,8,source-sep-noise-budget
0.90625,0.890625,0.8700500106811524,0.01081581664496919,20,500,26,6,0.2163666933774948,0.26648846340179444,0.019812005683819064,forced,24,gated,5,0.25,expC_intermediate,4,18,0.9,8,source-sep-noise-budget
0.9437500238418579,0.934374988079071,0.9176000113487244,0.008628949227888672,20,500,26,6,0.12645378708839417,0.17586013531684874,0.017803431662190332,forced,25,gated,5,0.25,expC_intermediate,4,19,0.95,8,source-sep-noise-budget
0.9625000357627869,0.956250011920929,0.9494375088214875,0.00484888328069995,20,500,26,6,0.07494276762008667,0.10937063229084015,0.016332624762269,forced,26,gated,5,0.25,expC_intermediate,4,20,1.0,8,source-sep-noise-budget
0.9625000357627869,0.956250011920929,0.9494375088214875,0.00484888328069995,20,500,26,6,0.07494276762008667,0.10937063229084015,0.016332624762269,forced,27,gated,5,0.25,expC_intermediate,4,20,1.0,8,source-sep-noise-budget
0.9625000357627869,0.956250011920929,0.9494375088214875,0.00484888328069995,20,500,26,6,0.07494276762008667,0.10937063229084015,0.016332624762269,forced,28,gated,5,0.25,expC_intermediate,4,20,1.0,8,source-sep-noise-budget
0.9625000357627869,0.956250011920929,0.9494375088214875,0.00484888328069995,20,500,26,6,0.07494276762008667,0.10937063229084015,0.016332624762269,forced,36,gated,5,0.25,expC_intermediate,4,20,1.0,8,source-sep-noise-budget
0.9625000357627869,0.956250011920929,0.9494375088214875,0.00484888328069995,20,500,26,6,0.07494276762008667,0.10937063229084015,0.016332624762269,forced,46,gated,5,0.25,expC_intermediate,4,20,1.0,8,source-sep-noise-budget
0.390625,0.359375,0.3468312556743622,0.011107519494978036,20,500,31,11,1.857357382774353,1.921289267063141,0.020872962986474505,forced,10,gated,10,0.5,expC_intermediate,4,0,0.0,8,source-sep-noise-budget
0.796875,0.778124988079071,0.7656375111341477,0.008380585993901875,20,500,31,11,0.4686000943183899,0.5342834340929985,0.021667840819477355,forced,20,gated,10,0.5,expC_intermediate,4,9,0.45,8,source-sep-noise-budget
0.918749988079071,0.909375011920929,0.899718762755394,0.006307468013318548,20,500,31,11,0.13867917656898499,0.19463784143328666,0.018418622660439924,forced,29,gated,10,0.5,expC_intermediate,4,18,0.9,8,source-sep-noise-budget
0.940625011920929,0.918749988079071,0.9191625118255615,0.008372768637427565,20,500,31,11,0.12288935482501984,0.16636727514863014,0.017182154380170043,forced,30,gated,10,0.5,expC_intermediate,4,19,0.95,8,source-sep-noise-budget
0.9625000357627869,0.956250011920929,0.9497437582015992,0.004471339921545744,20,500,31,11,0.06791061162948608,0.10033928242325783,0.015817482457138664,forced,31,gated,10,0.5,expC_intermediate,4,20,1.0,8,source-sep-noise-budget
0.9625000357627869,0.956250011920929,0.9497437582015992,0.004471339921545744,20,500,31,11,0.06791061162948608,0.10033928242325783,0.015817482457138664,forced,32,gated,10,0.5,expC_intermediate,4,20,1.0,8,source-sep-noise-budget
0.9625000357627869,0.956250011920929,0.9497437582015992,0.004471339921545744,20,500,31,11,0.06791061162948608,0.10033928242325783,0.015817482457138664,forced,33,gated,10,0.5,expC_intermediate,4,20,1.0,8,source-sep-noise-budget
0.9625000357627869,0.956250011920929,0.9497437582015992,0.004471339921545744,20,500,31,11,0.06791061162948608,0.10033928242325783,0.015817482457138664,forced,41,gated,10,0.5,expC_intermediate,4,20,1.0,8,source-sep-noise-budget
0.9625000357627869,0.956250011920929,0.9497437582015992,0.004471339921545744,20,500,31,11,0.06791061162948608,0.10033928242325783,0.015817482457138664,forced,51,gated,10,0.5,expC_intermediate,4,20,1.0,8,source-sep-noise-budget
0.15000000596046448,0.13750000298023224,0.10973125144839287,0.01236845026219608,20,500,36,16,2.627331018447876,2.691121475696564,0.020815816756396373,forced,10,gated,15,0.75,expC_intermediate,4,0,0.0,8,source-sep-noise-budget
0.3531250059604645,0.3499999940395355,0.31411875545978546,0.012428575506253705,20,500,36,16,1.7058117389678955,1.7807606632709503,0.024723183531349575,forced,20,gated,15,0.75,expC_intermediate,4,4,0.2,8,source-sep-noise-budget
0.953125,0.9125000238418579,0.9250562623739242,0.009705465140515351,20,500,36,16,0.13095493614673615,0.185078732162714,0.0202780083638652,forced,34,gated,15,0.75,expC_intermediate,4,18,0.9,8,source-sep-noise-budget
0.9437500238418579,0.9281250238418579,0.9195812621116638,0.00898960057471005,20,500,36,16,0.12134476751089096,0.16346267659962177,0.017107256256559445,forced,35,gated,15,0.75,expC_intermediate,4,19,0.95,8,source-sep-noise-budget
0.965624988079071,0.9593750238418579,0.9497500077486039,0.004434412080003508,20,500,36,16,0.07210586965084076,0.10068421113491058,0.0158580966131165,forced,36,gated,15,0.75,expC_intermediate,4,20,1.0,8,source-sep-noise-budget
0.965624988079071,0.9593750238418579,0.9497500077486039,0.004434412080003508,20,500,36,16,0.07210586965084076,0.10068421113491058,0.0158580966131165,forced,37,gated,15,0.75,expC_intermediate,4,20,1.0,8,source-sep-noise-budget
0.965624988079071,0.9593750238418579,0.9497500077486039,0.004434412080003508,20,500,36,16,0.07210586965084076,0.10068421113491058,0.0158580966131165,forced,38,gated,15,0.75,expC_intermediate,4,20,1.0,8,source-sep-noise-budget
0.965624988079071,0.9593750238418579,0.9497500077486039,0.004434412080003508,20,500,36,16,0.07210586965084076,0.10068421113491058,0.0158580966131165,forced,46,gated,15,0.75,expC_intermediate,4,20,1.0,8,source-sep-noise-budget
0.965624988079071,0.9593750238418579,0.9497500077486039,0.004434412080003508,20,500,36,16,0.07210586965084076,0.10068421113491058,0.0158580966131165,forced,56,gated,15,0.75,expC_intermediate,4,20,1.0,8,source-sep-noise-budget
0.09687500447034836,0.03125,0.05028125099465251,0.012375118586042934,20,500,41,21,2.982628345489502,2.997746060371399,0.003753982682529422,forced,10,gated,20,1.0,expC_intermediate,4,0,0.0,8,source-sep-noise-budget
0.3687500059604645,0.3499999940395355,0.33427500557899475,0.009343162610850086,20,500,41,21,2.016073226928711,2.0422559928894044,0.0106315892464609,forced,20,gated,20,1.0,expC_intermediate,4,0,0.0,8,source-sep-noise-budget
0.956250011920929,0.925000011920929,0.9260500108003616,0.00946369757848526,20,500,41,21,0.13656842708587646,0.18423396530747413,0.021790965619300447,forced,39,gated,20,1.0,expC_intermediate,4,18,0.9,8,source-sep-noise-budget
0.9906250238418579,0.9750000238418579,0.9682750121355057,0.007794289915541227,20,500,41,21,0.04459403455257416,0.08369683368504047,0.016945337995663955,forced,40,gated,20,1.0,expC_intermediate,4,19,0.95,8,source-sep-noise-budget
1.0,0.9937500357627869,0.9961312557458878,0.003699331045738914,20,500,41,21,0.0024860668927431107,0.01967289638472721,0.015558565171427634,forced,41,gated,20,1.0,expC_intermediate,4,20,1.0,8,source-sep-noise-budget
1.0,0.9937500357627869,0.9961312557458878,0.003699331045738914,20,500,41,21,0.0024860668927431107,0.01967289638472721,0.015558565171427634,forced,42,gated,20,1.0,expC_intermediate,4,20,1.0,8,source-sep-noise-budget
1.0,0.9937500357627869,0.9961312557458878,0.003699331045738914,20,500,41,21,0.0024860668927431107,0.01967289638472721,0.015558565171427634,forced,43,gated,20,1.0,expC_intermediate,4,20,1.0,8,source-sep-noise-budget
1.0,0.9937500357627869,0.9961312557458878,0.003699331045738914,20,500,41,21,0.0024860668927431107,0.01967289638472721,0.015558565171427634,forced,51,gated,20,1.0,expC_intermediate,4,20,1.0,8,source-sep-noise-budget
1.0,0.9937500357627869,0.9961312557458878,0.003699331045738914,20,500,41,21,0.0024860668927431107,0.01967289638472721,0.015558565171427634,forced,61,gated,20,1.0,expC_intermediate,4,20,1.0,8,source-sep-noise-budget
0.578125,0.534375011920929,0.5345250118970871,0.010625780379204783,40,500,21,1,0.9400966763496399,1.0092112859487534,0.021902724565985764,forced,10,gated,0,0.0,expC_intermediate,4,9,0.45,8,source-sep-noise-budget
0.9468750357627869,0.921875,0.9194125123023987,0.009195710508422009,40,500,21,1,0.15166810154914856,0.1868663399517536,0.016347886805192863,forced,19,gated,0,0.0,expC_intermediate,4,18,0.9,8,source-sep-noise-budget
0.987500011920929,0.96875,0.9654875112771988,0.00824790595418188,40,500,21,1,0.045325230807065964,0.09244035597890615,0.01997161438538019,forced,20,gated,0,0.0,expC_intermediate,4,19,0.95,8,source-sep-noise-budget
1.0,1.0,0.9970375030040741,0.0035040300342240823,40,500,21,1,0.0016553659224882722,0.01674952075537294,0.016147024796383642,forced,21,gated,0,0.0,expC_intermediate,4,20,1.0,8,source-sep-noise-budget
1.0,1.0,0.9970375030040741,0.0035040300342240823,40,500,21,1,0.0016553659224882722,0.01674952075537294,0.016147024796383642,forced,22,gated,0,0.0,expC_intermediate,4,20,1.0,8,source-sep-noise-budget
1.0,1.0,0.9970375030040741,0.0035040300342240823,40,500,21,1,0.0016553659224882722,0.01674952075537294,0.016147024796383642,forced,23,gated,0,0.0,expC_intermediate,4,20,1.0,8,source-sep-noise-budget
1.0,1.0,0.9970375030040741,0.0035040300342240823,40,500,21,1,0.0016553659224882722,0.01674952075537294,0.016147024796383642,forced,31,gated,0,0.0,expC_intermediate,4,20,1.0,8,source-sep-noise-budget
1.0,1.0,0.9970375030040741,0.0035040300342240823,40,500,21,1,0.0016553659224882722,0.01674952075537294,0.016147024796383642,forced,41,gated,0,0.0,expC_intermediate,4,20,1.0,8,source-sep-noise-budget
0.3812499940395355,0.35625001788139343,0.34458125591278077,0.010794260128054574,40,500,31,11,1.849249243736267,1.9151967992782593,0.020102187639670623,forced,10,gated,10,0.25,expC_intermediate,4,0,0.0,8,source-sep-noise-budget
0.796875,0.7750000357627869,0.765043762922287,0.008532684128411482,40,500,31,11,0.48112764954566956,0.5423161789774895,0.020310856375695647,forced,20,gated,10,0.25,expC_intermediate,4,9,0.45,8,source-sep-noise-budget
0.918749988079071,0.9125000238418579,0.9016750127077102,0.0055522194979329125,40,500,31,11,0.1414860486984253,0.18727083706855774,0.014684130440204978,forced,29,gated,10,0.25,expC_intermediate,4,18,0.9,8,source-sep-noise-budget
0.890625,0.8687500357627869,0.8638187607526779,0.009399923427946663,40,500,31,11,0.2008989304304123,0.24696876075863838,0.016965043114325732,forced,30,gated,10,0.25,expC_intermediate,4,19,0.95,8,source-sep-noise-budget
0.921875,0.8968750238418579,0.9025937620401382,0.00555959896255199,40,500,31,11,0.14229540526866913,0.1790987686216831,0.015478842411096401,forced,31,gated,10,0.25,expC_intermediate,4,20,1.0,8,source-sep-noise-budget
0.921875,0.8968750238418579,0.9025937620401382,0.00555959896255199,40,500,31,11,0.14229540526866913,0.1790987686216831,0.015478842411096401,forced,32,gated,10,0.25,expC_intermediate,4,20,1.0,8,source-sep-noise-budget
0.921875,0.8968750238418579,0.9025937620401382,0.00555959896255199,40,500,31,11,0.14229540526866913,0.1790987686216831,0.015478842411096401,forced,33,gated,10,0.25,expC_intermediate,4,20,1.0,8,source-sep-noise-budget
0.921875,0.8968750238418579,0.9025937620401382,0.00555959896255199,40,500,31,11,0.14229540526866913,0.1790987686216831,0.015478842411096401,forced,41,gated,10,0.25,expC_intermediate,4,20,1.0,8,source-sep-noise-budget
0.921875,0.8968750238418579,0.9025937620401382,0.00555959896255199,40,500,31,11,0.14229540526866913,0.1790987686216831,0.015478842411096401,forced,51,gated,10,0.25,expC_intermediate,4,20,1.0,8,source-sep-noise-budget
0.09687500447034836,0.03750000149011612,0.04993750089406967,0.01219454949868559,40,500,41,21,2.9831175804138184,2.9977845969200136,0.0036309757571714616,forced,10,gated,20,0.5,expC_intermediate,4,0,0.0,8,source-sep-noise-budget
0.3687500059604645,0.3031249940395355,0.33369375598430634,0.010251941575192557,40,500,41,21,2.014941692352295,2.0454540152549745,0.02014068683462666,forced,20,gated,20,0.5,expC_intermediate,4,0,0.0,8,source-sep-noise-budget
0.893750011920929,0.862500011920929,0.8617500122785569,0.00927151293979785,40,500,41,21,0.21555526554584503,0.2617895466685295,0.01842268288503991,forced,39,gated,20,0.5,expC_intermediate,4,18,0.9,8,source-sep-noise-budget
0.9125000238418579,0.903124988079071,0.8777500125169754,0.01393259634796939,40,500,41,21,0.187429279088974,0.24412180745601655,0.020004438960453088,forced,40,gated,20,0.5,expC_intermediate,4,19,0.95,8,source-sep-noise-budget
0.9593750238418579,0.949999988079071,0.9216250092983246,0.02244211033380478,40,500,41,21,0.08027737587690353,0.15005954319238662,0.04163804460539435,forced,41,gated,20,0.5,expC_intermediate,4,20,1.0,8,source-sep-noise-budget
0.9593750238418579,0.949999988079071,0.9216250092983246,0.02244211033380478,40,500,41,21,0.08027737587690353,0.15005954319238662,0.04163804460539435,forced,42,gated,20,0.5,expC_intermediate,4,20,1.0,8,source-sep-noise-budget
0.9593750238418579,0.949999988079071,0.9216250092983246,0.02244211033380478,40,500,41,21,0.08027737587690353,0.15005954319238662,0.04163804460539435,forced,43,gated,20,0.5,expC_intermediate,4,20,1.0,8,source-sep-noise-budget
0.9593750238418579,0.949999988079071,0.9216250092983246,0.02244211033380478,40,500,41,21,0.08027737587690353,0.15005954319238662,0.04163804460539435,forced,51,gated,20,0.5,expC_intermediate,4,20,1.0,8,source-sep-noise-budget
0.9593750238418579,0.949999988079071,0.9216250092983246,0.02244211033380478,40,500,41,21,0.08027737587690353,0.15005954319238662,0.04163804460539435,forced,61,gated,20,0.5,expC_intermediate,4,20,1.0,8,source-sep-noise-budget
0.10000000149011612,0.05625000223517418,0.04964375091716647,0.011470497255254033,40,500,51,31,2.979475736618042,2.997668574333191,0.0036154937861768897,forced,10,gated,30,0.75,expC_intermediate,4,0,0.0,8,source-sep-noise-budget
0.09375,0.03750000149011612,0.04998125091195107,0.011567551472512838,40,500,51,31,2.981304168701172,2.9977908611297606,0.0036872661070941875,forced,20,gated,30,0.75,expC_intermediate,4,0,0.0,8,source-sep-noise-budget
0.90625,0.887499988079071,0.8791687617301941,0.009899120954976392,40,500,51,31,0.19494812190532684,0.24606812292337418,0.020850057894824556,forced,49,gated,30,0.75,expC_intermediate,4,18,0.9,8,source-sep-noise-budget
0.9468750357627869,0.925000011920929,0.9162625114917755,0.010238552591292575,40,500,51,31,0.12257607281208038,0.1705390417575836,0.0228974966130788,forced,50,gated,30,0.75,expC_intermediate,4,19,0.95,8,source-sep-noise-budget
0.9625000357627869,0.9468750357627869,0.9494812589883804,0.004616587226565982,40,500,51,31,0.07149910926818848,0.09850032688677311,0.014854112169087559,forced,51,gated,30,0.75,expC_intermediate,4,20,1.0,8,source-sep-noise-budget
0.9625000357627869,0.9468750357627869,0.9494812589883804,0.004616587226565982,40,500,51,31,0.07149910926818848,0.09850032688677311,0.014854112169087559,forced,52,gated,30,0.75,expC_intermediate,4,20,1.0,8,source-sep-noise-budget
0.9625000357627869,0.9468750357627869,0.9494812589883804,0.004616587226565982,40,500,51,31,0.07149910926818848,0.09850032688677311,0.014854112169087559,forced,53,gated,30,0.75,expC_intermediate,4,20,1.0,8,source-sep-noise-budget
0.9625000357627869,0.9468750357627869,0.9494812589883804,0.004616587226565982,40,500,51,31,0.07149910926818848,0.09850032688677311,0.014854112169087559,forced,61,gated,30,0.75,expC_intermediate,4,20,1.0,8,source-sep-noise-budget
0.9625000357627869,0.9468750357627869,0.9494812589883804,0.004616587226565982,40,500,51,31,0.07149910926818848,0.09850032688677311,0.014854112169087559,forced,71,gated,30,0.75,expC_intermediate,4,20,1.0,8,source-sep-noise-budget
0.10625000298023224,0.06875000149011612,0.05013750090450048,0.012259429084126592,40,500,61,41,2.980599880218506,2.997693513870239,0.003654543319663439,forced,10,gated,40,1.0,expC_intermediate,4,0,0.0,8,source-sep-noise-budget
0.09375,0.08125000447034836,0.05089375092834234,0.012390222825498572,40,500,61,41,2.9814000129699707,2.997738144874573,0.003701952409294251,forced,20,gated,40,1.0,expC_intermediate,4,0,0.0,8,source-sep-noise-budget
0.956250011920929,0.940625011920929,0.9276187635660171,0.009278542984367394,40,500,61,41,0.11987590789794922,0.17548493883013724,0.01899310868792362,forced,59,gated,40,1.0,expC_intermediate,4,18,0.9,8,source-sep-noise-budget
0.949999988079071,0.925000011920929,0.9272062611579895,0.008718449290860006,40,500,61,41,0.10970902442932129,0.1524345926940441,0.018520297157640878,forced,60,gated,40,1.0,expC_intermediate,4,19,0.95,8,source-sep-noise-budget
0.9593750238418579,0.9468750357627869,0.9490250084400177,0.004986946621442195,40,500,61,41,0.06998919695615768,0.10160568948090076,0.015734682022407326,forced,61,gated,40,1.0,expC_intermediate,4,20,1.0,8,source-sep-noise-budget
0.9593750238418579,0.9468750357627869,0.9490250084400177,0.004986946621442195,40,500,61,41,0.06998919695615768,0.10160568948090076,0.015734682022407326,forced,62,gated,40,1.0,expC_intermediate,4,20,1.0,8,source-sep-noise-budget
0.9593750238418579,0.9468750357627869,0.9490250084400177,0.004986946621442195,40,500,61,41,0.06998919695615768,0.10160568948090076,0.015734682022407326,forced,63,gated,40,1.0,expC_intermediate,4,20,1.0,8,source-sep-noise-budget
0.9593750238418579,0.9468750357627869,0.9490250084400177,0.004986946621442195,40,500,61,41,0.06998919695615768,0.10160568948090076,0.015734682022407326,forced,71,gated,40,1.0,expC_intermediate,4,20,1.0,8,source-sep-noise-budget
0.9593750238418579,0.9468750357627869,0.9490250084400177,0.004986946621442195,40,500,61,41,0.06998919695615768,0.10160568948090076,0.015734682022407326,forced,81,gated,40,1.0,expC_intermediate,4,20,1.0,8,source-sep-noise-budget
0.581250011920929,0.543749988079071,0.5346875113248825,0.010768334894086358,80,500,21,1,0.9384319186210632,1.0129672825336455,0.022541756178835713,forced,10,gated,0,0.0,expC_intermediate,4,9,0.45,8,source-sep-noise-budget
0.9468750357627869,0.9281250238418579,0.9273312610387802,0.008434886377702266,80,500,21,1,0.12345127016305923,0.17459046728909017,0.021393670890114153,forced,19,gated,0,0.0,expC_intermediate,4,18,0.9,8,source-sep-noise-budget
0.987500011920929,0.9781250357627869,0.9656750112771988,0.007940048873131964,80,500,21,1,0.05361901968717575,0.0895295794904232,0.017913022095194825,forced,20,gated,0,0.0,expC_intermediate,4,19,0.95,8,source-sep-noise-budget
1.0,0.996874988079071,0.9961687549352646,0.0039416115662537264,80,500,21,1,0.002145142760127783,0.02020881515927613,0.01738350357235319,forced,21,gated,0,0.0,expC_intermediate,4,20,1.0,8,source-sep-noise-budget
1.0,0.996874988079071,0.9961687549352646,0.0039416115662537264,80,500,21,1,0.002145142760127783,0.02020881515927613,0.01738350357235319,forced,22,gated,0,0.0,expC_intermediate,4,20,1.0,8,source-sep-noise-budget
1.0,0.996874988079071,0.9961687549352646,0.0039416115662537264,80,500,21,1,0.002145142760127783,0.02020881515927613,0.01738350357235319,forced,23,gated,0,0.0,expC_intermediate,4,20,1.0,8,source-sep-noise-budget
1.0,0.996874988079071,0.9961687549352646,0.0039416115662537264,80,500,21,1,0.002145142760127783,0.02020881515927613,0.01738350357235319,forced,31,gated,0,0.0,expC_intermediate,4,20,1.0,8,source-sep-noise-budget
1.0,0.996874988079071,0.9961687549352646,0.0039416115662537264,80,500,21,1,0.002145142760127783,0.02020881515927613,0.01738350357235319,forced,41,gated,0,0.0,expC_intermediate,4,20,1.0,8,source-sep-noise-budget
0.109375,0.03750000149011612,0.05072500080987811,0.012139398840499591,80,500,41,21,2.9785618782043457,2.9976327691078186,0.0037401624328201534,forced,10,gated,20,0.25,expC_intermediate,4,0,0.0,8,source-sep-noise-budget
0.34062501788139343,0.2906250059604645,0.29550000607967375,0.013364773942644438,80,500,41,21,1.8104705810546875,1.8980380306243896,0.030071936708665516,forced,20,gated,20,0.25,expC_intermediate,4,0,0.0,8,source-sep-noise-budget
0.903124988079071,0.878125011920929,0.88124376308918,0.009655186466145816,80,500,41,21,0.18541288375854492,0.242876883238554,0.025066687736694064,forced,39,gated,20,0.25,expC_intermediate,4,18,0.9,8,source-sep-noise-budget
0.949999988079071,0.9125000238418579,0.9240375106334686,0.008579325962472137,80,500,41,21,0.11977620422840118,0.15720675548911095,0.017449267180712394,forced,40,gated,20,0.25,expC_intermediate,4,19,0.95,8,source-sep-noise-budget
0.965624988079071,0.949999988079071,0.9483812586069107,0.005079128816666194,80,500,41,21,0.07260801643133163,0.1078791277706623,0.020553672094538265,forced,41,gated,20,0.25,expC_intermediate,4,20,1.0,8,source-sep-noise-budget
0.965624988079071,0.949999988079071,0.9483812586069107,0.005079128816666194,80,500,41,21,0.07260801643133163,0.1078791277706623,0.020553672094538265,forced,42,gated,20,0.25,expC_intermediate,4,20,1.0,8,source-sep-noise-budget
0.965624988079071,0.949999988079071,0.9483812586069107,0.005079128816666194,80,500,41,21,0.07260801643133163,0.1078791277706623,0.020553672094538265,forced,43,gated,20,0.25,expC_intermediate,4,20,1.0,8,source-sep-noise-budget
0.965624988079071,0.949999988079071,0.9483812586069107,0.005079128816666194,80,500,41,21,0.07260801643133163,0.1078791277706623,0.020553672094538265,forced,51,gated,20,0.25,expC_intermediate,4,20,1.0,8,source-sep-noise-budget
0.965624988079071,0.949999988079071,0.9483812586069107,0.005079128816666194,80,500,41,21,0.07260801643133163,0.1078791277706623,0.020553672094538265,forced,61,gated,20,0.25,expC_intermediate,4,20,1.0,8,source-sep-noise-budget
0.10000000149011612,0.04062500223517418,0.05074375090375543,0.012298912430993158,80,500,61,41,2.9810712337493896,2.997857032299042,0.003824905921939748,forced,10,gated,40,0.5,expC_intermediate,4,0,0.0,8,source-sep-noise-budget
0.09375,0.046875,0.0504250008687377,0.012168055118839095,80,500,61,41,2.9829585552215576,2.998004868030548,0.003911864285565643,forced,20,gated,40,0.5,expC_intermediate,4,0,0.0,8,source-sep-noise-budget
0.8968750238418579,0.878125011920929,0.8710250110626221,0.010308718860801579,80,500,61,41,0.2226645052433014,0.26631138554215433,0.01941843824917582,forced,59,gated,40,0.5,expC_intermediate,4,18,0.9,8,source-sep-noise-budget
0.934374988079071,0.8968750238418579,0.8965562624931336,0.01272132051057551,80,500,61,41,0.17286255955696106,0.23109650337696075,0.02279747648094338,forced,60,gated,40,0.5,expC_intermediate,4,19,0.95,8,source-sep-noise-budget
0.9593750238418579,0.9468750357627869,0.9158937611579895,0.014773884317639515,80,500,61,41,0.0863361582159996,0.17134723867475987,0.027083020052475336,forced,61,gated,40,0.5,expC_intermediate,4,20,1.0,8,source-sep-noise-budget
0.9593750238418579,0.9468750357627869,0.9158937611579895,0.014773884317639515,80,500,61,41,0.0863361582159996,0.17134723867475987,0.027083020052475336,forced,62,gated,40,0.5,expC_intermediate,4,20,1.0,8,source-sep-noise-budget
0.9593750238418579,0.9468750357627869,0.9158937611579895,0.014773884317639515,80,500,61,41,0.0863361582159996,0.17134723867475987,0.027083020052475336,forced,63,gated,40,0.5,expC_intermediate,4,20,1.0,8,source-sep-noise-budget
0.9593750238418579,0.9468750357627869,0.9158937611579895,0.014773884317639515,80,500,61,41,0.0863361582159996,0.17134723867475987,0.027083020052475336,forced,71,gated,40,0.5,expC_intermediate,4,20,1.0,8,source-sep-noise-budget
0.9593750238418579,0.9468750357627869,0.9158937611579895,0.014773884317639515,80,500,61,41,0.0863361582159996,0.17134723867475987,0.027083020052475336,forced,81,gated,40,0.5,expC_intermediate,4,20,1.0,8,source-sep-noise-budget
0.10000000149011612,0.03437500074505806,0.05100625093281269,0.01189074471918153,80,500,81,61,2.9796929359436035,2.9977031226158144,0.003856952904523824,forced,10,gated,60,0.75,expC_intermediate,4,0,0.0,8,source-sep-noise-budget
0.10312499850988388,0.03125,0.05113125095143914,0.011866344204366615,80,500,81,61,2.9799396991729736,2.997869430065155,0.00397296536532953,forced,20,gated,60,0.75,expC_intermediate,4,0,0.0,8,source-sep-noise-budget
0.903124988079071,0.890625,0.8730312614440918,0.010458764117559752,80,500,81,61,0.21443679928779602,0.25906115892529485,0.019167345532129263,forced,79,gated,60,0.75,expC_intermediate,4,18,0.9,8,source-sep-noise-budget
0.9468750357627869,0.9156250357627869,0.9166187626123429,0.00967886534021693,80,500,81,61,0.11584392935037613,0.16878930686414242,0.019118954842350665,forced,80,gated,60,0.75,expC_intermediate,4,19,0.95,8,source-sep-noise-budget
0.965624988079071,0.940625011920929,0.9490625085830688,0.004919264721904194,80,500,81,61,0.06619870662689209,0.10469748485088348,0.017733516054066218,forced,81,gated,60,0.75,expC_intermediate,4,20,1.0,8,source-sep-noise-budget
0.965624988079071,0.940625011920929,0.9490625085830688,0.004919264721904194,80,500,81,61,0.06619870662689209,0.10469748485088348,0.017733516054066218,forced,82,gated,60,0.75,expC_intermediate,4,20,1.0,8,source-sep-noise-budget
0.965624988079071,0.940625011920929,0.9490625085830688,0.004919264721904194,80,500,81,61,0.06619870662689209,0.10469748485088348,0.017733516054066218,forced,83,gated,60,0.75,expC_intermediate,4,20,1.0,8,source-sep-noise-budget
0.965624988079071,0.940625011920929,0.9490625085830688,0.004919264721904194,80,500,81,61,0.06619870662689209,0.10469748485088348,0.017733516054066218,forced,91,gated,60,0.75,expC_intermediate,4,20,1.0,8,source-sep-noise-budget
0.965624988079071,0.940625011920929,0.9490625085830688,0.004919264721904194,80,500,81,61,0.06619870662689209,0.10469748485088348,0.017733516054066218,forced,101,gated,60,0.75,expC_intermediate,4,20,1.0,8,source-sep-noise-budget
0.09375,0.05000000074505806,0.051043750956654546,0.012980771865125385,80,500,101,81,2.98130202293396,2.9977692918777468,0.003862731887955397,forced,10,gated,80,1.0,expC_intermediate,4,0,0.0,8,source-sep-noise-budget
0.10312499850988388,0.05000000074505806,0.05048750089854002,0.0129526121522734,80,500,101,81,2.982095241546631,2.997849569797516,0.003906009445873798,forced,20,gated,80,1.0,expC_intermediate,4,0,0.0,8,source-sep-noise-budget
0.953125,0.9437500238418579,0.9288375123739242,0.009087258737708636,80,500,101,81,0.12434659153223038,0.17795141749083995,0.02141453184196655,forced,99,gated,80,1.0,expC_intermediate,4,18,0.9,8,source-sep-noise-budget
0.9906250238418579,0.96875,0.9710812621116638,0.008145098892464606,80,500,101,81,0.039570052176713943,0.0756513239517808,0.0166912863129575,forced,100,gated,80,1.0,expC_intermediate,4,19,0.95,8,source-sep-noise-budget
1.0,0.9906250238418579,0.9968437546491623,0.003321763750369681,80,500,101,81,0.002723199548199773,0.016428790866862983,0.01316927449569133,forced,101,gated,80,1.0,expC_intermediate,4,20,1.0,8,source-sep-noise-budget
1.0,0.9906250238418579,0.9968437546491623,0.003321763750369681,80,500,101,81,0.002723199548199773,0.016428790866862983,0.01316927449569133,forced,102,gated,80,1.0,expC_intermediate,4,20,1.0,8,source-sep-noise-budget
1.0,0.9906250238418579,0.9968437546491623,0.003321763750369681,80,500,101,81,0.002723199548199773,0.016428790866862983,0.01316927449569133,forced,103,gated,80,1.0,expC_intermediate,4,20,1.0,8,source-sep-noise-budget
1.0,0.9906250238418579,0.9968437546491623,0.003321763750369681,80,500,101,81,0.002723199548199773,0.016428790866862983,0.01316927449569133,forced,111,gated,80,1.0,expC_intermediate,4,20,1.0,8,source-sep-noise-budget
1.0,0.9906250238418579,0.9968437546491623,0.003321763750369681,80,500,101,81,0.002723199548199773,0.016428790866862983,0.01316927449569133,forced,121,gated,80,1.0,expC_intermediate,4,20,1.0,8,source-sep-noise-budget
0.574999988079071,0.559374988079071,0.5341312617063523,0.010486187520070203,20,500,21,1,0.9336569905281067,1.0012645444869994,0.023357878218043533,forced,10,gated,0,0.0,expC_intermediate,5,9,0.45,8,source-sep-noise-budget
0.965624988079071,0.9468750357627869,0.9467625107765197,0.005508071874615929,20,500,21,1,0.0691930502653122,0.11392666116356849,0.017659295855509606,forced,19,gated,0,0.0,expC_intermediate,5,18,0.9,8,source-sep-noise-budget
0.984375,0.971875011920929,0.9662187613248825,0.007599534586093087,20,500,21,1,0.04917260259389877,0.08848915290087461,0.01768696108365532,forced,20,gated,0,0.0,expC_intermediate,5,19,0.95,8,source-sep-noise-budget
1.0,0.996874988079071,0.996525004029274,0.0037388497191601856,20,500,21,1,0.001339850714430213,0.019153089727973565,0.017363986845356602,forced,21,gated,0,0.0,expC_intermediate,5,20,1.0,8,source-sep-noise-budget
1.0,0.996874988079071,0.996525004029274,0.0037388497191601856,20,500,21,1,0.001339850714430213,0.019153089727973565,0.017363986845356602,forced,22,gated,0,0.0,expC_intermediate,5,20,1.0,8,source-sep-noise-budget
1.0,0.996874988079071,0.996525004029274,0.0037388497191601856,20,500,21,1,0.001339850714430213,0.019153089727973565,0.017363986845356602,forced,23,gated,0,0.0,expC_intermediate,5,20,1.0,8,source-sep-noise-budget
1.0,0.996874988079071,0.996525004029274,0.0037388497191601856,20,500,21,1,0.001339850714430213,0.019153089727973565,0.017363986845356602,forced,31,gated,0,0.0,expC_intermediate,5,20,1.0,8,source-sep-noise-budget
1.0,0.996874988079071,0.996525004029274,0.0037388497191601856,20,500,21,1,0.001339850714430213,0.019153089727973565,0.017363986845356602,forced,41,gated,0,0.0,expC_intermediate,5,20,1.0,8,source-sep-noise-budget
0.606249988079071,0.5687500238418579,0.5552375113964081,0.016334821175525628,20,500,26,6,1.0987040996551514,1.1922637138366698,0.038462437416965214,forced,10,gated,5,0.25,expC_intermediate,5,4,0.2,8,source-sep-noise-budget
0.9625000357627869,0.949999988079071,0.9482000119686127,0.004635353559366097,20,500,26,6,0.07594580203294754,0.12059771107137203,0.016438067576812772,forced,20,gated,5,0.25,expC_intermediate,5,14,0.7,8,source-sep-noise-budget
0.9156250357627869,0.890625,0.9003687632083893,0.005758886298824951,20,500,26,6,0.15717285871505737,0.19938695734739303,0.016732071890888548,forced,24,gated,5,0.25,expC_intermediate,5,18,0.9,8,source-sep-noise-budget
0.940625011920929,0.9000000357627869,0.9109937621355056,0.009156664727260282,20,500,26,6,0.1253337562084198,0.1812780299782753,0.018254049091595052,forced,25,gated,5,0.25,expC_intermediate,5,19,0.95,8,source-sep-noise-budget
0.9625000357627869,0.9468750357627869,0.9493187586069107,0.004935590734559196,20,500,26,6,0.07563434541225433,0.10964653363823891,0.017701092760813934,forced,26,gated,5,0.25,expC_intermediate,5,20,1.0,8,source-sep-noise-budget
0.9625000357627869,0.9468750357627869,0.9493187586069107,0.004935590734559196,20,500,26,6,0.07563434541225433,0.10964653363823891,0.017701092760813934,forced,27,gated,5,0.25,expC_intermediate,5,20,1.0,8,source-sep-noise-budget
0.9625000357627869,0.9468750357627869,0.9493187586069107,0.004935590734559196,20,500,26,6,0.07563434541225433,0.10964653363823891,0.017701092760813934,forced,28,gated,5,0.25,expC_intermediate,5,20,1.0,8,source-sep-noise-budget
0.9625000357627869,0.9468750357627869,0.9493187586069107,0.004935590734559196,20,500,26,6,0.07563434541225433,0.10964653363823891,0.017701092760813934,forced,36,gated,5,0.25,expC_intermediate,5,20,1.0,8,source-sep-noise-budget
0.9625000357627869,0.9468750357627869,0.9493187586069107,0.004935590734559196,20,500,26,6,0.07563434541225433,0.10964653363823891,0.017701092760813934,forced,46,gated,5,0.25,expC_intermediate,5,20,1.0,8,source-sep-noise-budget
0.47187501192092896,0.45000001788139343,0.42910625571012495,0.011230626676304761,20,500,31,11,1.4358831644058228,1.4934148001670837,0.04055224001439273,forced,10,gated,10,0.5,expC_intermediate,5,0,0.0,8,source-sep-noise-budget
0.793749988079071,0.784375011920929,0.7658062609434128,0.008010390646117515,20,500,31,11,0.4947408139705658,0.5469641405344009,0.022659432098431912,forced,20,gated,10,0.5,expC_intermediate,5,9,0.45,8,source-sep-noise-budget
0.875,0.859375,0.854056261897087,0.0064719897804320255,20,500,31,11,0.20860393345355988,0.25472975185513497,0.01632997259224944,forced,29,gated,10,0.5,expC_intermediate,5,18,0.9,8,source-sep-noise-budget
0.984375,0.965624988079071,0.9404750120639801,0.026770453167761152,20,500,31,11,0.05655784159898758,0.13505816634744405,0.050107673684708025,forced,30,gated,10,0.5,expC_intermediate,5,19,0.95,8,source-sep-noise-budget
0.965624988079071,0.953125,0.9492062591314315,0.004619800991547221,20,500,31,11,0.07580448687076569,0.10894048215448857,0.015401805929339681,forced,31,gated,10,0.5,expC_intermediate,5,20,1.0,8,source-sep-noise-budget
0.965624988079071,0.953125,0.9492062591314315,0.004619800991547221,20,500,31,11,0.07580448687076569,0.10894048215448857,0.015401805929339681,forced,32,gated,10,0.5,expC_intermediate,5,20,1.0,8,source-sep-noise-budget
0.965624988079071,0.953125,0.9492062591314315,0.004619800991547221,20,500,31,11,0.07580448687076569,0.10894048215448857,0.015401805929339681,forced,33,gated,10,0.5,expC_intermediate,5,20,1.0,8,source-sep-noise-budget
0.965624988079071,0.953125,0.9492062591314315,0.004619800991547221,20,500,31,11,0.07580448687076569,0.10894048215448857,0.015401805929339681,forced,41,gated,10,0.5,expC_intermediate,5,20,1.0,8,source-sep-noise-budget
0.965624988079071,0.953125,0.9492062591314315,0.004619800991547221,20,500,31,11,0.07580448687076569,0.10894048215448857,0.015401805929339681,forced,51,gated,10,0.5,expC_intermediate,5,20,1.0,8,source-sep-noise-budget
0.16250000894069672,0.11250000447034836,0.11261250166594983,0.012742455186602223,20,500,36,16,2.6048126220703125,2.6609553723335266,0.020706317908560708,forced,10,gated,15,0.75,expC_intermediate,5,0,0.0,8,source-sep-noise-budget
0.35625001788139343,0.3343749940395355,0.3171375063657761,0.012397132391744923,20,500,36,16,1.6768789291381836,1.7729721846580506,0.02631613399431884,forced,20,gated,15,0.75,expC_intermediate,5,4,0.2,8,source-sep-noise-budget
0.875,0.856249988079071,0.8521562631130218,0.006781969497037565,20,500,36,16,0.21437545120716095,0.26439711114764214,0.018845208884872428,forced,34,gated,15,0.75,expC_intermediate,5,18,0.9,8,source-sep-noise-budget
0.9125000238418579,0.903124988079071,0.8782375115156174,0.011183268086018324,20,500,36,16,0.19068343937397003,0.23929685401916503,0.018376114492466594,forced,35,gated,15,0.75,expC_intermediate,5,19,0.95,8,source-sep-noise-budget
0.925000011920929,0.9125000238418579,0.9041187615394592,0.006429358714122774,20,500,36,16,0.14043837785720825,0.17796382015943527,0.01628148154764219,forced,36,gated,15,0.75,expC_intermediate,5,20,1.0,8,source-sep-noise-budget
0.925000011920929,0.9125000238418579,0.9041187615394592,0.006429358714122774,20,500,36,16,0.14043837785720825,0.17796382015943527,0.01628148154764219,forced,37,gated,15,0.75,expC_intermediate,5,20,1.0,8,source-sep-noise-budget
0.925000011920929,0.9125000238418579,0.9041187615394592,0.006429358714122774,20,500,36,16,0.14043837785720825,0.17796382015943527,0.01628148154764219,forced,38,gated,15,0.75,expC_intermediate,5,20,1.0,8,source-sep-noise-budget
0.925000011920929,0.9125000238418579,0.9041187615394592,0.006429358714122774,20,500,36,16,0.14043837785720825,0.17796382015943527,0.01628148154764219,forced,46,gated,15,0.75,expC_intermediate,5,20,1.0,8,source-sep-noise-budget
0.925000011920929,0.9125000238418579,0.9041187615394592,0.006429358714122774,20,500,36,16,0.14043837785720825,0.17796382015943527,0.01628148154764219,forced,56,gated,15,0.75,expC_intermediate,5,20,1.0,8,source-sep-noise-budget
0.10000000149011612,0.05000000074505806,0.04955000074952841,0.012389852359307153,20,500,41,21,2.979849100112915,2.997423001766205,0.0033295968750543894,forced,10,gated,20,1.0,expC_intermediate,5,0,0.0,8,source-sep-noise-budget
0.37187501788139343,0.3343749940395355,0.3344437561035156,0.010276222308057251,20,500,41,21,2.008251905441284,2.0337679176330568,0.008922639458745376,forced,20,gated,20,1.0,expC_intermediate,5,0,0.0,8,source-sep-noise-budget
0.9312500357627869,0.9125000238418579,0.9099687618017197,0.00857976071644789,20,500,41,21,0.1513097733259201,0.1999357058107853,0.01763177409319595,forced,39,gated,20,1.0,expC_intermediate,5,18,0.9,8,source-sep-noise-budget
0.984375,0.965624988079071,0.9591187618970871,0.007991252513126145,20,500,41,21,0.05568275600671768,0.09725760813802481,0.01730500719378881,forced,40,gated,20,1.0,expC_intermediate,5,19,0.95,8,source-sep-noise-budget
1.0,1.0,0.9962812560796738,0.003641520284750898,20,500,41,21,0.003106198739260435,0.01950372109701857,0.01657588499868644,forced,41,gated,20,1.0,expC_intermediate,5,20,1.0,8,source-sep-noise-budget
1.0,1.0,0.9962812560796738,0.003641520284750898,20,500,41,21,0.003106198739260435,0.01950372109701857,0.01657588499868644,forced,42,gated,20,1.0,expC_intermediate,5,20,1.0,8,source-sep-noise-budget
1.0,1.0,0.9962812560796738,0.003641520284750898,20,500,41,21,0.003106198739260435,0.01950372109701857,0.01657588499868644,forced,43,gated,20,1.0,expC_intermediate,5,20,1.0,8,source-sep-noise-budget
1.0,1.0,0.9962812560796738,0.003641520284750898,20,500,41,21,0.003106198739260435,0.01950372109701857,0.01657588499868644,forced,51,gated,20,1.0,expC_intermediate,5,20,1.0,8,source-sep-noise-budget
1.0,1.0,0.9962812560796738,0.003641520284750898,20,500,41,21,0.003106198739260435,0.01950372109701857,0.01657588499868644,forced,61,gated,20,1.0,expC_intermediate,5,20,1.0,8,source-sep-noise-budget
0.5687500238418579,0.5250000357627869,0.5342812621593476,0.010632855301755666,40,500,21,1,0.9511820077896118,1.0100831669569015,0.022459389044048143,forced,10,gated,0,0.0,expC_intermediate,5,9,0.45,8,source-sep-noise-budget
0.953125,0.934374988079071,0.9266750128269196,0.009147607776941439,40,500,21,1,0.13079038262367249,0.17816194424033166,0.02138219176807183,forced,19,gated,0,0.0,expC_intermediate,5,18,0.9,8,source-sep-noise-budget
0.987500011920929,0.9625000357627869,0.9656000125408173,0.007713077651146312,40,500,21,1,0.040071986615657806,0.08952061197906733,0.018018841345382692,forced,20,gated,0,0.0,expC_intermediate,5,19,0.95,8,source-sep-noise-budget
1.0,0.996874988079071,0.9969562530517578,0.0037828223044717134,40,500,21,1,0.001416004728525877,0.016482120214728637,0.01624309176219267,forced,21,gated,0,0.0,expC_intermediate,5,20,1.0,8,source-sep-noise-budget
1.0,0.996874988079071,0.9969562530517578,0.0037828223044717134,40,500,21,1,0.001416004728525877,0.016482120214728637,0.01624309176219267,forced,22,gated,0,0.0,expC_intermediate,5,20,1.0,8,source-sep-noise-budget
1.0,0.996874988079071,0.9969562530517578,0.0037828223044717134,40,500,21,1,0.001416004728525877,0.016482120214728637,0.01624309176219267,forced,23,gated,0,0.0,expC_intermediate,5,20,1.0,8,source-sep-noise-budget
1.0,0.996874988079071,0.9969562530517578,0.0037828223044717134,40,500,21,1,0.001416004728525877,0.016482120214728637,0.01624309176219267,forced,31,gated,0,0.0,expC_intermediate,5,20,1.0,8,source-sep-noise-budget
1.0,0.996874988079071,0.9969562530517578,0.0037828223044717134,40,500,21,1,0.001416004728525877,0.016482120214728637,0.01624309176219267,forced,41,gated,0,0.0,expC_intermediate,5,20,1.0,8,source-sep-noise-budget
0.34375,0.28437501192092896,0.29665000647306444,0.012806712090157475,40,500,31,11,1.7838070392608643,1.8422994832992554,0.02334650314341372,forced,10,gated,10,0.25,expC_intermediate,5,0,0.0,8,source-sep-noise-budget
0.796875,0.746874988079071,0.7655125114917755,0.008375177364623955,40,500,31,11,0.4873664975166321,0.546722922205925,0.02260543442821706,forced,20,gated,10,0.25,expC_intermediate,5,9,0.45,8,source-sep-noise-budget
0.9593750238418579,0.9437500238418579,0.9448562630414963,0.005590766140045455,40,500,31,11,0.08811208605766296,0.1308301544636488,0.018654310920392072,forced,29,gated,10,0.25,expC_intermediate,5,18,0.9,8,source-sep-noise-budget
0.984375,0.96875,0.9596375097036361,0.008306239461261819,40,500,31,11,0.05681615322828293,0.09761292514204979,0.017235981736446103,forced,30,gated,10,0.25,expC_intermediate,5,19,0.95,8,source-sep-noise-budget
1.0,0.987500011920929,0.9963562542200088,0.0037791019432421155,40,500,31,11,0.002097550081089139,0.019575379183981566,0.01638725826127172,forced,31,gated,10,0.25,expC_intermediate,5,20,1.0,8,source-sep-noise-budget
1.0,0.987500011920929,0.9963562542200088,0.0037791019432421155,40,500,31,11,0.002097550081089139,0.019575379183981566,0.01638725826127172,forced,32,gated,10,0.25,expC_intermediate,5,20,1.0,8,source-sep-noise-budget
1.0,0.987500011920929,0.9963562542200088,0.0037791019432421155,40,500,31,11,0.002097550081089139,0.019575379183981566,0.01638725826127172,forced,33,gated,10,0.25,expC_intermediate,5,20,1.0,8,source-sep-noise-budget
1.0,0.987500011920929,0.9963562542200088,0.0037791019432421155,40,500,31,11,0.002097550081089139,0.019575379183981566,0.01638725826127172,forced,41,gated,10,0.25,expC_intermediate,5,20,1.0,8,source-sep-noise-budget
1.0,0.987500011920929,0.9963562542200088,0.0037791019432421155,40,500,31,11,0.002097550081089139,0.019575379183981566,0.01638725826127172,forced,51,gated,10,0.25,expC_intermediate,5,20,1.0,8,source-sep-noise-budget
0.10312499850988388,0.04062500223517418,0.05013750090450048,0.012346742010353861,40,500,41,21,2.982140064239502,2.997794891357422,0.0033305912157007597,forced,10,gated,20,0.5,expC_intermediate,5,0,0.0,8,source-sep-noise-budget
0.4312500059604645,0.3812499940395355,0.3862812559604645,0.011846141491963993,40,500,41,21,1.6528390645980835,1.7319347503185272,0.029599319990821837,forced,20,gated,20,0.5,expC_intermediate,5,0,0.0,8,source-sep-noise-budget
0.918749988079071,0.8968750238418579,0.9045687605142594,0.005929726798739738,40,500,41,21,0.16976256668567657,0.2049509783089161,0.01423700519757992,forced,39,gated,20,0.5,expC_intermediate,5,18,0.9,8,source-sep-noise-budget
0.9781250357627869,0.949999988079071,0.9560250115394592,0.0077703966703615915,40,500,41,21,0.06205902248620987,0.10416959229111672,0.018100566036535863,forced,40,gated,20,0.5,expC_intermediate,5,19,0.95,8,source-sep-noise-budget
1.0,1.0,0.9959812558889389,0.004036208429896028,40,500,41,21,0.0024675268214195967,0.019416683562565595,0.015611575427863733,forced,41,gated,20,0.5,expC_intermediate,5,20,1.0,8,source-sep-noise-budget
1.0,1.0,0.9959812558889389,0.004036208429896028,40,500,41,21,0.0024675268214195967,0.019416683562565595,0.015611575427863733,forced,42,gated,20,0.5,expC_intermediate,5,20,1.0,8,source-sep-noise-budget
1.0,1.0,0.9959812558889389,0.004036208429896028,40,500,41,21,0.0024675268214195967,0.019416683562565595,0.015611575427863733,forced,43,gated,20,0.5,expC_intermediate,5,20,1.0,8,source-sep-noise-budget
1.0,1.0,0.9959812558889389,0.004036208429896028,40,500,41,21,0.0024675268214195967,0.019416683562565595,0.015611575427863733,forced,51,gated,20,0.5,expC_intermediate,5,20,1.0,8,source-sep-noise-budget
1.0,1.0,0.9959812558889389,0.004036208429896028,40,500,41,21,0.0024675268214195967,0.019416683562565595,0.015611575427863733,forced,61,gated,20,0.5,expC_intermediate,5,20,1.0,8,source-sep-noise-budget
0.10312499850988388,0.046875,0.04941875098273158,0.011892833983587698,40,500,51,31,2.983637571334839,2.997741179943085,0.0033066744676752417,forced,10,gated,30,0.75,expC_intermediate,5,0,0.0,8,source-sep-noise-budget
0.10000000149011612,0.04374999925494194,0.04976250090077519,0.012302432614856829,40,500,51,31,2.9833524227142334,2.9978722920417784,0.00340194746943387,forced,20,gated,30,0.75,expC_intermediate,5,0,0.0,8,source-sep-noise-budget
0.925000011920929,0.9000000357627869,0.9046375117301941,0.006574202997728562,40,500,51,31,0.1676298826932907,0.20386769106984137,0.01829898397232982,forced,49,gated,30,0.75,expC_intermediate,5,18,0.9,8,source-sep-noise-budget
0.9781250357627869,0.956250011920929,0.9562187606096267,0.007924138799550324,40,500,51,31,0.05801665037870407,0.10279278072714805,0.020546257632582193,forced,50,gated,30,0.75,expC_intermediate,5,19,0.95,8,source-sep-noise-budget
1.0,0.996874988079071,0.995593756198883,0.004204131814176567,40,500,51,31,0.002549356548115611,0.022209776188712567,0.017716184850769992,forced,51,gated,30,0.75,expC_intermediate,5,20,1.0,8,source-sep-noise-budget
1.0,0.996874988079071,0.995593756198883,0.004204131814176567,40,500,51,31,0.002549356548115611,0.022209776188712567,0.017716184850769992,forced,52,gated,30,0.75,expC_intermediate,5,20,1.0,8,source-sep-noise-budget
1.0,0.996874988079071,0.995593756198883,0.004204131814176567,40,500,51,31,0.002549356548115611,0.022209776188712567,0.017716184850769992,forced,53,gated,30,0.75,expC_intermediate,5,20,1.0,8,source-sep-noise-budget
1.0,0.996874988079071,0.995593756198883,0.004204131814176567,40,500,51,31,0.002549356548115611,0.022209776188712567,0.017716184850769992,forced,61,gated,30,0.75,expC_intermediate,5,20,1.0,8,source-sep-noise-budget
1.0,0.996874988079071,0.995593756198883,0.004204131814176567,40,500,51,31,0.002549356548115611,0.022209776188712567,0.017716184850769992,forced,71,gated,30,0.75,expC_intermediate,5,20,1.0,8,source-sep-noise-budget
0.10000000149011612,0.04374999925494194,0.04983125090971589,0.012163873199401137,40,500,61,41,2.9821200370788574,2.9978764386177064,0.00328916586518681,forced,10,gated,40,1.0,expC_intermediate,5,0,0.0,8,source-sep-noise-budget
0.09062500298023224,0.04374999925494194,0.04948750089481473,0.01264953707498699,40,500,61,41,2.984635829925537,2.9979833312034607,0.0033828016366718454,forced,20,gated,40,1.0,expC_intermediate,5,0,0.0,8,source-sep-noise-budget
0.893750011920929,0.878125011920929,0.864981262087822,0.009720488607020525,40,500,61,41,0.21840879321098328,0.261743769556284,0.01764519012102436,forced,59,gated,40,1.0,expC_intermediate,5,18,0.9,8,source-sep-noise-budget
0.96875,0.9593750238418579,0.9512625101804734,0.006525776982886107,40,500,61,41,0.07716479152441025,0.10914358687400817,0.022316401399832462,forced,60,gated,40,1.0,expC_intermediate,5,19,0.95,8,source-sep-noise-budget
1.0,0.9937500357627869,0.9965062546730041,0.0034799496056109754,40,500,61,41,0.0019799743313342333,0.017551582999527453,0.014158860205581353,forced,61,gated,40,1.0,expC_intermediate,5,20,1.0,8,source-sep-noise-budget
1.0,0.9937500357627869,0.9965062546730041,0.0034799496056109754,40,500,61,41,0.0019799743313342333,0.017551582999527453,0.014158860205581353,forced,62,gated,40,1.0,expC_intermediate,5,20,1.0,8,source-sep-noise-budget
1.0,0.9937500357627869,0.9965062546730041,0.0034799496056109754,40,500,61,41,0.0019799743313342333,0.017551582999527453,0.014158860205581353,forced,63,gated,40,1.0,expC_intermediate,5,20,1.0,8,source-sep-noise-budget
1.0,0.9937500357627869,0.9965062546730041,0.0034799496056109754,40,500,61,41,0.0019799743313342333,0.017551582999527453,0.014158860205581353,forced,71,gated,40,1.0,expC_intermediate,5,20,1.0,8,source-sep-noise-budget
1.0,0.9937500357627869,0.9965062546730041,0.0034799496056109754,40,500,61,41,0.0019799743313342333,0.017551582999527453,0.014158860205581353,forced,81,gated,40,1.0,expC_intermediate,5,20,1.0,8,source-sep-noise-budget
0.574999988079071,0.534375011920929,0.5345375119447708,0.010744410660051693,80,500,21,1,0.9391900897026062,1.00864768409729,0.0245171586879454,forced,10,gated,0,0.0,expC_intermediate,5,9,0.45,8,source-sep-noise-budget
0.971875011920929,0.96875,0.9429125125408173,0.011669343777984785,80,500,21,1,0.09706155955791473,0.15141695639491082,0.023755888900834275,forced,19,gated,0,0.0,expC_intermediate,5,18,0.9,8,source-sep-noise-budget
0.9906250238418579,0.9781250357627869,0.9666875120401383,0.008637899744231018,80,500,21,1,0.046198777854442596,0.08755344631522893,0.019031532781562437,forced,20,gated,0,0.0,expC_intermediate,5,19,0.95,8,source-sep-noise-budget
1.0,1.0,0.9969125039577484,0.0034058910457632117,80,500,21,1,0.0017759499605745077,0.016735381975304334,0.014868804703240224,forced,21,gated,0,0.0,expC_intermediate,5,20,1.0,8,source-sep-noise-budget
1.0,1.0,0.9969125039577484,0.0034058910457632117,80,500,21,1,0.0017759499605745077,0.016735381975304334,0.014868804703240224,forced,22,gated,0,0.0,expC_intermediate,5,20,1.0,8,source-sep-noise-budget
1.0,1.0,0.9969125039577484,0.0034058910457632117,80,500,21,1,0.0017759499605745077,0.016735381975304334,0.014868804703240224,forced,23,gated,0,0.0,expC_intermediate,5,20,1.0,8,source-sep-noise-budget
1.0,1.0,0.9969125039577484,0.0034058910457632117,80,500,21,1,0.0017759499605745077,0.016735381975304334,0.014868804703240224,forced,31,gated,0,0.0,expC_intermediate,5,20,1.0,8,source-sep-noise-budget
1.0,1.0,0.9969125039577484,0.0034058910457632117,80,500,21,1,0.0017759499605745077,0.016735381975304334,0.014868804703240224,forced,41,gated,0,0.0,expC_intermediate,5,20,1.0,8,source-sep-noise-budget
0.10312499850988388,0.05000000074505806,0.049675000863149764,0.012278182165336944,80,500,41,21,2.984555721282959,2.997416298389435,0.003090576375656929,forced,10,gated,20,0.25,expC_intermediate,5,0,0.0,8,source-sep-noise-budget
0.3812499940395355,0.3531250059604645,0.3395062559247017,0.011658316910041641,80,500,41,21,1.6541610956192017,1.7268368027210235,0.02186676444189633,forced,20,gated,20,0.25,expC_intermediate,5,0,0.0,8,source-sep-noise-budget
0.9156250357627869,0.8843750357627869,0.8960937619209289,0.00713397147634697,80,500,41,21,0.1731952577829361,0.22460766968131066,0.0208171314198712,forced,39,gated,20,0.25,expC_intermediate,5,18,0.9,8,source-sep-noise-budget
0.953125,0.940625011920929,0.9214062621593475,0.009418389054296657,80,500,41,21,0.11707721650600433,0.15899106089770793,0.016706016586036036,forced,40,gated,20,0.25,expC_intermediate,5,19,0.95,8,source-sep-noise-budget
1.0,0.9906250238418579,0.9961187559366226,0.0040304369172314254,80,500,41,21,0.0025630674790591,0.019335934918839483,0.015922828510549828,forced,41,gated,20,0.25,expC_intermediate,5,20,1.0,8,source-sep-noise-budget
1.0,0.9906250238418579,0.9961187559366226,0.0040304369172314254,80,500,41,21,0.0025630674790591,0.019335934918839483,0.015922828510549828,forced,42,gated,20,0.25,expC_intermediate,5,20,1.0,8,source-sep-noise-budget
1.0,0.9906250238418579,0.9961187559366226,0.0040304369172314254,80,500,41,21,0.0025630674790591,0.019335934918839483,0.015922828510549828,forced,43,gated,20,0.25,expC_intermediate,5,20,1.0,8,source-sep-noise-budget
1.0,0.9906250238418579,0.9961187559366226,0.0040304369172314254,80,500,41,21,0.0025630674790591,0.019335934918839483,0.015922828510549828,forced,51,gated,20,0.25,expC_intermediate,5,20,1.0,8,source-sep-noise-budget
1.0,0.9906250238418579,0.9961187559366226,0.0040304369172314254,80,500,41,21,0.0025630674790591,0.019335934918839483,0.015922828510549828,forced,61,gated,20,0.25,expC_intermediate,5,20,1.0,8,source-sep-noise-budget
0.10000000149011612,0.05000000074505806,0.04931875081732869,0.012213304597682918,80,500,61,41,2.9790024757385254,2.99737282037735,0.003038743826316494,forced,10,gated,40,0.5,expC_intermediate,5,0,0.0,8,source-sep-noise-budget
0.10000000149011612,0.046875,0.05001875092834234,0.01225938921911894,80,500,61,41,2.9811999797821045,2.997512625694275,0.003214543435264455,forced,20,gated,40,0.5,expC_intermediate,5,0,0.0,8,source-sep-noise-budget
0.9437500238418579,0.921875,0.9112687618732452,0.008967587549508143,80,500,61,41,0.14944809675216675,0.19994709974527358,0.018118521555286485,forced,59,gated,40,0.5,expC_intermediate,5,18,0.9,8,source-sep-noise-budget
0.981249988079071,0.96875,0.9595875127315521,0.008518921950797998,80,500,61,41,0.05663030222058296,0.09957589840143918,0.018569498183206995,forced,60,gated,40,0.5,expC_intermediate,5,19,0.95,8,source-sep-noise-budget
1.0,0.996874988079071,0.9957875059843063,0.004153886496002994,80,500,61,41,0.0035057864151895046,0.0220009803683497,0.017937879711810052,forced,61,gated,40,0.5,expC_intermediate,5,20,1.0,8,source-sep-noise-budget
1.0,0.996874988079071,0.9957875059843063,0.004153886496002994,80,500,61,41,0.0035057864151895046,0.0220009803683497,0.017937879711810052,forced,62,gated,40,0.5,expC_intermediate,5,20,1.0,8,source-sep-noise-budget
1.0,0.996874988079071,0.9957875059843063,0.004153886496002994,80,500,61,41,0.0035057864151895046,0.0220009803683497,0.017937879711810052,forced,63,gated,40,0.5,expC_intermediate,5,20,1.0,8,source-sep-noise-budget
1.0,0.996874988079071,0.9957875059843063,0.004153886496002994,80,500,61,41,0.0035057864151895046,0.0220009803683497,0.017937879711810052,forced,71,gated,40,0.5,expC_intermediate,5,20,1.0,8,source-sep-noise-budget
1.0,0.996874988079071,0.9957875059843063,0.004153886496002994,80,500,61,41,0.0035057864151895046,0.0220009803683497,0.017937879711810052,forced,81,gated,40,0.5,expC_intermediate,5,20,1.0,8,source-sep-noise-budget
0.09375,0.05000000074505806,0.05011250096559525,0.012237359742937428,80,500,81,61,2.9838104248046875,2.9973076634407043,0.0031582807862238003,forced,10,gated,60,0.75,expC_intermediate,5,0,0.0,8,source-sep-noise-budget
0.09375,0.05000000074505806,0.04906250091642141,0.01207479974887048,80,500,81,61,2.9839072227478027,2.9974629559516908,0.003266034138816782,forced,20,gated,60,0.75,expC_intermediate,5,0,0.0,8,source-sep-noise-budget
0.9281250238418579,0.909375011920929,0.907393761396408,0.007384556979377808,80,500,81,61,0.1541983038187027,0.2052084909081459,0.017148088186040824,forced,79,gated,60,0.75,expC_intermediate,5,18,0.9,8,source-sep-noise-budget
0.9906250238418579,0.956250011920929,0.9641687628030777,0.00813991654317052,80,500,81,61,0.05557839944958687,0.08975821757316589,0.016643494974542858,forced,80,gated,60,0.75,expC_intermediate,5,19,0.95,8,source-sep-noise-budget
1.0,0.996874988079071,0.9969375035762786,0.003382505486676773,80,500,81,61,0.001819357625208795,0.01578842388931662,0.012880325718122,forced,81,gated,60,0.75,expC_intermediate,5,20,1.0,8,source-sep-noise-budget
1.0,0.996874988079071,0.9969375035762786,0.003382505486676773,80,500,81,61,0.001819357625208795,0.01578842388931662,0.012880325718122,forced,82,gated,60,0.75,expC_intermediate,5,20,1.0,8,source-sep-noise-budget
1.0,0.996874988079071,0.9969375035762786,0.003382505486676773,80,500,81,61,0.001819357625208795,0.01578842388931662,0.012880325718122,forced,83,gated,60,0.75,expC_intermediate,5,20,1.0,8,source-sep-noise-budget
1.0,0.996874988079071,0.9969375035762786,0.003382505486676773,80,500,81,61,0.001819357625208795,0.01578842388931662,0.012880325718122,forced,91,gated,60,0.75,expC_intermediate,5,20,1.0,8,source-sep-noise-budget
1.0,0.996874988079071,0.9969375035762786,0.003382505486676773,80,500,81,61,0.001819357625208795,0.01578842388931662,0.012880325718122,forced,101,gated,60,0.75,expC_intermediate,5,20,1.0,8,source-sep-noise-budget
0.10000000149011612,0.05625000223517418,0.0499875009432435,0.012191499502519987,80,500,101,81,2.9832088947296143,2.997558662414551,0.0031440815057266936,forced,10,gated,80,1.0,expC_intermediate,5,0,0.0,8,source-sep-noise-budget
0.10312499850988388,0.05312500149011612,0.049675000805407765,0.01235430091736542,80,500,101,81,2.983133554458618,2.9975614948272704,0.0031638027055810626,forced,20,gated,80,1.0,expC_intermediate,5,0,0.0,8,source-sep-noise-budget
0.9125000238418579,0.9000000357627869,0.8764750127792358,0.01155541040756385,80,500,101,81,0.19786754250526428,0.2554851866066456,0.023181271995329815,forced,99,gated,80,1.0,expC_intermediate,5,18,0.9,8,source-sep-noise-budget
0.953125,0.9375,0.9224625120162964,0.009115499311282037,80,500,101,81,0.12040505558252335,0.1606753064095974,0.01706142172307339,forced,100,gated,80,1.0,expC_intermediate,5,19,0.95,8,source-sep-noise-budget
1.0,1.0,0.9965562554597854,0.003353503348100393,80,500,101,81,0.00200271001085639,0.017515311049763112,0.012710337070278096,forced,101,gated,80,1.0,expC_intermediate,5,20,1.0,8,source-sep-noise-budget
1.0,1.0,0.9965562554597854,0.003353503348100393,80,500,101,81,0.00200271001085639,0.017515311049763112,0.012710337070278096,forced,102,gated,80,1.0,expC_intermediate,5,20,1.0,8,source-sep-noise-budget
1.0,1.0,0.9965562554597854,0.003353503348100393,80,500,101,81,0.00200271001085639,0.017515311049763112,0.012710337070278096,forced,103,gated,80,1.0,expC_intermediate,5,20,1.0,8,source-sep-noise-budget
1.0,1.0,0.9965562554597854,0.003353503348100393,80,500,101,81,0.00200271001085639,0.017515311049763112,0.012710337070278096,forced,111,gated,80,1.0,expC_intermediate,5,20,1.0,8,source-sep-noise-budget
1.0,1.0,0.9965562554597854,0.003353503348100393,80,500,101,81,0.00200271001085639,0.017515311049763112,0.012710337070278096,forced,121,gated,80,1.0,expC_intermediate,5,20,1.0,8,source-sep-noise-budget
0.578125,0.5562500357627869,0.5336312621831893,0.010709842289468526,20,500,21,1,0.9263623952865601,0.9947463678121566,0.023561869632254002,forced,10,gated,0,0.0,expC_intermediate,6,9,0.45,8,source-sep-noise-budget
0.9625000357627869,0.940625011920929,0.9428500124216079,0.006594457223059031,20,500,21,1,0.09375898540019989,0.14370011287927628,0.021829434588881043,forced,19,gated,0,0.0,expC_intermediate,6,18,0.9,8,source-sep-noise-budget
0.987500011920929,0.96875,0.9665000125169754,0.007982891676581826,20,500,21,1,0.0472785159945488,0.08839901380985975,0.018897228621602254,forced,20,gated,0,0.0,expC_intermediate,6,19,0.95,8,source-sep-noise-budget
1.0,1.0,0.9961500048637391,0.004461389229245228,20,500,21,1,0.00241519371047616,0.020764880202244967,0.018897420009183284,forced,21,gated,0,0.0,expC_intermediate,6,20,1.0,8,source-sep-noise-budget
1.0,1.0,0.9961500048637391,0.004461389229245228,20,500,21,1,0.00241519371047616,0.020764880202244967,0.018897420009183284,forced,22,gated,0,0.0,expC_intermediate,6,20,1.0,8,source-sep-noise-budget
1.0,1.0,0.9961500048637391,0.004461389229245228,20,500,21,1,0.00241519371047616,0.020764880202244967,0.018897420009183284,forced,23,gated,0,0.0,expC_intermediate,6,20,1.0,8,source-sep-noise-budget
1.0,1.0,0.9961500048637391,0.004461389229245228,20,500,21,1,0.00241519371047616,0.020764880202244967,0.018897420009183284,forced,31,gated,0,0.0,expC_intermediate,6,20,1.0,8,source-sep-noise-budget
1.0,1.0,0.9961500048637391,0.004461389229245228,20,500,21,1,0.00241519371047616,0.020764880202244967,0.018897420009183284,forced,41,gated,0,0.0,expC_intermediate,6,20,1.0,8,source-sep-noise-budget
0.34062501788139343,0.2593750059604645,0.2620750051438808,0.012956321786222922,20,500,26,6,1.675445795059204,1.7517393848896026,0.026643840452805125,forced,10,gated,5,0.25,expC_intermediate,6,4,0.2,8,source-sep-noise-budget
0.96875,0.940625011920929,0.9476312617063523,0.005302776749249974,20,500,26,6,0.08437816798686981,0.12556060846149922,0.01872881602839138,forced,20,gated,5,0.25,expC_intermediate,6,14,0.7,8,source-sep-noise-budget
0.8812500238418579,0.856249988079071,0.8578875111341476,0.006752764426700498,20,500,26,6,0.23304755985736847,0.27749043038487436,0.016324811036776216,forced,24,gated,5,0.25,expC_intermediate,6,18,0.9,8,source-sep-noise-budget
0.9937500357627869,0.9750000238418579,0.9664187605381012,0.00875082824531904,20,500,26,6,0.041857313364744186,0.08650636269152165,0.017551048029662515,forced,25,gated,5,0.25,expC_intermediate,6,19,0.95,8,source-sep-noise-budget
0.9625000357627869,0.953125,0.9497062590122223,0.004789676764367441,20,500,26,6,0.07548476755619049,0.11141026937961579,0.0175562659910567,forced,26,gated,5,0.25,expC_intermediate,6,20,1.0,8,source-sep-noise-budget
0.9625000357627869,0.953125,0.9497062590122223,0.004789676764367441,20,500,26,6,0.07548476755619049,0.11141026937961579,0.0175562659910567,forced,27,gated,5,0.25,expC_intermediate,6,20,1.0,8,source-sep-noise-budget
0.9625000357627869,0.953125,0.9497062590122223,0.004789676764367441,20,500,26,6,0.07548476755619049,0.11141026937961579,0.0175562659910567,forced,28,gated,5,0.25,expC_intermediate,6,20,1.0,8,source-sep-noise-budget
0.9625000357627869,0.953125,0.9497062590122223,0.004789676764367441,20,500,26,6,0.07548476755619049,0.11141026937961579,0.0175562659910567,forced,36,gated,5,0.25,expC_intermediate,6,20,1.0,8,source-sep-noise-budget
0.9625000357627869,0.953125,0.9497062590122223,0.004789676764367441,20,500,26,6,0.07548476755619049,0.11141026937961579,0.0175562659910567,forced,46,gated,5,0.25,expC_intermediate,6,20,1.0,8,source-sep-noise-budget
0.34687501192092896,0.28437501192092896,0.29504375660419463,0.012823396402291154,20,500,31,11,1.7634496688842773,1.8302830257415772,0.023369705182004995,forced,10,gated,10,0.5,expC_intermediate,6,0,0.0,8,source-sep-noise-budget
0.53125,0.49687501788139343,0.49340000879764556,0.01150384658930599,20,500,31,11,1.0536376237869263,1.1273899638652802,0.025647052742415213,forced,20,gated,10,0.5,expC_intermediate,6,9,0.45,8,source-sep-noise-budget
0.940625011920929,0.9156250357627869,0.9178250111341476,0.008814707916197394,20,500,31,11,0.1595526933670044,0.2011089299917221,0.018002855018767173,forced,29,gated,10,0.5,expC_intermediate,6,18,0.9,8,source-sep-noise-budget
0.9906250238418579,0.9750000238418579,0.9660125102996826,0.008127779374277416,20,500,31,11,0.04831550270318985,0.08805059687048197,0.016749337282839723,forced,30,gated,10,0.5,expC_intermediate,6,19,0.95,8,source-sep-noise-budget
1.0,1.0,0.9978500020503998,0.002778705584570776,20,500,31,11,0.0010620561661198735,0.011596565849147738,0.01107453779932463,forced,31,gated,10,0.5,expC_intermediate,6,20,1.0,8,source-sep-noise-budget
1.0,1.0,0.9978500020503998,0.002778705584570776,20,500,31,11,0.0010620561661198735,0.011596565849147738,0.01107453779932463,forced,32,gated,10,0.5,expC_intermediate,6,20,1.0,8,source-sep-noise-budget
1.0,1.0,0.9978500020503998,0.002778705584570776,20,500,31,11,0.0010620561661198735,0.011596565849147738,0.01107453779932463,forced,33,gated,10,0.5,expC_intermediate,6,20,1.0,8,source-sep-noise-budget
1.0,1.0,0.9978500020503998,0.002778705584570776,20,500,31,11,0.0010620561661198735,0.011596565849147738,0.01107453779932463,forced,41,gated,10,0.5,expC_intermediate,6,20,1.0,8,source-sep-noise-budget
1.0,1.0,0.9978500020503998,0.002778705584570776,20,500,31,11,0.0010620561661198735,0.011596565849147738,0.01107453779932463,forced,51,gated,10,0.5,expC_intermediate,6,20,1.0,8,source-sep-noise-budget
0.15312500298023224,0.13437500596046448,0.1095562515258789,0.012961269012319615,20,500,36,16,2.672362804412842,2.7330084652900695,0.02359925092735298,forced,10,gated,15,0.75,expC_intermediate,6,0,0.0,8,source-sep-noise-budget
0.38750001788139343,0.3187499940395355,0.317218755364418,0.013168787906997277,20,500,36,16,1.691955327987671,1.77455362200737,0.027941704246042285,forced,20,gated,15,0.75,expC_intermediate,6,4,0.2,8,source-sep-noise-budget
0.940625011920929,0.909375011920929,0.9180312615633011,0.008021637079880245,20,500,36,16,0.15768398344516754,0.20073752427101135,0.01870336082782475,forced,34,gated,15,0.75,expC_intermediate,6,18,0.9,8,source-sep-noise-budget
0.987500011920929,0.96875,0.9644687628746033,0.007557785477922364,20,500,36,16,0.05859927460551262,0.09383640138804912,0.018190992023667266,forced,35,gated,15,0.75,expC_intermediate,6,19,0.95,8,source-sep-noise-budget
1.0,0.9906250238418579,0.9967062536478043,0.0036538148107986917,20,500,36,16,0.0019529465353116393,0.017149027339881287,0.015596714584191472,forced,36,gated,15,0.75,expC_intermediate,6,20,1.0,8,source-sep-noise-budget
1.0,0.9906250238418579,0.9967062536478043,0.0036538148107986917,20,500,36,16,0.0019529465353116393,0.017149027339881287,0.015596714584191472,forced,37,gated,15,0.75,expC_intermediate,6,20,1.0,8,source-sep-noise-budget
1.0,0.9906250238418579,0.9967062536478043,0.0036538148107986917,20,500,36,16,0.0019529465353116393,0.017149027339881287,0.015596714584191472,forced,38,gated,15,0.75,expC_intermediate,6,20,1.0,8,source-sep-noise-budget
1.0,0.9906250238418579,0.9967062536478043,0.0036538148107986917,20,500,36,16,0.0019529465353116393,0.017149027339881287,0.015596714584191472,forced,46,gated,15,0.75,expC_intermediate,6,20,1.0,8,source-sep-noise-budget
1.0,0.9906250238418579,0.9967062536478043,0.0036538148107986917,20,500,36,16,0.0019529465353116393,0.017149027339881287,0.015596714584191472,forced,56,gated,15,0.75,expC_intermediate,6,20,1.0,8,source-sep-noise-budget
0.09687500447034836,0.05625000223517418,0.05096875094249845,0.012029383258833503,20,500,41,21,2.984062671661377,2.997796889781952,0.0034770045530652925,forced,10,gated,20,1.0,expC_intermediate,6,0,0.0,8,source-sep-noise-budget
0.37812501192092896,0.3531250059604645,0.33419375616312025,0.011079715998467663,20,500,41,21,2.0168557167053223,2.0434663562774658,0.012102107672311907,forced,20,gated,20,1.0,expC_intermediate,6,0,0.0,8,source-sep-noise-budget
0.9375,0.9156250357627869,0.9146187623739243,0.00869531790754459,20,500,41,21,0.1601559966802597,0.20467875283956527,0.018915228251606072,forced,39,gated,20,1.0,expC_intermediate,6,18,0.9,8,source-sep-noise-budget
0.987500011920929,0.9750000238418579,0.9649312624931335,0.00757560604650424,20,500,41,21,0.05317079275846481,0.08888987962901593,0.016649650413526278,forced,40,gated,20,1.0,expC_intermediate,6,19,0.95,8,source-sep-noise-budget
1.0,1.0,0.9968187531232834,0.0034709593527687704,20,500,41,21,0.0017742214258760214,0.015913575450424104,0.013852012362813753,forced,41,gated,20,1.0,expC_intermediate,6,20,1.0,8,source-sep-noise-budget
1.0,1.0,0.9968187531232834,0.0034709593527687704,20,500,41,21,0.0017742214258760214,0.015913575450424104,0.013852012362813753,forced,42,gated,20,1.0,expC_intermediate,6,20,1.0,8,source-sep-noise-budget
1.0,1.0,0.9968187531232834,0.0034709593527687704,20,500,41,21,0.0017742214258760214,0.015913575450424104,0.013852012362813753,forced,43,gated,20,1.0,expC_intermediate,6,20,1.0,8,source-sep-noise-budget
1.0,1.0,0.9968187531232834,0.0034709593527687704,20,500,41,21,0.0017742214258760214,0.015913575450424104,0.013852012362813753,forced,51,gated,20,1.0,expC_intermediate,6,20,1.0,8,source-sep-noise-budget
1.0,1.0,0.9968187531232834,0.0034709593527687704,20,500,41,21,0.0017742214258760214,0.015913575450424104,0.013852012362813753,forced,61,gated,20,1.0,expC_intermediate,6,20,1.0,8,source-sep-noise-budget
0.5718750357627869,0.5406250357627869,0.529487512588501,0.010242139355977481,40,500,21,1,0.9114559888839722,0.975420108795166,0.021898154989062286,forced,10,gated,0,0.0,expC_intermediate,6,9,0.45,8,source-sep-noise-budget
0.9437500238418579,0.921875,0.9191937617063523,0.009075333719119507,40,500,21,1,0.15359826385974884,0.20095390257239343,0.021346640814690874,forced,19,gated,0,0.0,expC_intermediate,6,18,0.9,8,source-sep-noise-budget
0.984375,0.9781250357627869,0.9646187607049942,0.008210081692457788,40,500,21,1,0.052760135382413864,0.09405626872181892,0.019075885606932536,forced,20,gated,0,0.0,expC_intermediate,6,19,0.95,8,source-sep-noise-budget
1.0,1.0,0.9966562526226044,0.0036831203148734123,40,500,21,1,0.001953942235559225,0.017829090144019573,0.01649013743849772,forced,21,gated,0,0.0,expC_intermediate,6,20,1.0,8,source-sep-noise-budget
1.0,1.0,0.9966562526226044,0.0036831203148734123,40,500,21,1,0.001953942235559225,0.017829090144019573,0.01649013743849772,forced,22,gated,0,0.0,expC_intermediate,6,20,1.0,8,source-sep-noise-budget
1.0,1.0,0.9966562526226044,0.0036831203148734123,40,500,21,1,0.001953942235559225,0.017829090144019573,0.01649013743849772,forced,23,gated,0,0.0,expC_intermediate,6,20,1.0,8,source-sep-noise-budget
1.0,1.0,0.9966562526226044,0.0036831203148734123,40,500,21,1,0.001953942235559225,0.017829090144019573,0.01649013743849772,forced,31,gated,0,0.0,expC_intermediate,6,20,1.0,8,source-sep-noise-budget
1.0,1.0,0.9966562526226044,0.0036831203148734123,40,500,21,1,0.001953942235559225,0.017829090144019573,0.01649013743849772,forced,41,gated,0,0.0,expC_intermediate,6,20,1.0,8,source-sep-noise-budget
0.42500001192092896,0.4124999940395355,0.3850937558412552,0.011252213109741794,40,500,31,11,1.5682406425476074,1.6281855742931366,0.021401337758752303,forced,10,gated,10,0.25,expC_intermediate,6,0,0.0,8,source-sep-noise-budget
0.534375011920929,0.49687501788139343,0.48839375722408296,0.01112614475938816,40,500,31,11,1.0499883890151978,1.1168477449417114,0.023406471687074937,forced,20,gated,10,0.25,expC_intermediate,6,9,0.45,8,source-sep-noise-budget
0.9437500238418579,0.9156250357627869,0.9201250118017197,0.008806957224815854,40,500,31,11,0.14893007278442383,0.19559972456097602,0.020078081862069688,forced,29,gated,10,0.25,expC_intermediate,6,18,0.9,8,source-sep-noise-budget
0.987500011920929,0.9625000357627869,0.9646625133752823,0.008708120537942683,40,500,31,11,0.046377453953027725,0.09437046770751477,0.0202753129978901,forced,30,gated,10,0.25,expC_intermediate,6,19,0.95,8,source-sep-noise-budget
1.0,0.996874988079071,0.9968000037670135,0.0035402505336957764,40,500,31,11,0.0019704471342265606,0.016743366700597107,0.014537648236185361,forced,31,gated,10,0.25,expC_intermediate,6,20,1.0,8,source-sep-noise-budget
1.0,0.996874988079071,0.9968000037670135,0.0035402505336957764,40,500,31,11,0.0019704471342265606,0.016743366700597107,0.014537648236185361,forced,32,gated,10,0.25,expC_intermediate,6,20,1.0,8,source-sep-noise-budget
1.0,0.996874988079071,0.9968000037670135,0.0035402505336957764,40,500,31,11,0.0019704471342265606,0.016743366700597107,0.014537648236185361,forced,33,gated,10,0.25,expC_intermediate,6,20,1.0,8,source-sep-noise-budget
1.0,0.996874988079071,0.9968000037670135,0.0035402505336957764,40,500,31,11,0.0019704471342265606,0.016743366700597107,0.014537648236185361,forced,41,gated,10,0.25,expC_intermediate,6,20,1.0,8,source-sep-noise-budget
1.0,0.996874988079071,0.9968000037670135,0.0035402505336957764,40,500,31,11,0.0019704471342265606,0.016743366700597107,0.014537648236185361,forced,51,gated,10,0.25,expC_intermediate,6,20,1.0,8,source-sep-noise-budget
0.09375,0.02812500111758709,0.05028750084713102,0.012452854927578716,40,500,41,21,2.9795029163360596,2.99770849609375,0.003601419709894585,forced,10,gated,20,0.5,expC_intermediate,6,0,0.0,8,source-sep-noise-budget
0.47187501192092896,0.4312500059604645,0.4293500066995621,0.011661877595782567,40,500,41,21,1.4540388584136963,1.5139302697181702,0.019668110187026022,forced,20,gated,20,0.5,expC_intermediate,6,0,0.0,8,source-sep-noise-budget
0.8968750238418579,0.8812500238418579,0.8683500125408172,0.010131756926122787,40,500,41,21,0.22343933582305908,0.26749907073378565,0.018776583398543222,forced,39,gated,20,0.5,expC_intermediate,6,18,0.9,8,source-sep-noise-budget
0.949999988079071,0.925000011920929,0.9232687610387802,0.0092507830827031,40,500,41,21,0.11841008812189102,0.15821165688335895,0.01874335769969486,forced,40,gated,20,0.5,expC_intermediate,6,19,0.95,8,source-sep-noise-budget
0.9625000357627869,0.9375,0.9499750075340271,0.004419341554970454,40,500,41,21,0.06942353397607803,0.09808525277674199,0.014226903961024186,forced,41,gated,20,0.5,expC_intermediate,6,20,1.0,8,source-sep-noise-budget
0.9625000357627869,0.9375,0.9499750075340271,0.004419341554970454,40,500,41,21,0.06942353397607803,0.09808525277674199,0.014226903961024186,forced,42,gated,20,0.5,expC_intermediate,6,20,1.0,8,source-sep-noise-budget
0.9625000357627869,0.9375,0.9499750075340271,0.004419341554970454,40,500,41,21,0.06942353397607803,0.09808525277674199,0.014226903961024186,forced,43,gated,20,0.5,expC_intermediate,6,20,1.0,8,source-sep-noise-budget
0.9625000357627869,0.9375,0.9499750075340271,0.004419341554970454,40,500,41,21,0.06942353397607803,0.09808525277674199,0.014226903961024186,forced,51,gated,20,0.5,expC_intermediate,6,20,1.0,8,source-sep-noise-budget
0.9625000357627869,0.9375,0.9499750075340271,0.004419341554970454,40,500,41,21,0.06942353397607803,0.09808525277674199,0.014226903961024186,forced,61,gated,20,0.5,expC_intermediate,6,20,1.0,8,source-sep-noise-budget
0.09687500447034836,0.03437500074505806,0.05048750087246299,0.012180151780757703,40,500,51,31,2.9822068214416504,2.9976886501312254,0.0035691607794833486,forced,10,gated,30,0.75,expC_intermediate,6,0,0.0,8,source-sep-noise-budget
0.10000000149011612,0.03750000149011612,0.05013125089555979,0.012087020162287227,40,500,51,31,2.980754852294922,2.9977343516349793,0.003624521729579208,forced,20,gated,30,0.75,expC_intermediate,6,0,0.0,8,source-sep-noise-budget
0.9156250357627869,0.887499988079071,0.8966312626600266,0.006866411712058586,40,500,51,31,0.1539929211139679,0.20648838260769845,0.021611834746094752,forced,49,gated,30,0.75,expC_intermediate,6,18,0.9,8,source-sep-noise-budget
0.9937500357627869,0.9593750238418579,0.9629562618732452,0.009029402069577079,40,500,51,31,0.04885367304086685,0.09299685636907816,0.022332269886992256,forced,50,gated,30,0.75,expC_intermediate,6,19,0.95,8,source-sep-noise-budget
1.0,1.0,0.9965187544822693,0.0034756367249751605,40,500,51,31,0.0018745530396699905,0.01798299613688141,0.014531164181159378,forced,51,gated,30,0.75,expC_intermediate,6,20,1.0,8,source-sep-noise-budget
1.0,1.0,0.9965187544822693,0.0034756367249751605,40,500,51,31,0.0018745530396699905,0.01798299613688141,0.014531164181159378,forced,52,gated,30,0.75,expC_intermediate,6,20,1.0,8,source-sep-noise-budget
1.0,1.0,0.9965187544822693,0.0034756367249751605,40,500,51,31,0.0018745530396699905,0.01798299613688141,0.014531164181159378,forced,53,gated,30,0.75,expC_intermediate,6,20,1.0,8,source-sep-noise-budget
1.0,1.0,0.9965187544822693,0.0034756367249751605,40,500,51,31,0.0018745530396699905,0.01798299613688141,0.014531164181159378,forced,61,gated,30,0.75,expC_intermediate,6,20,1.0,8,source-sep-noise-budget
1.0,1.0,0.9965187544822693,0.0034756367249751605,40,500,51,31,0.0018745530396699905,0.01798299613688141,0.014531164181159378,forced,71,gated,30,0.75,expC_intermediate,6,20,1.0,8,source-sep-noise-budget
0.10000000149011612,0.05625000223517418,0.050056251011788844,0.011960904965028716,40,500,61,41,2.982286214828491,2.997703703403473,0.003593010816591289,forced,10,gated,40,1.0,expC_intermediate,6,0,0.0,8,source-sep-noise-budget
0.09375,0.05312500149011612,0.05005625093355775,0.011988632538858865,40,500,61,41,2.982452869415283,2.997714011192322,0.003620229661436522,forced,20,gated,40,1.0,expC_intermediate,6,0,0.0,8,source-sep-noise-budget
0.9437500238418579,0.925000011920929,0.9177750115394592,0.009127278672348027,40,500,61,41,0.13987740874290466,0.19057641860842706,0.018087779753751938,forced,59,gated,40,1.0,expC_intermediate,6,18,0.9,8,source-sep-noise-budget
0.9906250238418579,0.9593750238418579,0.9643375105857849,0.009199532587694443,40,500,61,41,0.04729480668902397,0.09063419958949089,0.020825068711081765,forced,60,gated,40,1.0,expC_intermediate,6,19,0.95,8,source-sep-noise-budget
1.0,1.0,0.9965312540531158,0.003974889011564891,40,500,61,41,0.001819448545575142,0.017929988276213407,0.017178929638454687,forced,61,gated,40,1.0,expC_intermediate,6,20,1.0,8,source-sep-noise-budget
1.0,1.0,0.9965312540531158,0.003974889011564891,40,500,61,41,0.001819448545575142,0.017929988276213407,0.017178929638454687,forced,62,gated,40,1.0,expC_intermediate,6,20,1.0,8,source-sep-noise-budget
1.0,1.0,0.9965312540531158,0.003974889011564891,40,500,61,41,0.001819448545575142,0.017929988276213407,0.017178929638454687,forced,63,gated,40,1.0,expC_intermediate,6,20,1.0,8,source-sep-noise-budget
1.0,1.0,0.9965312540531158,0.003974889011564891,40,500,61,41,0.001819448545575142,0.017929988276213407,0.017178929638454687,forced,71,gated,40,1.0,expC_intermediate,6,20,1.0,8,source-sep-noise-budget
1.0,1.0,0.9965312540531158,0.003974889011564891,40,500,61,41,0.001819448545575142,0.017929988276213407,0.017178929638454687,forced,81,gated,40,1.0,expC_intermediate,6,20,1.0,8,source-sep-noise-budget
0.5718750357627869,0.528124988079071,0.52981251257658,0.010656386974102976,80,500,21,1,0.8931034207344055,0.9669000129699707,0.02265922783791368,forced,10,gated,0,0.0,expC_intermediate,6,9,0.45,8,source-sep-noise-budget
0.9625000357627869,0.9437500238418579,0.9437375122308731,0.006302887683040502,80,500,21,1,0.08752002567052841,0.13346110577881337,0.020390272605286013,forced,19,gated,0,0.0,expC_intermediate,6,18,0.9,8,source-sep-noise-budget
0.9906250238418579,0.981249988079071,0.966000011920929,0.008547660306892652,80,500,21,1,0.05091177672147751,0.0902678043693304,0.021810938734406878,forced,20,gated,0,0.0,expC_intermediate,6,19,0.95,8,source-sep-noise-budget
1.0,1.0,0.9966062539815903,0.003544633377736513,80,500,21,1,0.0021280820947140455,0.01793182277586311,0.015114446882701147,forced,21,gated,0,0.0,expC_intermediate,6,20,1.0,8,source-sep-noise-budget
1.0,1.0,0.9966062539815903,0.003544633377736513,80,500,21,1,0.0021280820947140455,0.01793182277586311,0.015114446882701147,forced,22,gated,0,0.0,expC_intermediate,6,20,1.0,8,source-sep-noise-budget
1.0,1.0,0.9966062539815903,0.003544633377736513,80,500,21,1,0.0021280820947140455,0.01793182277586311,0.015114446882701147,forced,23,gated,0,0.0,expC_intermediate,6,20,1.0,8,source-sep-noise-budget
1.0,1.0,0.9966062539815903,0.003544633377736513,80,500,21,1,0.0021280820947140455,0.01793182277586311,0.015114446882701147,forced,31,gated,0,0.0,expC_intermediate,6,20,1.0,8,source-sep-noise-budget
1.0,1.0,0.9966062539815903,0.003544633377736513,80,500,21,1,0.0021280820947140455,0.01793182277586311,0.015114446882701147,forced,41,gated,0,0.0,expC_intermediate,6,20,1.0,8,source-sep-noise-budget
0.09375,0.04374999925494194,0.05060000095516443,0.012378762314709961,80,500,41,21,2.9791839122772217,2.99789493894577,0.0038225957462578296,forced,10,gated,20,0.25,expC_intermediate,6,0,0.0,8,source-sep-noise-budget
0.3812499940395355,0.3531250059604645,0.3473187557458878,0.01127853794186527,80,500,41,21,1.8534791469573975,1.9194455704689026,0.020837377501336005,forced,20,gated,20,0.25,expC_intermediate,6,0,0.0,8,source-sep-noise-budget
0.965624988079071,0.940625011920929,0.9437562639713287,0.0066335403874900455,80,500,41,21,0.08808326721191406,0.13713379257917405,0.02096326314888549,forced,39,gated,20,0.25,expC_intermediate,6,18,0.9,8,source-sep-noise-budget
0.987500011920929,0.9781250357627869,0.9677062616348266,0.008451634356504761,80,500,41,21,0.04908144101500511,0.08692617014795542,0.01982946998248948,forced,40,gated,20,0.25,expC_intermediate,6,19,0.95,8,source-sep-noise-budget
1.0,0.9937500357627869,0.9618875102996827,0.020256551879494086,80,500,41,21,0.0034716669470071793,0.08156110202893614,0.0379394918032228,forced,41,gated,20,0.25,expC_intermediate,6,20,1.0,8,source-sep-noise-budget
1.0,0.9937500357627869,0.9618875102996827,0.020256551879494086,80,500,41,21,0.0034716669470071793,0.08156110202893614,0.0379394918032228,forced,42,gated,20,0.25,expC_intermediate,6,20,1.0,8,source-sep-noise-budget
1.0,0.9937500357627869,0.9618875102996827,0.020256551879494086,80,500,41,21,0.0034716669470071793,0.08156110202893614,0.0379394918032228,forced,43,gated,20,0.25,expC_intermediate,6,20,1.0,8,source-sep-noise-budget
1.0,0.9937500357627869,0.9618875102996827,0.020256551879494086,80,500,41,21,0.0034716669470071793,0.08156110202893614,0.0379394918032228,forced,51,gated,20,0.25,expC_intermediate,6,20,1.0,8,source-sep-noise-budget
1.0,0.9937500357627869,0.9618875102996827,0.020256551879494086,80,500,41,21,0.0034716669470071793,0.08156110202893614,0.0379394918032228,forced,61,gated,20,0.25,expC_intermediate,6,20,1.0,8,source-sep-noise-budget
0.09375,0.05000000074505806,0.05097500075399876,0.011949869338940131,80,500,61,41,2.9826314449310303,2.997800069332123,0.003752996200387683,forced,10,gated,40,0.5,expC_intermediate,6,0,0.0,8,source-sep-noise-budget
0.09375,0.05000000074505806,0.05073750087991357,0.01219483133579164,80,500,61,41,2.982936143875122,2.9980190634727477,0.003967145200954272,forced,20,gated,40,0.5,expC_intermediate,6,0,0.0,8,source-sep-noise-budget
0.8812500238418579,0.84375,0.8464312618970871,0.01573890770643154,80,500,61,41,0.264016717672348,0.32259546864032745,0.023741606000729488,forced,59,gated,40,0.5,expC_intermediate,6,18,0.9,8,source-sep-noise-budget
0.9750000238418579,0.9625000357627869,0.953337512254715,0.0071693904785366,80,500,61,41,0.06711722165346146,0.10672055144608021,0.01776366891228788,forced,60,gated,40,0.5,expC_intermediate,6,19,0.95,8,source-sep-noise-budget
1.0,1.0,0.9953937574625015,0.004469204183123651,80,500,61,41,0.002277811523526907,0.022864882527384906,0.01781344153602888,forced,61,gated,40,0.5,expC_intermediate,6,20,1.0,8,source-sep-noise-budget
1.0,1.0,0.9953937574625015,0.004469204183123651,80,500,61,41,0.002277811523526907,0.022864882527384906,0.01781344153602888,forced,62,gated,40,0.5,expC_intermediate,6,20,1.0,8,source-sep-noise-budget
1.0,1.0,0.9953937574625015,0.004469204183123651,80,500,61,41,0.002277811523526907,0.022864882527384906,0.01781344153602888,forced,63,gated,40,0.5,expC_intermediate,6,20,1.0,8,source-sep-noise-budget
1.0,1.0,0.9953937574625015,0.004469204183123651,80,500,61,41,0.002277811523526907,0.022864882527384906,0.01781344153602888,forced,71,gated,40,0.5,expC_intermediate,6,20,1.0,8,source-sep-noise-budget
1.0,1.0,0.9953937574625015,0.004469204183123651,80,500,61,41,0.002277811523526907,0.022864882527384906,0.01781344153602888,forced,81,gated,40,0.5,expC_intermediate,6,20,1.0,8,source-sep-noise-budget
0.09687500447034836,0.04062500223517418,0.05073125084117055,0.012822116972043133,80,500,81,61,2.9824318885803223,2.9979272952079774,0.003873784262298361,forced,10,gated,60,0.75,expC_intermediate,6,0,0.0,8,source-sep-noise-budget
0.09062500298023224,0.05312500149011612,0.05052500086650252,0.012596415793642181,80,500,81,61,2.9836578369140625,2.997930571556091,0.0038862050312653425,forced,20,gated,60,0.75,expC_intermediate,6,0,0.0,8,source-sep-noise-budget
0.9437500238418579,0.925000011920929,0.9170687620639801,0.009462382427901738,80,500,81,61,0.14642594754695892,0.19699540674686433,0.0216111516559213,forced,79,gated,60,0.75,expC_intermediate,6,18,0.9,8,source-sep-noise-budget
0.971875011920929,0.953125,0.9507937588691712,0.005453534252172127,80,500,81,61,0.0680549368262291,0.10798374009132385,0.016489856315263614,forced,80,gated,60,0.75,expC_intermediate,6,19,0.95,8,source-sep-noise-budget
1.0,0.996874988079071,0.9961875046491623,0.0039374916913311195,80,500,81,61,0.0016011048574000597,0.019709795370232312,0.016406714585705615,forced,81,gated,60,0.75,expC_intermediate,6,20,1.0,8,source-sep-noise-budget
1.0,0.996874988079071,0.9961875046491623,0.0039374916913311195,80,500,81,61,0.0016011048574000597,0.019709795370232312,0.016406714585705615,forced,82,gated,60,0.75,expC_intermediate,6,20,1.0,8,source-sep-noise-budget
1.0,0.996874988079071,0.9961875046491623,0.0039374916913311195,80,500,81,61,0.0016011048574000597,0.019709795370232312,0.016406714585705615,forced,83,gated,60,0.75,expC_intermediate,6,20,1.0,8,source-sep-noise-budget
1.0,0.996874988079071,0.9961875046491623,0.0039374916913311195,80,500,81,61,0.0016011048574000597,0.019709795370232312,0.016406714585705615,forced,91,gated,60,0.75,expC_intermediate,6,20,1.0,8,source-sep-noise-budget
1.0,0.996874988079071,0.9961875046491623,0.0039374916913311195,80,500,81,61,0.0016011048574000597,0.019709795370232312,0.016406714585705615,forced,101,gated,60,0.75,expC_intermediate,6,20,1.0,8,source-sep-noise-budget
0.09687500447034836,0.05625000223517418,0.05022500084713102,0.012205442157150723,80,500,101,81,2.9843475818634033,2.9980666542053225,0.0038177456878450574,forced,10,gated,80,1.0,expC_intermediate,6,0,0.0,8,source-sep-noise-budget
0.10000000149011612,0.05625000223517418,0.050518750881776216,0.01240213430746469,80,500,101,81,2.9826741218566895,2.998222620010376,0.003987222617949226,forced,20,gated,80,1.0,expC_intermediate,6,0,0.0,8,source-sep-noise-budget
0.949999988079071,0.9312500357627869,0.9208125121593476,0.009507602763013191,80,500,101,81,0.14328286051750183,0.192012524664402,0.021651432382068556,forced,99,gated,80,1.0,expC_intermediate,6,18,0.9,8,source-sep-noise-budget
0.981249988079071,0.9625000357627869,0.960356262087822,0.008440626398309146,80,500,101,81,0.05691175535321236,0.09848009534925223,0.019145983051748063,forced,100,gated,80,1.0,expC_intermediate,6,19,0.95,8,source-sep-noise-budget
1.0,0.996874988079071,0.996543754696846,0.003626558260524699,80,500,101,81,0.002042134990915656,0.01769250834407285,0.014801661222442912,forced,101,gated,80,1.0,expC_intermediate,6,20,1.0,8,source-sep-noise-budget
1.0,0.996874988079071,0.996543754696846,0.003626558260524699,80,500,101,81,0.002042134990915656,0.01769250834407285,0.014801661222442912,forced,102,gated,80,1.0,expC_intermediate,6,20,1.0,8,source-sep-noise-budget
1.0,0.996874988079071,0.996543754696846,0.003626558260524699,80,500,101,81,0.002042134990915656,0.01769250834407285,0.014801661222442912,forced,103,gated,80,1.0,expC_intermediate,6,20,1.0,8,source-sep-noise-budget
1.0,0.996874988079071,0.996543754696846,0.003626558260524699,80,500,101,81,0.002042134990915656,0.01769250834407285,0.014801661222442912,forced,111,gated,80,1.0,expC_intermediate,6,20,1.0,8,source-sep-noise-budget
1.0,0.996874988079071,0.996543754696846,0.003626558260524699,80,500,101,81,0.002042134990915656,0.01769250834407285,0.014801661222442912,forced,121,gated,80,1.0,expC_intermediate,6,20,1.0,8,source-sep-noise-budget
