acc_best,acc_last,acc_mean_tail,acc_std_tail,delay_len,eval_tail,expected_boundary,loss_best,loss_mean_tail,loss_std_tail,mask_mode,max_mem,model,noise_write_budget,phase,seed,task,theoretical_retained_source,theoretical_source_retention_ratio,window_size,write_mode
0.871874988079071,0.828125,0.8389062626361847,0.01073086063391478,20,500,20,0.2850072979927063,0.3495858612656593,0.020322072675920493,forced,10,naive,,expD_symbolic_kv,0,symbolic_key_value_retrieval,10,0.5,8,source-only
0.949999988079071,0.9125000238418579,0.9193687617778779,0.008290853212075044,20,500,20,0.10002477467060089,0.14292740739881993,0.01241506752790033,forced,15,naive,,expD_symbolic_kv,0,symbolic_key_value_retrieval,15,0.75,8,source-only
1.0,1.0,0.9999249997138977,0.0004782799862291205,20,500,20,1.0298729648638982e-05,0.00046590438180101046,0.002532517281569998,forced,20,naive,,expD_symbolic_kv,0,symbolic_key_value_retrieval,20,1.0,8,source-only
1.0,1.0,0.9999249997138977,0.0004782799862291205,20,500,20,1.0298729648638982e-05,0.00046590438180101046,0.002532517281569998,forced,25,naive,,expD_symbolic_kv,0,symbolic_key_value_retrieval,20,1.0,8,source-only
1.0,1.0,0.9999249997138977,0.0004782799862291205,20,500,20,1.0298729648638982e-05,0.00046590438180101046,0.002532517281569998,forced,30,naive,,expD_symbolic_kv,0,symbolic_key_value_retrieval,20,1.0,8,source-only
0.3843750059604645,0.3218750059604645,0.31765625566244127,0.018991029525290876,20,500,41,1.4656915664672852,1.509597384929657,0.012109417989063745,forced,10,naive,,expD_symbolic_kv,0,symbolic_key_value_retrieval,0,0.0,8,prefix-all
0.45625001192092896,0.4124999940395355,0.40564375567436217,0.017502333386616144,20,500,41,1.23456609249115,1.313462264060974,0.0231728040254462,forced,20,naive,,expD_symbolic_kv,0,symbolic_key_value_retrieval,0,0.0,8,prefix-all
0.949999988079071,0.9312500357627869,0.9190625119209289,0.008304507354995752,20,500,41,0.10348685830831528,0.14288069708645343,0.01311835583498613,forced,39,naive,,expD_symbolic_kv,0,symbolic_key_value_retrieval,18,0.9,8,prefix-all
0.8812500238418579,0.8531250357627869,0.8505687628984451,0.00877278142461411,20,500,41,0.26272979378700256,0.3175512731075287,0.015580309871110858,forced,40,naive,,expD_symbolic_kv,0,symbolic_key_value_retrieval,19,0.95,8,prefix-all
0.9156250357627869,0.887499988079071,0.8849312624931336,0.008573165890659522,20,500,41,0.18335892260074615,0.22655463123321534,0.013468269809817846,forced,41,naive,,expD_symbolic_kv,0,symbolic_key_value_retrieval,20,1.0,8,prefix-all
0.9156250357627869,0.887499988079071,0.8849312624931336,0.008573165890659522,20,500,41,0.18335892260074615,0.22655463123321534,0.013468269809817846,forced,42,naive,,expD_symbolic_kv,0,symbolic_key_value_retrieval,20,1.0,8,prefix-all
0.9156250357627869,0.887499988079071,0.8849312624931336,0.008573165890659522,20,500,41,0.18335892260074615,0.22655463123321534,0.013468269809817846,forced,43,naive,,expD_symbolic_kv,0,symbolic_key_value_retrieval,20,1.0,8,prefix-all
0.9156250357627869,0.887499988079071,0.8849312624931336,0.008573165890659522,20,500,41,0.18335892260074615,0.22655463123321534,0.013468269809817846,forced,51,naive,,expD_symbolic_kv,0,symbolic_key_value_retrieval,20,1.0,8,prefix-all
0.9156250357627869,0.887499988079071,0.8849312624931336,0.008573165890659522,20,500,41,0.18335892260074615,0.22655463123321534,0.013468269809817846,forced,61,naive,,expD_symbolic_kv,0,symbolic_key_value_retrieval,20,1.0,8,prefix-all
1.0,1.0,0.9999249997138977,0.0004782799862291205,20,500,20,1.0298729648638982e-05,0.00046590438180101046,0.002532517281569998,forced,20,naive,0,expD_symbolic_kv,0,symbolic_key_value_retrieval,20,1.0,8,source-pinned-noise-fifo
0.9156250357627869,0.887499988079071,0.8845937612056732,0.008629245458697834,20,500,20,0.18255220353603363,0.22661243903636932,0.013419163024097534,forced,40,naive,20,expD_symbolic_kv,0,symbolic_key_value_retrieval,20,1.0,8,source-pinned-noise-fifo
0.9156250357627869,0.887499988079071,0.8845937612056732,0.008629245458697834,20,500,20,0.18255220353603363,0.22661243903636932,0.013419163024097534,forced,60,naive,40,expD_symbolic_kv,0,symbolic_key_value_retrieval,20,1.0,8,source-pinned-noise-fifo
0.9156250357627869,0.887499988079071,0.8845937612056732,0.008629245458697834,20,500,20,0.18255220353603363,0.22661243903636932,0.013419163024097534,forced,100,naive,80,expD_symbolic_kv,0,symbolic_key_value_retrieval,20,1.0,8,source-pinned-noise-fifo
0.8062500357627869,0.7718750238418579,0.7703812619447709,0.009823400255206715,40,500,20,0.4479919373989105,0.5203556627035141,0.01950317820591022,forced,10,naive,,expD_symbolic_kv,0,symbolic_key_value_retrieval,10,0.5,8,source-only
0.953125,0.918749988079071,0.9195250110626221,0.007584481943209797,40,500,20,0.09781718254089355,0.1406982116252184,0.010392282527936362,forced,15,naive,,expD_symbolic_kv,0,symbolic_key_value_retrieval,15,0.75,8,source-only
1.0,1.0,0.9999687498807908,0.00031093476021327353,40,500,20,1.3453134670271538e-05,0.00029715609824779675,0.002141300494555496,forced,20,naive,,expD_symbolic_kv,0,symbolic_key_value_retrieval,20,1.0,8,source-only
1.0,1.0,0.9999687498807908,0.00031093476021327353,40,500,20,1.3453134670271538e-05,0.00029715609824779675,0.002141300494555496,forced,25,naive,,expD_symbolic_kv,0,symbolic_key_value_retrieval,20,1.0,8,source-only
1.0,1.0,0.9999687498807908,0.00031093476021327353,40,500,20,1.3453134670271538e-05,0.00029715609824779675,0.002141300494555496,forced,30,naive,,expD_symbolic_kv,0,symbolic_key_value_retrieval,20,1.0,8,source-only
0.34375,0.25312501192092896,0.271393755286932,0.01727712057420986,40,500,61,1.641993761062622,1.6570178208351136,0.024681897143260145,forced,10,naive,,expD_symbolic_kv,0,symbolic_key_value_retrieval,0,0.0,8,prefix-all
0.3343749940395355,0.24687500298023224,0.27083750581741334,0.0174513214969227,40,500,61,1.6435333490371704,1.6545700380802155,0.001813703035340153,forced,20,naive,,expD_symbolic_kv,0,symbolic_key_value_retrieval,0,0.0,8,prefix-all
0.921875,0.893750011920929,0.8840125136375427,0.008773708996074348,40,500,61,0.16976261138916016,0.2291802609860897,0.014270430726460243,forced,59,naive,,expD_symbolic_kv,0,symbolic_key_value_retrieval,18,0.9,8,prefix-all
0.8843750357627869,0.8687500357627869,0.8413500121831894,0.01132706896224052,40,500,61,0.22627267241477966,0.29061786717176435,0.015616456237462443,forced,60,naive,,expD_symbolic_kv,0,symbolic_key_value_retrieval,19,0.95,8,prefix-all
1.0,1.0,0.999762499332428,0.0009176241399177381,40,500,61,2.7124269763589837e-05,0.001455660511081078,0.004502877831204272,forced,61,naive,,expD_symbolic_kv,0,symbolic_key_value_retrieval,20,1.0,8,prefix-all
1.0,1.0,0.999762499332428,0.0009176241399177381,40,500,61,2.7124269763589837e-05,0.001455660511081078,0.004502877831204272,forced,62,naive,,expD_symbolic_kv,0,symbolic_key_value_retrieval,20,1.0,8,prefix-all
1.0,1.0,0.999762499332428,0.0009176241399177381,40,500,61,2.7124269763589837e-05,0.001455660511081078,0.004502877831204272,forced,63,naive,,expD_symbolic_kv,0,symbolic_key_value_retrieval,20,1.0,8,prefix-all
1.0,1.0,0.999762499332428,0.0009176241399177381,40,500,61,2.7124269763589837e-05,0.001455660511081078,0.004502877831204272,forced,71,naive,,expD_symbolic_kv,0,symbolic_key_value_retrieval,20,1.0,8,prefix-all
1.0,1.0,0.999762499332428,0.0009176241399177381,40,500,61,2.7124269763589837e-05,0.001455660511081078,0.004502877831204272,forced,81,naive,,expD_symbolic_kv,0,symbolic_key_value_retrieval,20,1.0,8,prefix-all
1.0,1.0,0.9999687498807908,0.00031093476021327353,40,500,20,1.3453134670271538e-05,0.00029715609824779675,0.002141300494555496,forced,20,naive,0,expD_symbolic_kv,0,symbolic_key_value_retrieval,20,1.0,8,source-pinned-noise-fifo
1.0,1.0,0.9996687492132187,0.0010400395644030254,40,500,20,1.7055042917490937e-05,0.0021541831694266876,0.00582513571393901,forced,40,naive,20,expD_symbolic_kv,0,symbolic_key_value_retrieval,20,1.0,8,source-pinned-noise-fifo
0.9156250357627869,0.8968750238418579,0.8845750135183335,0.009257548922055858,40,500,20,0.1743181049823761,0.22723499464988708,0.013753204252320279,forced,60,naive,40,expD_symbolic_kv,0,symbolic_key_value_retrieval,20,1.0,8,source-pinned-noise-fifo
0.9156250357627869,0.8968750238418579,0.8845750135183335,0.009257548922055858,40,500,20,0.1743181049823761,0.22723499464988708,0.013753204252320279,forced,100,naive,80,expD_symbolic_kv,0,symbolic_key_value_retrieval,20,1.0,8,source-pinned-noise-fifo
0.887499988079071,0.862500011920929,0.8401625109910965,0.01006720358996592,80,500,20,0.2674943804740906,0.3480741168856621,0.01992996737553145,forced,10,naive,,expD_symbolic_kv,0,symbolic_key_value_retrieval,10,0.5,8,source-only
0.9468750357627869,0.9281250238418579,0.919356260061264,0.008062477903168998,80,500,20,0.10148821771144867,0.1409718921482563,0.010627250328262743,forced,15,naive,,expD_symbolic_kv,0,symbolic_key_value_retrieval,15,0.75,8,source-only
1.0,1.0,0.9998874995708465,0.0005821587718607545,80,500,20,1.0738849596236832e-05,0.0005986576689356298,0.0021549642257820195,forced,20,naive,,expD_symbolic_kv,0,symbolic_key_value_retrieval,20,1.0,8,source-only
1.0,1.0,0.9998874995708465,0.0005821587718607545,80,500,20,1.0738849596236832e-05,0.0005986576689356298,0.0021549642257820195,forced,25,naive,,expD_symbolic_kv,0,symbolic_key_value_retrieval,20,1.0,8,source-only
1.0,1.0,0.9998874995708465,0.0005821587718607545,80,500,20,1.0738849596236832e-05,0.0005986576689356298,0.0021549642257820195,forced,30,naive,,expD_symbolic_kv,0,symbolic_key_value_retrieval,20,1.0,8,source-only
0.34375,0.2750000059604645,0.27283750534057616,0.017369248805001177,80,500,101,1.6403772830963135,1.6545902051925658,0.0022377865895964345,forced,10,naive,,expD_symbolic_kv,0,symbolic_key_value_retrieval,0,0.0,8,prefix-all
0.34375,0.2718749940395355,0.27139375552535056,0.01813961915996321,80,500,101,1.6394859552383423,1.654490658044815,0.0020771699500781917,forced,20,naive,,expD_symbolic_kv,0,symbolic_key_value_retrieval,0,0.0,8,prefix-all
1.0,1.0,0.9999624998569488,0.00034026773773386217,80,500,101,1.32295026560314e-05,0.0003354098052423069,0.00235113735972148,forced,99,naive,,expD_symbolic_kv,0,symbolic_key_value_retrieval,18,0.9,8,prefix-all
0.918749988079071,0.8687500357627869,0.8765562617778778,0.010570631461155675,80,500,101,0.14578793942928314,0.2010295983850956,0.012424833590800996,forced,100,naive,,expD_symbolic_kv,0,symbolic_key_value_retrieval,19,0.95,8,prefix-all
0.9125000238418579,0.887499988079071,0.8753500118255615,0.010586076875353212,80,500,101,0.15475574135780334,0.20461037933826445,0.015732050635287955,forced,101,naive,,expD_symbolic_kv,0,symbolic_key_value_retrieval,20,1.0,8,prefix-all
0.9125000238418579,0.887499988079071,0.8753500118255615,0.010586076875353212,80,500,101,0.15475574135780334,0.20461037933826445,0.015732050635287955,forced,102,naive,,expD_symbolic_kv,0,symbolic_key_value_retrieval,20,1.0,8,prefix-all
0.9125000238418579,0.887499988079071,0.8753500118255615,0.010586076875353212,80,500,101,0.15475574135780334,0.20461037933826445,0.015732050635287955,forced,103,naive,,expD_symbolic_kv,0,symbolic_key_value_retrieval,20,1.0,8,prefix-all
0.9125000238418579,0.887499988079071,0.8753500118255615,0.010586076875353212,80,500,101,0.15475574135780334,0.20461037933826445,0.015732050635287955,forced,111,naive,,expD_symbolic_kv,0,symbolic_key_value_retrieval,20,1.0,8,prefix-all
0.9125000238418579,0.887499988079071,0.8753500118255615,0.010586076875353212,80,500,101,0.15475574135780334,0.20461037933826445,0.015732050635287955,forced,121,naive,,expD_symbolic_kv,0,symbolic_key_value_retrieval,20,1.0,8,prefix-all
1.0,1.0,0.9998874995708465,0.0005821587718607545,80,500,20,1.0738849596236832e-05,0.0005986576689356298,0.0021549642257820195,forced,20,naive,0,expD_symbolic_kv,0,symbolic_key_value_retrieval,20,1.0,8,source-pinned-noise-fifo
1.0,1.0,0.9996125000715256,0.0013133305939334024,80,500,20,1.4495631148747634e-05,0.0024101364546240804,0.006903362944067193,forced,40,naive,20,expD_symbolic_kv,0,symbolic_key_value_retrieval,20,1.0,8,source-pinned-noise-fifo
1.0,1.0,0.9994312496185302,0.0015209330305049073,80,500,20,1.4393753190233838e-05,0.0030635922283472608,0.008655326715458593,forced,60,naive,40,expD_symbolic_kv,0,symbolic_key_value_retrieval,20,1.0,8,source-pinned-noise-fifo
1.0,1.0,0.9998062497377396,0.0008957144008364784,80,500,20,1.6588928701821715e-05,0.0009008527526821127,0.0033119022776077044,forced,100,naive,80,expD_symbolic_kv,0,symbolic_key_value_retrieval,20,1.0,8,source-pinned-noise-fifo
0.8125,0.7906250357627869,0.7710937622785569,0.010688916345016366,20,500,20,0.44581788778305054,0.5207477367520332,0.01962504735253496,forced,10,naive,,expD_symbolic_kv,1,symbolic_key_value_retrieval,10,0.5,8,source-only
0.949999988079071,0.909375011920929,0.9189437592029571,0.007772493589646219,20,500,20,0.10177606344223022,0.14134472881257534,0.010042633821916828,forced,15,naive,,expD_symbolic_kv,1,symbolic_key_value_retrieval,15,0.75,8,source-only
1.0,1.0,0.9999124999046326,0.0005864349369669448,20,500,20,8.54804693517508e-06,0.0004321371292535332,0.0020791954801762567,forced,20,naive,,expD_symbolic_kv,1,symbolic_key_value_retrieval,20,1.0,8,source-only
1.0,1.0,0.9999124999046326,0.0005864349369669448,20,500,20,8.54804693517508e-06,0.0004321371292535332,0.0020791954801762567,forced,25,naive,,expD_symbolic_kv,1,symbolic_key_value_retrieval,20,1.0,8,source-only
1.0,1.0,0.9999124999046326,0.0005864349369669448,20,500,20,8.54804693517508e-06,0.0004321371292535332,0.0020791954801762567,forced,30,naive,,expD_symbolic_kv,1,symbolic_key_value_retrieval,20,1.0,8,source-only
0.34687501192092896,0.30000001192092896,0.2722562556862831,0.018293163274616008,20,500,41,1.6409953832626343,1.6547313628196716,0.0019168344111203815,forced,10,naive,,expD_symbolic_kv,1,symbolic_key_value_retrieval,0,0.0,8,prefix-all
0.48125001788139343,0.42500001192092896,0.4134562560915947,0.0178755366422449,20,500,41,1.2091548442840576,1.2623485622406005,0.015194527976501726,forced,20,naive,,expD_symbolic_kv,1,symbolic_key_value_retrieval,0,0.0,8,prefix-all
0.9125000238418579,0.8812500238418579,0.8813000117540359,0.013381329198129671,20,500,41,0.17914238572120667,0.2387550800740719,0.04028337005207034,forced,39,naive,,expD_symbolic_kv,1,symbolic_key_value_retrieval,18,0.9,8,prefix-all
0.9156250357627869,0.875,0.8840187627077103,0.008395150929117735,20,500,41,0.17493844032287598,0.22792905205488204,0.013503650671562985,forced,40,naive,,expD_symbolic_kv,1,symbolic_key_value_retrieval,19,0.95,8,prefix-all
0.9125000238418579,0.887499988079071,0.8847187621593475,0.00818123610320695,20,500,41,0.1752946376800537,0.2263276136815548,0.012470247904875406,forced,41,naive,,expD_symbolic_kv,1,symbolic_key_value_retrieval,20,1.0,8,prefix-all
0.9125000238418579,0.887499988079071,0.8847187621593475,0.00818123610320695,20,500,41,0.1752946376800537,0.2263276136815548,0.012470247904875406,forced,42,naive,,expD_symbolic_kv,1,symbolic_key_value_retrieval,20,1.0,8,prefix-all
0.9125000238418579,0.887499988079071,0.8847187621593475,0.00818123610320695,20,500,41,0.1752946376800537,0.2263276136815548,0.012470247904875406,forced,43,naive,,expD_symbolic_kv,1,symbolic_key_value_retrieval,20,1.0,8,prefix-all
0.9125000238418579,0.887499988079071,0.8847187621593475,0.00818123610320695,20,500,41,0.1752946376800537,0.2263276136815548,0.012470247904875406,forced,51,naive,,expD_symbolic_kv,1,symbolic_key_value_retrieval,20,1.0,8,prefix-all
0.9125000238418579,0.887499988079071,0.8847187621593475,0.00818123610320695,20,500,41,0.1752946376800537,0.2263276136815548,0.012470247904875406,forced,61,naive,,expD_symbolic_kv,1,symbolic_key_value_retrieval,20,1.0,8,prefix-all
1.0,1.0,0.9999124999046326,0.0005864349369669448,20,500,20,8.54804693517508e-06,0.0004321371292535332,0.0020791954801762567,forced,20,naive,0,expD_symbolic_kv,1,symbolic_key_value_retrieval,20,1.0,8,source-pinned-noise-fifo
1.0,1.0,0.9996624997854233,0.0011706689429431313,20,500,20,1.0434743671794422e-05,0.001960938003296178,0.006573574783542896,forced,40,naive,20,expD_symbolic_kv,1,symbolic_key_value_retrieval,20,1.0,8,source-pinned-noise-fifo
1.0,1.0,0.9996624997854233,0.0011706689429431313,20,500,20,1.0434743671794422e-05,0.001960938003296178,0.006573574783542896,forced,60,naive,40,expD_symbolic_kv,1,symbolic_key_value_retrieval,20,1.0,8,source-pinned-noise-fifo
1.0,1.0,0.9996624997854233,0.0011706689429431313,20,500,20,1.0434743671794422e-05,0.001960938003296178,0.006573574783542896,forced,100,naive,80,expD_symbolic_kv,1,symbolic_key_value_retrieval,20,1.0,8,source-pinned-noise-fifo
0.800000011920929,0.78125,0.7696062624454498,0.010635529974855428,40,500,20,0.4589555859565735,0.5261813492178917,0.020410128188005822,forced,10,naive,,expD_symbolic_kv,1,symbolic_key_value_retrieval,10,0.5,8,source-only
0.9468750357627869,0.9156250357627869,0.9192062619924545,0.007989668319406484,40,500,20,0.10085143893957138,0.14057609210908412,0.010395074436158128,forced,15,naive,,expD_symbolic_kv,1,symbolic_key_value_retrieval,15,0.75,8,source-only
1.0,0.996874988079071,0.9997312499284744,0.0010762150671803329,40,500,20,1.2438729754649103e-05,0.0019035333510219062,0.007426939487568235,forced,20,naive,,expD_symbolic_kv,1,symbolic_key_value_retrieval,20,1.0,8,source-only
1.0,0.996874988079071,0.9997312499284744,0.0010762150671803329,40,500,20,1.2438729754649103e-05,0.0019035333510219062,0.007426939487568235,forced,25,naive,,expD_symbolic_kv,1,symbolic_key_value_retrieval,20,1.0,8,source-only
1.0,0.996874988079071,0.9997312499284744,0.0010762150671803329,40,500,20,1.2438729754649103e-05,0.0019035333510219062,0.007426939487568235,forced,30,naive,,expD_symbolic_kv,1,symbolic_key_value_retrieval,20,1.0,8,source-only
0.3343749940395355,0.2874999940395355,0.27141250494122504,0.01734588829008452,40,500,61,1.6389003992080688,1.6546633622646332,0.002005351957322875,forced,10,naive,,expD_symbolic_kv,1,symbolic_key_value_retrieval,0,0.0,8,prefix-all
0.3375000059604645,0.2874999940395355,0.27101250550150874,0.017756993246129765,40,500,61,1.6380739212036133,1.6547545714378358,0.0020427438922167706,forced,20,naive,,expD_symbolic_kv,1,symbolic_key_value_retrieval,0,0.0,8,prefix-all
0.9468750357627869,0.918749988079071,0.9189062613248825,0.008006040007131194,40,500,61,0.09923818707466125,0.14262661468982696,0.011698818770952312,forced,59,naive,,expD_symbolic_kv,1,symbolic_key_value_retrieval,18,0.9,8,prefix-all
0.8843750357627869,0.8187500238418579,0.8415625132322312,0.011481132701651568,40,500,61,0.2327956259250641,0.28672091072797773,0.014611870475744736,forced,60,naive,,expD_symbolic_kv,1,symbolic_key_value_retrieval,19,0.95,8,prefix-all
0.8812500238418579,0.8500000238418579,0.8423000121116638,0.011386628191853489,40,500,61,0.23346486687660217,0.2873204993903637,0.015059551945966412,forced,61,naive,,expD_symbolic_kv,1,symbolic_key_value_retrieval,20,1.0,8,prefix-all
0.8812500238418579,0.8500000238418579,0.8423000121116638,0.011386628191853489,40,500,61,0.23346486687660217,0.2873204993903637,0.015059551945966412,forced,62,naive,,expD_symbolic_kv,1,symbolic_key_value_retrieval,20,1.0,8,prefix-all
0.8812500238418579,0.8500000238418579,0.8423000121116638,0.011386628191853489,40,500,61,0.23346486687660217,0.2873204993903637,0.015059551945966412,forced,63,naive,,expD_symbolic_kv,1,symbolic_key_value_retrieval,20,1.0,8,prefix-all
0.8812500238418579,0.8500000238418579,0.8423000121116638,0.011386628191853489,40,500,61,0.23346486687660217,0.2873204993903637,0.015059551945966412,forced,71,naive,,expD_symbolic_kv,1,symbolic_key_value_retrieval,20,1.0,8,prefix-all
0.8812500238418579,0.8500000238418579,0.8423000121116638,0.011386628191853489,40,500,61,0.23346486687660217,0.2873204993903637,0.015059551945966412,forced,81,naive,,expD_symbolic_kv,1,symbolic_key_value_retrieval,20,1.0,8,prefix-all
1.0,0.996874988079071,0.9997312499284744,0.0010762150671803329,40,500,20,1.2438729754649103e-05,0.0019035333510219062,0.007426939487568235,forced,20,naive,0,expD_symbolic_kv,1,symbolic_key_value_retrieval,20,1.0,8,source-pinned-noise-fifo
1.0,1.0,0.999737499833107,0.0010502220847188103,40,500,20,2.3029915610095486e-05,0.0014280693437249284,0.004322417274394849,forced,40,naive,20,expD_symbolic_kv,1,symbolic_key_value_retrieval,20,1.0,8,source-pinned-noise-fifo
0.981249988079071,0.9437500238418579,0.957175011754036,0.006863900760768699,40,500,20,0.03512023761868477,0.06192145292460918,0.007567749090864651,forced,60,naive,40,expD_symbolic_kv,1,symbolic_key_value_retrieval,20,1.0,8,source-pinned-noise-fifo
0.981249988079071,0.9437500238418579,0.957175011754036,0.006863900760768699,40,500,20,0.03512023761868477,0.06192145292460918,0.007567749090864651,forced,100,naive,80,expD_symbolic_kv,1,symbolic_key_value_retrieval,20,1.0,8,source-pinned-noise-fifo
0.8062500357627869,0.7750000357627869,0.7700375113487243,0.010295561969450358,80,500,20,0.4547486901283264,0.523343199968338,0.01978404730895361,forced,10,naive,,expD_symbolic_kv,1,symbolic_key_value_retrieval,10,0.5,8,source-only
0.949999988079071,0.918749988079071,0.9191250109672546,0.007741931098846202,80,500,20,0.1023263931274414,0.1406893880814314,0.00947621467560724,forced,15,naive,,expD_symbolic_kv,1,symbolic_key_value_retrieval,15,0.75,8,source-only
1.0,1.0,0.9997374993562699,0.0009319850289935834,80,500,20,2.108360786223784e-05,0.0016463782845021343,0.005068538237062573,forced,20,naive,,expD_symbolic_kv,1,symbolic_key_value_retrieval,20,1.0,8,source-only
1.0,1.0,0.9997374993562699,0.0009319850289935834,80,500,20,2.108360786223784e-05,0.0016463782845021343,0.005068538237062573,forced,25,naive,,expD_symbolic_kv,1,symbolic_key_value_retrieval,20,1.0,8,source-only
1.0,1.0,0.9997374993562699,0.0009319850289935834,80,500,20,2.108360786223784e-05,0.0016463782845021343,0.005068538237062573,forced,30,naive,,expD_symbolic_kv,1,symbolic_key_value_retrieval,20,1.0,8,source-only
0.34687501192092896,0.2593750059604645,0.2708750050961971,0.01782335237821665,80,500,101,1.64304518699646,1.6547015771865845,0.0018782020114597722,forced,10,naive,,expD_symbolic_kv,1,symbolic_key_value_retrieval,0,0.0,8,prefix-all
0.359375,0.26250001788139343,0.27141250589489935,0.017830062533162695,80,500,101,1.6420986652374268,1.654734744310379,0.0019095125675029437,forced,20,naive,,expD_symbolic_kv,1,symbolic_key_value_retrieval,0,0.0,8,prefix-all
0.921875,0.875,0.8845187622308731,0.008718629145963861,80,500,101,0.17083199322223663,0.22674632868170738,0.013744931035572151,forced,99,naive,,expD_symbolic_kv,1,symbolic_key_value_retrieval,18,0.9,8,prefix-all
0.918749988079071,0.8687500357627869,0.8831812621355056,0.009093737592194817,80,500,101,0.16599777340888977,0.2317392936348915,0.016993935665386022,forced,100,naive,,expD_symbolic_kv,1,symbolic_key_value_retrieval,19,0.95,8,prefix-all
0.921875,0.875,0.8850000125169754,0.008633147384240987,80,500,101,0.16709604859352112,0.22621773481369017,0.013409552486824561,forced,101,naive,,expD_symbolic_kv,1,symbolic_key_value_retrieval,20,1.0,8,prefix-all
0.921875,0.875,0.8850000125169754,0.008633147384240987,80,500,101,0.16709604859352112,0.22621773481369017,0.013409552486824561,forced,102,naive,,expD_symbolic_kv,1,symbolic_key_value_retrieval,20,1.0,8,prefix-all
0.921875,0.875,0.8850000125169754,0.008633147384240987,80,500,101,0.16709604859352112,0.22621773481369017,0.013409552486824561,forced,103,naive,,expD_symbolic_kv,1,symbolic_key_value_retrieval,20,1.0,8,prefix-all
0.921875,0.875,0.8850000125169754,0.008633147384240987,80,500,101,0.16709604859352112,0.22621773481369017,0.013409552486824561,forced,111,naive,,expD_symbolic_kv,1,symbolic_key_value_retrieval,20,1.0,8,prefix-all
0.921875,0.875,0.8850000125169754,0.008633147384240987,80,500,101,0.16709604859352112,0.22621773481369017,0.013409552486824561,forced,121,naive,,expD_symbolic_kv,1,symbolic_key_value_retrieval,20,1.0,8,prefix-all
1.0,1.0,0.9997374993562699,0.0009319850289935834,80,500,20,2.108360786223784e-05,0.0016463782845021343,0.005068538237062573,forced,20,naive,0,expD_symbolic_kv,1,symbolic_key_value_retrieval,20,1.0,8,source-pinned-noise-fifo
1.0,1.0,0.9996937494277954,0.0010288613503056392,80,500,20,1.0311480764357839e-05,0.0023098801995729444,0.006557764998775499,forced,40,naive,20,expD_symbolic_kv,1,symbolic_key_value_retrieval,20,1.0,8,source-pinned-noise-fifo
1.0,1.0,0.9994437494277955,0.0015759287794081074,80,500,20,1.674282793828752e-05,0.0036459602668765002,0.009737234931967802,forced,60,naive,40,expD_symbolic_kv,1,symbolic_key_value_retrieval,20,1.0,8,source-pinned-noise-fifo
1.0,1.0,0.9992499994039535,0.0016723842825780617,80,500,20,1.7154170564026572e-05,0.004407214337763435,0.010424641707470986,forced,100,naive,80,expD_symbolic_kv,1,symbolic_key_value_retrieval,20,1.0,8,source-pinned-noise-fifo
0.778124988079071,0.731249988079071,0.7275187604427338,0.013558453270808122,20,500,20,0.44971999526023865,0.5177588545084,0.019689503659145662,forced,10,naive,,expD_symbolic_kv,2,symbolic_key_value_retrieval,10,0.5,8,source-only
0.9468750357627869,0.918749988079071,0.9188062614202499,0.007924002208643997,20,500,20,0.09900511801242828,0.1437609219700098,0.01236127727118506,forced,15,naive,,expD_symbolic_kv,2,symbolic_key_value_retrieval,15,0.75,8,source-only
1.0,1.0,0.9998312493562699,0.0007063080019098266,20,500,20,2.680639772734139e-05,0.0011333400365583658,0.004119665586731121,forced,20,naive,,expD_symbolic_kv,2,symbolic_key_value_retrieval,20,1.0,8,source-only
1.0,1.0,0.9998312493562699,0.0007063080019098266,20,500,20,2.680639772734139e-05,0.0011333400365583658,0.004119665586731121,forced,25,naive,,expD_symbolic_kv,2,symbolic_key_value_retrieval,20,1.0,8,source-only
1.0,1.0,0.9998312493562699,0.0007063080019098266,20,500,20,2.680639772734139e-05,0.0011333400365583658,0.004119665586731121,forced,30,naive,,expD_symbolic_kv,2,symbolic_key_value_retrieval,20,1.0,8,source-only
0.34062501788139343,0.26250001788139343,0.27125000581145287,0.017852478025780556,20,500,41,1.639215111732483,1.6545554413795471,0.0018144410823579596,forced,10,naive,,expD_symbolic_kv,2,symbolic_key_value_retrieval,0,0.0,8,prefix-all
0.4593749940395355,0.40312501788139343,0.40025000643730163,0.01729500452083475,20,500,41,1.2294914722442627,1.3149676640033723,0.02166792078306911,forced,20,naive,,expD_symbolic_kv,2,symbolic_key_value_retrieval,0,0.0,8,prefix-all
0.918749988079071,0.8812500238418579,0.88543126142025,0.008832068940646816,20,500,41,0.18043115735054016,0.2264642795622349,0.013398328780926599,forced,39,naive,,expD_symbolic_kv,2,symbolic_key_value_retrieval,18,0.9,8,prefix-all
0.893750011920929,0.856249988079071,0.8430625120401383,0.011011179809683684,20,500,41,0.23355062305927277,0.2858170384764671,0.014762193798052667,forced,40,naive,,expD_symbolic_kv,2,symbolic_key_value_retrieval,19,0.95,8,prefix-all
0.887499988079071,0.856249988079071,0.8419187617301941,0.011060293535634412,20,500,41,0.23302105069160461,0.28695362266898156,0.01525127312051696,forced,41,naive,,expD_symbolic_kv,2,symbolic_key_value_retrieval,20,1.0,8,prefix-all
0.887499988079071,0.856249988079071,0.8419187617301941,0.011060293535634412,20,500,41,0.23302105069160461,0.28695362266898156,0.01525127312051696,forced,42,naive,,expD_symbolic_kv,2,symbolic_key_value_retrieval,20,1.0,8,prefix-all
0.887499988079071,0.856249988079071,0.8419187617301941,0.011060293535634412,20,500,41,0.23302105069160461,0.28695362266898156,0.01525127312051696,forced,43,naive,,expD_symbolic_kv,2,symbolic_key_value_retrieval,20,1.0,8,prefix-all
0.887499988079071,0.856249988079071,0.8419187617301941,0.011060293535634412,20,500,41,0.23302105069160461,0.28695362266898156,0.01525127312051696,forced,51,naive,,expD_symbolic_kv,2,symbolic_key_value_retrieval,20,1.0,8,prefix-all
0.887499988079071,0.856249988079071,0.8419187617301941,0.011060293535634412,20,500,41,0.23302105069160461,0.28695362266898156,0.01525127312051696,forced,61,naive,,expD_symbolic_kv,2,symbolic_key_value_retrieval,20,1.0,8,prefix-all
1.0,1.0,0.9998312493562699,0.0007063080019098266,20,500,20,2.680639772734139e-05,0.0011333400365583658,0.004119665586731121,forced,20,naive,0,expD_symbolic_kv,2,symbolic_key_value_retrieval,20,1.0,8,source-pinned-noise-fifo
0.8843750357627869,0.8500000238418579,0.8481125121116638,0.00870029663802764,20,500,20,0.26370665431022644,0.32347067964077,0.01770696349277603,forced,40,naive,20,expD_symbolic_kv,2,symbolic_key_value_retrieval,20,1.0,8,source-pinned-noise-fifo
0.8843750357627869,0.8500000238418579,0.8481125121116638,0.00870029663802764,20,500,20,0.26370665431022644,0.32347067964077,0.01770696349277603,forced,60,naive,40,expD_symbolic_kv,2,symbolic_key_value_retrieval,20,1.0,8,source-pinned-noise-fifo
0.8843750357627869,0.8500000238418579,0.8481125121116638,0.00870029663802764,20,500,20,0.26370665431022644,0.32347067964077,0.01770696349277603,forced,100,naive,80,expD_symbolic_kv,2,symbolic_key_value_retrieval,20,1.0,8,source-pinned-noise-fifo
0.778124988079071,0.746874988079071,0.7353375135660172,0.012191959975054793,40,500,20,0.46708935499191284,0.5424405338168145,0.019492075797544004,forced,10,naive,,expD_symbolic_kv,2,symbolic_key_value_retrieval,10,0.5,8,source-only
0.9468750357627869,0.9156250357627869,0.9191250114440918,0.007879462580428142,40,500,20,0.09633610397577286,0.14257775977253914,0.01165567716948779,forced,15,naive,,expD_symbolic_kv,2,symbolic_key_value_retrieval,15,0.75,8,source-only
1.0,1.0,0.9996562492847443,0.0011435115359865386,40,500,20,2.3658092686673626e-05,0.002226889514953655,0.006617647206137498,forced,20,naive,,expD_symbolic_kv,2,symbolic_key_value_retrieval,20,1.0,8,source-only
1.0,1.0,0.9996562492847443,0.0011435115359865386,40,500,20,2.3658092686673626e-05,0.002226889514953655,0.006617647206137498,forced,25,naive,,expD_symbolic_kv,2,symbolic_key_value_retrieval,20,1.0,8,source-only
1.0,1.0,0.9996562492847443,0.0011435115359865386,40,500,20,2.3658092686673626e-05,0.002226889514953655,0.006617647206137498,forced,30,naive,,expD_symbolic_kv,2,symbolic_key_value_retrieval,20,1.0,8,source-only
0.34375,0.3062500059604645,0.2708625057339668,0.018014486960690444,40,500,61,1.637925386428833,1.6546803379058839,0.0018041395964816626,forced,10,naive,,expD_symbolic_kv,2,symbolic_key_value_retrieval,0,0.0,8,prefix-all
0.34062501788139343,0.2593750059604645,0.2708500048518181,0.018636222100439276,40,500,61,1.6365054845809937,1.6545961599349976,0.001739222445400302,forced,20,naive,,expD_symbolic_kv,2,symbolic_key_value_retrieval,0,0.0,8,prefix-all
0.918749988079071,0.8687500357627869,0.8839250121116639,0.008470574823347002,40,500,61,0.17587542533874512,0.22769242241978646,0.012806413822468995,forced,59,naive,,expD_symbolic_kv,2,symbolic_key_value_retrieval,18,0.9,8,prefix-all
0.949999988079071,0.9156250357627869,0.9190125111341476,0.007977594980918374,40,500,61,0.10441835224628448,0.14118022860586643,0.010539720278215937,forced,60,naive,,expD_symbolic_kv,2,symbolic_key_value_retrieval,19,0.95,8,prefix-all
0.878125011920929,0.831250011920929,0.8418875119686127,0.010820256618106509,40,500,61,0.2335231751203537,0.28784018418192864,0.013960305225638599,forced,61,naive,,expD_symbolic_kv,2,symbolic_key_value_retrieval,20,1.0,8,prefix-all
0.878125011920929,0.831250011920929,0.8418875119686127,0.010820256618106509,40,500,61,0.2335231751203537,0.28784018418192864,0.013960305225638599,forced,62,naive,,expD_symbolic_kv,2,symbolic_key_value_retrieval,20,1.0,8,prefix-all
0.878125011920929,0.831250011920929,0.8418875119686127,0.010820256618106509,40,500,61,0.2335231751203537,0.28784018418192864,0.013960305225638599,forced,63,naive,,expD_symbolic_kv,2,symbolic_key_value_retrieval,20,1.0,8,prefix-all
0.878125011920929,0.831250011920929,0.8418875119686127,0.010820256618106509,40,500,61,0.2335231751203537,0.28784018418192864,0.013960305225638599,forced,71,naive,,expD_symbolic_kv,2,symbolic_key_value_retrieval,20,1.0,8,prefix-all
0.878125011920929,0.831250011920929,0.8418875119686127,0.010820256618106509,40,500,61,0.2335231751203537,0.28784018418192864,0.013960305225638599,forced,81,naive,,expD_symbolic_kv,2,symbolic_key_value_retrieval,20,1.0,8,prefix-all
1.0,1.0,0.9996562492847443,0.0011435115359865386,40,500,20,2.3658092686673626e-05,0.002226889514953655,0.006617647206137498,forced,20,naive,0,expD_symbolic_kv,2,symbolic_key_value_retrieval,20,1.0,8,source-pinned-noise-fifo
1.0,1.0,0.9998562495708465,0.00068382695128293,40,500,20,1.040458391798893e-05,0.0010143986734037754,0.0037613540278551554,forced,40,naive,20,expD_symbolic_kv,2,symbolic_key_value_retrieval,20,1.0,8,source-pinned-noise-fifo
0.887499988079071,0.828125,0.8419625117778778,0.010549741658794173,40,500,20,0.236546590924263,0.2868185812532902,0.013738141675024601,forced,60,naive,40,expD_symbolic_kv,2,symbolic_key_value_retrieval,20,1.0,8,source-pinned-noise-fifo
0.887499988079071,0.828125,0.8419625117778778,0.010549741658794173,40,500,20,0.236546590924263,0.2868185812532902,0.013738141675024601,forced,100,naive,80,expD_symbolic_kv,2,symbolic_key_value_retrieval,20,1.0,8,source-pinned-noise-fifo
0.8062500357627869,0.762499988079071,0.7707937614917755,0.010322099956802808,80,500,20,0.4467564523220062,0.5198087475895882,0.019705309730605868,forced,10,naive,,expD_symbolic_kv,2,symbolic_key_value_retrieval,10,0.5,8,source-only
0.949999988079071,0.921875,0.9190750111341477,0.008104049981813988,80,500,20,0.10073323547840118,0.14219999219477178,0.011312267689694901,forced,15,naive,,expD_symbolic_kv,2,symbolic_key_value_retrieval,15,0.75,8,source-only
1.0,1.0,0.9994874992370606,0.0013444908393289952,80,500,20,1.4956199265725445e-05,0.0030906406458707353,0.007774855077539113,forced,20,naive,,expD_symbolic_kv,2,symbolic_key_value_retrieval,20,1.0,8,source-only
1.0,1.0,0.9994874992370606,0.0013444908393289952,80,500,20,1.4956199265725445e-05,0.0030906406458707353,0.007774855077539113,forced,25,naive,,expD_symbolic_kv,2,symbolic_key_value_retrieval,20,1.0,8,source-only
1.0,1.0,0.9994874992370606,0.0013444908393289952,80,500,20,1.4956199265725445e-05,0.0030906406458707353,0.007774855077539113,forced,30,naive,,expD_symbolic_kv,2,symbolic_key_value_retrieval,20,1.0,8,source-only
0.3375000059604645,0.26875001192092896,0.27077500501275065,0.01741163416897885,80,500,101,1.641862154006958,1.654555404663086,0.001639960212070906,forced,10,naive,,expD_symbolic_kv,2,symbolic_key_value_retrieval,0,0.0,8,prefix-all
0.34375,0.2718749940395355,0.2716687550246716,0.017427765459193004,80,500,101,1.6428302526474,1.6545169093608856,0.0015561724859915493,forced,20,naive,,expD_symbolic_kv,2,symbolic_key_value_retrieval,0,0.0,8,prefix-all
0.8843750357627869,0.840624988079071,0.842187511086464,0.011606336366044119,80,500,101,0.23175354301929474,0.2869607378542423,0.015055913501666927,forced,99,naive,,expD_symbolic_kv,2,symbolic_key_value_retrieval,18,0.9,8,prefix-all
0.8843750357627869,0.8531250357627869,0.8422187619209289,0.011245616955747427,80,500,101,0.2323010265827179,0.28616858360171316,0.014587718956095282,forced,100,naive,,expD_symbolic_kv,2,symbolic_key_value_retrieval,19,0.95,8,prefix-all
0.918749988079071,0.890625,0.8850500116348267,0.008661011412127584,80,500,101,0.17250068485736847,0.22533051562309264,0.013174084763379192,forced,101,naive,,expD_symbolic_kv,2,symbolic_key_value_retrieval,20,1.0,8,prefix-all
0.918749988079071,0.890625,0.8850500116348267,0.008661011412127584,80,500,101,0.17250068485736847,0.22533051562309264,0.013174084763379192,forced,102,naive,,expD_symbolic_kv,2,symbolic_key_value_retrieval,20,1.0,8,prefix-all
0.918749988079071,0.890625,0.8850500116348267,0.008661011412127584,80,500,101,0.17250068485736847,0.22533051562309264,0.013174084763379192,forced,103,naive,,expD_symbolic_kv,2,symbolic_key_value_retrieval,20,1.0,8,prefix-all
0.918749988079071,0.890625,0.8850500116348267,0.008661011412127584,80,500,101,0.17250068485736847,0.22533051562309264,0.013174084763379192,forced,111,naive,,expD_symbolic_kv,2,symbolic_key_value_retrieval,20,1.0,8,prefix-all
0.918749988079071,0.890625,0.8850500116348267,0.008661011412127584,80,500,101,0.17250068485736847,0.22533051562309264,0.013174084763379192,forced,121,naive,,expD_symbolic_kv,2,symbolic_key_value_retrieval,20,1.0,8,prefix-all
1.0,1.0,0.9994874992370606,0.0013444908393289952,80,500,20,1.4956199265725445e-05,0.0030906406458707353,0.007774855077539113,forced,20,naive,0,expD_symbolic_kv,2,symbolic_key_value_retrieval,20,1.0,8,source-pinned-noise-fifo
1.0,1.0,0.9998124994039536,0.0007680148466977741,80,500,20,3.860035940306261e-05,0.0010836061328664073,0.0031219199310163724,forced,40,naive,20,expD_symbolic_kv,2,symbolic_key_value_retrieval,20,1.0,8,source-pinned-noise-fifo
1.0,0.996874988079071,0.9994312491416931,0.0013724263762613157,80,500,20,1.1963487850152887e-05,0.003654258134400152,0.007741398398416368,forced,60,naive,40,expD_symbolic_kv,2,symbolic_key_value_retrieval,20,1.0,8,source-pinned-noise-fifo
0.8500000238418579,0.8125,0.7985062633752823,0.01398712884829832,80,500,20,0.2754846215248108,0.35270848947763445,0.01963051360364873,forced,100,naive,80,expD_symbolic_kv,2,symbolic_key_value_retrieval,20,1.0,8,source-pinned-noise-fifo
0.8031250238418579,0.778124988079071,0.7652000110149384,0.012677452159355146,20,500,20,0.42354899644851685,0.4914910117983818,0.023405908159098567,forced,10,naive,,expD_symbolic_kv,3,symbolic_key_value_retrieval,10,0.5,8,source-only
0.9468750357627869,0.925000011920929,0.9193500127792359,0.008107634142395456,20,500,20,0.10179957002401352,0.14065862694382666,0.009943741109035016,forced,15,naive,,expD_symbolic_kv,3,symbolic_key_value_retrieval,15,0.75,8,source-only
1.0,1.0,1.0,0.0,20,500,20,5.345289082470117e-06,2.540187016074924e-05,2.728719503779329e-05,forced,20,naive,,expD_symbolic_kv,3,symbolic_key_value_retrieval,20,1.0,8,source-only
1.0,1.0,1.0,0.0,20,500,20,5.345289082470117e-06,2.540187016074924e-05,2.728719503779329e-05,forced,25,naive,,expD_symbolic_kv,3,symbolic_key_value_retrieval,20,1.0,8,source-only
1.0,1.0,1.0,0.0,20,500,20,5.345289082470117e-06,2.540187016074924e-05,2.728719503779329e-05,forced,30,naive,,expD_symbolic_kv,3,symbolic_key_value_retrieval,20,1.0,8,source-only
0.34687501192092896,0.26250001788139343,0.27191875541210175,0.018478716654204246,20,500,41,1.638607382774353,1.6546430385112763,0.001768322712677103,forced,10,naive,,expD_symbolic_kv,3,symbolic_key_value_retrieval,0,0.0,8,prefix-all
0.46875,0.39375001192092896,0.39985000640153884,0.015487424275690316,20,500,41,1.216748595237732,1.3173760113716126,0.020922800828762578,forced,20,naive,,expD_symbolic_kv,3,symbolic_key_value_retrieval,0,0.0,8,prefix-all
0.8812500238418579,0.84375,0.8432437616586685,0.011117165498020744,20,500,41,0.23302359879016876,0.2858865711390972,0.01459955311154198,forced,39,naive,,expD_symbolic_kv,3,symbolic_key_value_retrieval,18,0.9,8,prefix-all
0.8812500238418579,0.84375,0.842981261730194,0.011261054730019484,20,500,41,0.22970637679100037,0.28598147705197335,0.014661641360511398,forced,40,naive,,expD_symbolic_kv,3,symbolic_key_value_retrieval,19,0.95,8,prefix-all
0.9156250357627869,0.8843750357627869,0.8847875118255615,0.009004435850657693,20,500,41,0.17381829023361206,0.22819753062725068,0.014080818759033597,forced,41,naive,,expD_symbolic_kv,3,symbolic_key_value_retrieval,20,1.0,8,prefix-all
0.9156250357627869,0.8843750357627869,0.8847875118255615,0.009004435850657693,20,500,41,0.17381829023361206,0.22819753062725068,0.014080818759033597,forced,42,naive,,expD_symbolic_kv,3,symbolic_key_value_retrieval,20,1.0,8,prefix-all
0.9156250357627869,0.8843750357627869,0.8847875118255615,0.009004435850657693,20,500,41,0.17381829023361206,0.22819753062725068,0.014080818759033597,forced,43,naive,,expD_symbolic_kv,3,symbolic_key_value_retrieval,20,1.0,8,prefix-all
0.9156250357627869,0.8843750357627869,0.8847875118255615,0.009004435850657693,20,500,41,0.17381829023361206,0.22819753062725068,0.014080818759033597,forced,51,naive,,expD_symbolic_kv,3,symbolic_key_value_retrieval,20,1.0,8,prefix-all
0.9156250357627869,0.8843750357627869,0.8847875118255615,0.009004435850657693,20,500,41,0.17381829023361206,0.22819753062725068,0.014080818759033597,forced,61,naive,,expD_symbolic_kv,3,symbolic_key_value_retrieval,20,1.0,8,prefix-all
1.0,1.0,1.0,0.0,20,500,20,5.345289082470117e-06,2.540187016074924e-05,2.728719503779329e-05,forced,20,naive,0,expD_symbolic_kv,3,symbolic_key_value_retrieval,20,1.0,8,source-pinned-noise-fifo
0.878125011920929,0.840624988079071,0.8426937619447709,0.011032514485865593,20,500,20,0.23142287135124207,0.2856109883189201,0.014436812451777475,forced,40,naive,20,expD_symbolic_kv,3,symbolic_key_value_retrieval,20,1.0,8,source-pinned-noise-fifo
0.878125011920929,0.840624988079071,0.8426937619447709,0.011032514485865593,20,500,20,0.23142287135124207,0.2856109883189201,0.014436812451777475,forced,60,naive,40,expD_symbolic_kv,3,symbolic_key_value_retrieval,20,1.0,8,source-pinned-noise-fifo
0.878125011920929,0.840624988079071,0.8426937619447709,0.011032514485865593,20,500,20,0.23142287135124207,0.2856109883189201,0.014436812451777475,forced,100,naive,80,expD_symbolic_kv,3,symbolic_key_value_retrieval,20,1.0,8,source-pinned-noise-fifo
0.878125011920929,0.846875011920929,0.8391937624216079,0.011274382362740282,40,500,20,0.2783117890357971,0.3494867992401123,0.018934820194075323,forced,10,naive,,expD_symbolic_kv,3,symbolic_key_value_retrieval,10,0.5,8,source-only
0.9468750357627869,0.921875,0.9201187617778778,0.008174223642986502,40,500,20,0.09962807595729828,0.13960550026595592,0.010408033424828683,forced,15,naive,,expD_symbolic_kv,3,symbolic_key_value_retrieval,15,0.75,8,source-only
1.0,1.0,0.9999749999046326,0.0002783892801082756,40,500,20,8.054598765738774e-06,0.00024820689264743123,0.001862135675154482,forced,20,naive,,expD_symbolic_kv,3,symbolic_key_value_retrieval,20,1.0,8,source-only
1.0,1.0,0.9999749999046326,0.0002783892801082756,40,500,20,8.054598765738774e-06,0.00024820689264743123,0.001862135675154482,forced,25,naive,,expD_symbolic_kv,3,symbolic_key_value_retrieval,20,1.0,8,source-only
1.0,1.0,0.9999749999046326,0.0002783892801082756,40,500,20,8.054598765738774e-06,0.00024820689264743123,0.001862135675154482,forced,30,naive,,expD_symbolic_kv,3,symbolic_key_value_retrieval,20,1.0,8,source-only
0.3343749940395355,0.265625,0.27156875559687615,0.017135830012758178,40,500,61,1.6429764032363892,1.6546476397514343,0.0017568999178235777,forced,10,naive,,expD_symbolic_kv,3,symbolic_key_value_retrieval,0,0.0,8,prefix-all
0.34375,0.2562499940395355,0.27116875591874123,0.017295379304653313,40,500,61,1.6423763036727905,1.6545801031589509,0.0017001291481421306,forced,20,naive,,expD_symbolic_kv,3,symbolic_key_value_retrieval,0,0.0,8,prefix-all
0.9125000238418579,0.8968750238418579,0.8845312620401382,0.00863512644029602,40,500,61,0.17714311182498932,0.22647649380564688,0.01257281085814255,forced,59,naive,,expD_symbolic_kv,3,symbolic_key_value_retrieval,18,0.9,8,prefix-all
0.8812500238418579,0.846875011920929,0.842006261229515,0.011506890923112207,40,500,61,0.22694604098796844,0.2879684379696846,0.014803859617665036,forced,60,naive,,expD_symbolic_kv,3,symbolic_key_value_retrieval,19,0.95,8,prefix-all
0.8812500238418579,0.8531250357627869,0.8425000115633011,0.01124131717985873,40,500,61,0.22801820933818817,0.28634684574604036,0.014172558899266765,forced,61,naive,,expD_symbolic_kv,3,symbolic_key_value_retrieval,20,1.0,8,prefix-all
0.8812500238418579,0.8531250357627869,0.8425000115633011,0.01124131717985873,40,500,61,0.22801820933818817,0.28634684574604036,0.014172558899266765,forced,62,naive,,expD_symbolic_kv,3,symbolic_key_value_retrieval,20,1.0,8,prefix-all
0.8812500238418579,0.8531250357627869,0.8425000115633011,0.01124131717985873,40,500,61,0.22801820933818817,0.28634684574604036,0.014172558899266765,forced,63,naive,,expD_symbolic_kv,3,symbolic_key_value_retrieval,20,1.0,8,prefix-all
0.8812500238418579,0.8531250357627869,0.8425000115633011,0.01124131717985873,40,500,61,0.22801820933818817,0.28634684574604036,0.014172558899266765,forced,71,naive,,expD_symbolic_kv,3,symbolic_key_value_retrieval,20,1.0,8,prefix-all
0.8812500238418579,0.8531250357627869,0.8425000115633011,0.01124131717985873,40,500,61,0.22801820933818817,0.28634684574604036,0.014172558899266765,forced,81,naive,,expD_symbolic_kv,3,symbolic_key_value_retrieval,20,1.0,8,prefix-all
1.0,1.0,0.9999749999046326,0.0002783892801082756,40,500,20,8.054598765738774e-06,0.00024820689264743123,0.001862135675154482,forced,20,naive,0,expD_symbolic_kv,3,symbolic_key_value_retrieval,20,1.0,8,source-pinned-noise-fifo
1.0,1.0,0.9994062497615814,0.0015869933827628699,40,500,20,1.1480754437798169e-05,0.003516953414255113,0.008816252149771327,forced,40,naive,20,expD_symbolic_kv,3,symbolic_key_value_retrieval,20,1.0,8,source-pinned-noise-fifo
0.887499988079071,0.856249988079071,0.8426312617063523,0.011217765528988502,40,500,20,0.2225991040468216,0.28601088404655456,0.0143285002221711,forced,60,naive,40,expD_symbolic_kv,3,symbolic_key_value_retrieval,20,1.0,8,source-pinned-noise-fifo
0.887499988079071,0.856249988079071,0.8426312617063523,0.011217765528988502,40,500,20,0.2225991040468216,0.28601088404655456,0.0143285002221711,forced,100,naive,80,expD_symbolic_kv,3,symbolic_key_value_retrieval,20,1.0,8,source-pinned-noise-fifo
0.8031250238418579,0.7718750238418579,0.7700312623977661,0.009799702757968855,80,500,20,0.45973795652389526,0.5231227613687516,0.018752528156873432,forced,10,naive,,expD_symbolic_kv,3,symbolic_key_value_retrieval,10,0.5,8,source-only
0.949999988079071,0.9156250357627869,0.919300011396408,0.007824380326737185,80,500,20,0.09328509867191315,0.1418483720123768,0.011047347066594344,forced,15,naive,,expD_symbolic_kv,3,symbolic_key_value_retrieval,15,0.75,8,source-only
1.0,1.0,0.9995062497854232,0.001824944716191573,80,500,20,1.5099399206519593e-05,0.002936889955213701,0.008860841026027189,forced,20,naive,,expD_symbolic_kv,3,symbolic_key_value_retrieval,20,1.0,8,source-only
1.0,1.0,0.9995062497854232,0.001824944716191573,80,500,20,1.5099399206519593e-05,0.002936889955213701,0.008860841026027189,forced,25,naive,,expD_symbolic_kv,3,symbolic_key_value_retrieval,20,1.0,8,source-only
1.0,1.0,0.9995062497854232,0.001824944716191573,80,500,20,1.5099399206519593e-05,0.002936889955213701,0.008860841026027189,forced,30,naive,,expD_symbolic_kv,3,symbolic_key_value_retrieval,20,1.0,8,source-only
0.34062501788139343,0.26250001788139343,0.2705000057220459,0.018972225069838772,80,500,101,1.6415609121322632,1.6550908885002136,0.0020965908866323085,forced,10,naive,,expD_symbolic_kv,3,symbolic_key_value_retrieval,0,0.0,8,prefix-all
0.3375000059604645,0.2562499940395355,0.27060625559091567,0.01814900573797191,80,500,101,1.6425491571426392,1.6547920401096343,0.001752322218862989,forced,20,naive,,expD_symbolic_kv,3,symbolic_key_value_retrieval,0,0.0,8,prefix-all
0.8843750357627869,0.84375,0.841268761396408,0.011000516309310324,80,500,101,0.23526382446289062,0.29004481387138364,0.015943017942022485,forced,99,naive,,expD_symbolic_kv,3,symbolic_key_value_retrieval,18,0.9,8,prefix-all
0.887499988079071,0.8531250357627869,0.8424500118494034,0.0113205009503855,80,500,101,0.2366599142551422,0.28619225093722345,0.014459258608800183,forced,100,naive,,expD_symbolic_kv,3,symbolic_key_value_retrieval,19,0.95,8,prefix-all
0.8843750357627869,0.8500000238418579,0.8418625110387802,0.011101091395547899,80,500,101,0.23211686313152313,0.2875999089181423,0.015298281206969565,forced,101,naive,,expD_symbolic_kv,3,symbolic_key_value_retrieval,20,1.0,8,prefix-all
0.8843750357627869,0.8500000238418579,0.8418625110387802,0.011101091395547899,80,500,101,0.23211686313152313,0.2875999089181423,0.015298281206969565,forced,102,naive,,expD_symbolic_kv,3,symbolic_key_value_retrieval,20,1.0,8,prefix-all
0.8843750357627869,0.8500000238418579,0.8418625110387802,0.011101091395547899,80,500,101,0.23211686313152313,0.2875999089181423,0.015298281206969565,forced,103,naive,,expD_symbolic_kv,3,symbolic_key_value_retrieval,20,1.0,8,prefix-all
0.8843750357627869,0.8500000238418579,0.8418625110387802,0.011101091395547899,80,500,101,0.23211686313152313,0.2875999089181423,0.015298281206969565,forced,111,naive,,expD_symbolic_kv,3,symbolic_key_value_retrieval,20,1.0,8,prefix-all
0.8843750357627869,0.8500000238418579,0.8418625110387802,0.011101091395547899,80,500,101,0.23211686313152313,0.2875999089181423,0.015298281206969565,forced,121,naive,,expD_symbolic_kv,3,symbolic_key_value_retrieval,20,1.0,8,prefix-all
1.0,1.0,0.9995062497854232,0.001824944716191573,80,500,20,1.5099399206519593e-05,0.002936889955213701,0.008860841026027189,forced,20,naive,0,expD_symbolic_kv,3,symbolic_key_value_retrieval,20,1.0,8,source-pinned-noise-fifo
1.0,1.0,0.9999937499761582,0.00013961495698481722,80,500,20,1.230468933499651e-05,0.00010130105703501613,0.00037641183448828885,forced,40,naive,20,expD_symbolic_kv,3,symbolic_key_value_retrieval,20,1.0,8,source-pinned-noise-fifo
1.0,1.0,0.9999312498569488,0.0004991794415542357,80,500,20,1.5883084415690973e-05,0.0002627976444418891,0.0014730442015781866,forced,60,naive,40,expD_symbolic_kv,3,symbolic_key_value_retrieval,20,1.0,8,source-pinned-noise-fifo
0.8843750357627869,0.840624988079071,0.8414000121355056,0.011278824375219746,80,500,20,0.2352093756198883,0.2876180241703987,0.015221705631410178,forced,100,naive,80,expD_symbolic_kv,3,symbolic_key_value_retrieval,20,1.0,8,source-pinned-noise-fifo
0.778124988079071,0.734375,0.7350500123500824,0.010856549282990173,20,500,20,0.5114457011222839,0.6047312439680099,0.02081491075676055,forced,10,naive,,expD_symbolic_kv,4,symbolic_key_value_retrieval,10,0.5,8,source-only
0.9468750357627869,0.903124988079071,0.918881260752678,0.008553733603154912,20,500,20,0.10430014133453369,0.14552242280542851,0.01634615305238353,forced,15,naive,,expD_symbolic_kv,4,symbolic_key_value_retrieval,15,0.75,8,source-only
1.0,1.0,0.9987187502384186,0.0034145511543866645,20,500,20,1.1231311873416416e-05,0.0069510808787290445,0.02633881275352838,forced,20,naive,,expD_symbolic_kv,4,symbolic_key_value_retrieval,20,1.0,8,source-only
1.0,1.0,0.9987187502384186,0.0034145511543866645,20,500,20,1.1231311873416416e-05,0.0069510808787290445,0.02633881275352838,forced,25,naive,,expD_symbolic_kv,4,symbolic_key_value_retrieval,20,1.0,8,source-only
1.0,1.0,0.9987187502384186,0.0034145511543866645,20,500,20,1.1231311873416416e-05,0.0069510808787290445,0.02633881275352838,forced,30,naive,,expD_symbolic_kv,4,symbolic_key_value_retrieval,20,1.0,8,source-only
0.3843750059604645,0.33125001192092896,0.3185875062346458,0.017763995465982802,20,500,41,1.4724609851837158,1.5076705613136292,0.010822346195487631,forced,10,naive,,expD_symbolic_kv,4,symbolic_key_value_retrieval,0,0.0,8,prefix-all
0.46562501788139343,0.40312501788139343,0.40822500562667846,0.01699625820239257,20,500,41,1.2161003351211548,1.310315587759018,0.022793631812008313,forced,20,naive,,expD_symbolic_kv,4,symbolic_key_value_retrieval,0,0.0,8,prefix-all
0.9156250357627869,0.890625,0.8846250122785568,0.008462694561568635,20,500,41,0.17789211869239807,0.22588682943582536,0.012658887007838428,forced,39,naive,,expD_symbolic_kv,4,symbolic_key_value_retrieval,18,0.9,8,prefix-all
0.8812500238418579,0.84375,0.8421562610864639,0.01117592703789819,20,500,41,0.22914834320545197,0.2867054644525051,0.014612918525461519,forced,40,naive,,expD_symbolic_kv,4,symbolic_key_value_retrieval,19,0.95,8,prefix-all
0.8531250357627869,0.800000011920929,0.8064625114202499,0.011432281131850245,20,500,41,0.3173290491104126,0.381504792034626,0.017656101476436235,forced,41,naive,,expD_symbolic_kv,4,symbolic_key_value_retrieval,20,1.0,8,prefix-all
0.8531250357627869,0.800000011920929,0.8064625114202499,0.011432281131850245,20,500,41,0.3173290491104126,0.381504792034626,0.017656101476436235,forced,42,naive,,expD_symbolic_kv,4,symbolic_key_value_retrieval,20,1.0,8,prefix-all
0.8531250357627869,0.800000011920929,0.8064625114202499,0.011432281131850245,20,500,41,0.3173290491104126,0.381504792034626,0.017656101476436235,forced,43,naive,,expD_symbolic_kv,4,symbolic_key_value_retrieval,20,1.0,8,prefix-all
0.8531250357627869,0.800000011920929,0.8064625114202499,0.011432281131850245,20,500,41,0.3173290491104126,0.381504792034626,0.017656101476436235,forced,51,naive,,expD_symbolic_kv,4,symbolic_key_value_retrieval,20,1.0,8,prefix-all
0.8531250357627869,0.800000011920929,0.8064625114202499,0.011432281131850245,20,500,41,0.3173290491104126,0.381504792034626,0.017656101476436235,forced,61,naive,,expD_symbolic_kv,4,symbolic_key_value_retrieval,20,1.0,8,prefix-all
1.0,1.0,0.9987187502384186,0.0034145511543866645,20,500,20,1.1231311873416416e-05,0.0069510808787290445,0.02633881275352838,forced,20,naive,0,expD_symbolic_kv,4,symbolic_key_value_retrieval,20,1.0,8,source-pinned-noise-fifo
0.890625,0.8531250357627869,0.8490812629461288,0.009102049359802774,20,500,20,0.2498306930065155,0.31927682185173034,0.01533509642952431,forced,40,naive,20,expD_symbolic_kv,4,symbolic_key_value_retrieval,20,1.0,8,source-pinned-noise-fifo
0.890625,0.8531250357627869,0.8490812629461288,0.009102049359802774,20,500,20,0.2498306930065155,0.31927682185173034,0.01533509642952431,forced,60,naive,40,expD_symbolic_kv,4,symbolic_key_value_retrieval,20,1.0,8,source-pinned-noise-fifo
0.890625,0.8531250357627869,0.8490812629461288,0.009102049359802774,20,500,20,0.2498306930065155,0.31927682185173034,0.01533509642952431,forced,100,naive,80,expD_symbolic_kv,4,symbolic_key_value_retrieval,20,1.0,8,source-pinned-noise-fifo
0.7718750238418579,0.7125000357627869,0.7267562625408173,0.013753605380777488,40,500,20,0.4610200524330139,0.5343866341710091,0.01911765248051953,forced,10,naive,,expD_symbolic_kv,4,symbolic_key_value_retrieval,10,0.5,8,source-only
0.9468750357627869,0.918749988079071,0.9194437612295151,0.00827311764474245,40,500,20,0.10122358798980713,0.14124814926087856,0.010665917722068164,forced,15,naive,,expD_symbolic_kv,4,symbolic_key_value_retrieval,15,0.75,8,source-only
1.0,1.0,0.9996749994754791,0.0010697547640157164,40,500,20,2.035356556007173e-05,0.0019271856286941329,0.005306249901186481,forced,20,naive,,expD_symbolic_kv,4,symbolic_key_value_retrieval,20,1.0,8,source-only
1.0,1.0,0.9996749994754791,0.0010697547640157164,40,500,20,2.035356556007173e-05,0.0019271856286941329,0.005306249901186481,forced,25,naive,,expD_symbolic_kv,4,symbolic_key_value_retrieval,20,1.0,8,source-only
1.0,1.0,0.9996749994754791,0.0010697547640157164,40,500,20,2.035356556007173e-05,0.0019271856286941329,0.005306249901186481,forced,30,naive,,expD_symbolic_kv,4,symbolic_key_value_retrieval,20,1.0,8,source-only
0.34687501192092896,0.265625,0.27087500581145285,0.017203289538134714,40,500,61,1.6400779485702515,1.6548257486820221,0.002035943682291756,forced,10,naive,,expD_symbolic_kv,4,symbolic_key_value_retrieval,0,0.0,8,prefix-all
0.3375000059604645,0.265625,0.2703312553465366,0.01753622461984794,40,500,61,1.6384871006011963,1.6547447850704193,0.0019495687106897126,forced,20,naive,,expD_symbolic_kv,4,symbolic_key_value_retrieval,0,0.0,8,prefix-all
0.918749988079071,0.8968750238418579,0.8845500123500823,0.009046786761619382,40,500,61,0.17432193458080292,0.22637360432744028,0.012916785631456245,forced,59,naive,,expD_symbolic_kv,4,symbolic_key_value_retrieval,18,0.9,8,prefix-all
0.918749988079071,0.8968750238418579,0.8831000109910965,0.010064992157611108,40,500,61,0.1716029942035675,0.2348808198571205,0.03077979695665798,forced,60,naive,,expD_symbolic_kv,4,symbolic_key_value_retrieval,19,0.95,8,prefix-all
0.8843750357627869,0.8687500357627869,0.8419125118255615,0.011375281391134388,40,500,61,0.22932839393615723,0.28776404380798337,0.015391620980928531,forced,61,naive,,expD_symbolic_kv,4,symbolic_key_value_retrieval,20,1.0,8,prefix-all
0.8843750357627869,0.8687500357627869,0.8419125118255615,0.011375281391134388,40,500,61,0.22932839393615723,0.28776404380798337,0.015391620980928531,forced,62,naive,,expD_symbolic_kv,4,symbolic_key_value_retrieval,20,1.0,8,prefix-all
0.8843750357627869,0.8687500357627869,0.8419125118255615,0.011375281391134388,40,500,61,0.22932839393615723,0.28776404380798337,0.015391620980928531,forced,63,naive,,expD_symbolic_kv,4,symbolic_key_value_retrieval,20,1.0,8,prefix-all
0.8843750357627869,0.8687500357627869,0.8419125118255615,0.011375281391134388,40,500,61,0.22932839393615723,0.28776404380798337,0.015391620980928531,forced,71,naive,,expD_symbolic_kv,4,symbolic_key_value_retrieval,20,1.0,8,prefix-all
0.8843750357627869,0.8687500357627869,0.8419125118255615,0.011375281391134388,40,500,61,0.22932839393615723,0.28776404380798337,0.015391620980928531,forced,81,naive,,expD_symbolic_kv,4,symbolic_key_value_retrieval,20,1.0,8,prefix-all
1.0,1.0,0.9996749994754791,0.0010697547640157164,40,500,20,2.035356556007173e-05,0.0019271856286941329,0.005306249901186481,forced,20,naive,0,expD_symbolic_kv,4,symbolic_key_value_retrieval,20,1.0,8,source-pinned-noise-fifo
1.0,1.0,0.9999374997615814,0.0004375016689300538,40,500,20,1.2381571650621481e-05,0.0004563260883769544,0.0018252153854204322,forced,40,naive,20,expD_symbolic_kv,4,symbolic_key_value_retrieval,20,1.0,8,source-pinned-noise-fifo
0.921875,0.8968750238418579,0.8847437610626221,0.008785682672506918,40,500,20,0.1727619767189026,0.22701496362686158,0.013252120121903806,forced,60,naive,40,expD_symbolic_kv,4,symbolic_key_value_retrieval,20,1.0,8,source-pinned-noise-fifo
0.921875,0.8968750238418579,0.8847437610626221,0.008785682672506918,40,500,20,0.1727619767189026,0.22701496362686158,0.013252120121903806,forced,100,naive,80,expD_symbolic_kv,4,symbolic_key_value_retrieval,20,1.0,8,source-pinned-noise-fifo
0.8062500357627869,0.762499988079071,0.7696500115394592,0.010220736681056384,80,500,20,0.44973188638687134,0.5237354834079743,0.020052650866260534,forced,10,naive,,expD_symbolic_kv,4,symbolic_key_value_retrieval,10,0.5,8,source-only
0.9468750357627869,0.925000011920929,0.9193625113964081,0.00816192569181827,80,500,20,0.10448195785284042,0.14045302410423754,0.010296654293819435,forced,15,naive,,expD_symbolic_kv,4,symbolic_key_value_retrieval,15,0.75,8,source-only
1.0,1.0,0.9998687497377395,0.000686334731544728,80,500,20,1.907694422698114e-05,0.0008930021824853611,0.003419969843244448,forced,20,naive,,expD_symbolic_kv,4,symbolic_key_value_retrieval,20,1.0,8,source-only
1.0,1.0,0.9998687497377395,0.000686334731544728,80,500,20,1.907694422698114e-05,0.0008930021824853611,0.003419969843244448,forced,25,naive,,expD_symbolic_kv,4,symbolic_key_value_retrieval,20,1.0,8,source-only
1.0,1.0,0.9998687497377395,0.000686334731544728,80,500,20,1.907694422698114e-05,0.0008930021824853611,0.003419969843244448,forced,30,naive,,expD_symbolic_kv,4,symbolic_key_value_retrieval,20,1.0,8,source-only
0.34062501788139343,0.2718749940395355,0.2724375059306622,0.017828282926745303,80,500,101,1.6427953243255615,1.6546941525936127,0.0021868734834756542,forced,10,naive,,expD_symbolic_kv,4,symbolic_key_value_retrieval,0,0.0,8,prefix-all
0.34687501192092896,0.26250001788139343,0.27192500564455985,0.017564542441612,80,500,101,1.6407139301300049,1.654747388601303,0.0022236077939135567,forced,20,naive,,expD_symbolic_kv,4,symbolic_key_value_retrieval,0,0.0,8,prefix-all
0.9156250357627869,0.893750011920929,0.8823437614440918,0.01354949626400819,80,500,101,0.17661073803901672,0.23851252630352973,0.05414846455349798,forced,99,naive,,expD_symbolic_kv,4,symbolic_key_value_retrieval,18,0.9,8,prefix-all
0.8812500238418579,0.8531250357627869,0.8423687620162964,0.01074138442533894,80,500,101,0.23114052414894104,0.2862177261710167,0.014088477152971839,forced,100,naive,,expD_symbolic_kv,4,symbolic_key_value_retrieval,19,0.95,8,prefix-all
0.8812500238418579,0.856249988079071,0.8425000122785569,0.011148850937897756,80,500,101,0.23373183608055115,0.2870071133971214,0.014583986768777793,forced,101,naive,,expD_symbolic_kv,4,symbolic_key_value_retrieval,20,1.0,8,prefix-all
0.8812500238418579,0.856249988079071,0.8425000122785569,0.011148850937897756,80,500,101,0.23373183608055115,0.2870071133971214,0.014583986768777793,forced,102,naive,,expD_symbolic_kv,4,symbolic_key_value_retrieval,20,1.0,8,prefix-all
0.8812500238418579,0.856249988079071,0.8425000122785569,0.011148850937897756,80,500,101,0.23373183608055115,0.2870071133971214,0.014583986768777793,forced,103,naive,,expD_symbolic_kv,4,symbolic_key_value_retrieval,20,1.0,8,prefix-all
0.8812500238418579,0.856249988079071,0.8425000122785569,0.011148850937897756,80,500,101,0.23373183608055115,0.2870071133971214,0.014583986768777793,forced,111,naive,,expD_symbolic_kv,4,symbolic_key_value_retrieval,20,1.0,8,prefix-all
0.8812500238418579,0.856249988079071,0.8425000122785569,0.011148850937897756,80,500,101,0.23373183608055115,0.2870071133971214,0.014583986768777793,forced,121,naive,,expD_symbolic_kv,4,symbolic_key_value_retrieval,20,1.0,8,prefix-all
1.0,1.0,0.9998687497377395,0.000686334731544728,80,500,20,1.907694422698114e-05,0.0008930021824853611,0.003419969843244448,forced,20,naive,0,expD_symbolic_kv,4,symbolic_key_value_retrieval,20,1.0,8,source-pinned-noise-fifo
1.0,0.996874988079071,0.999881249666214,0.0006293299987771376,80,500,20,2.837400279531721e-05,0.0008446057447072235,0.002956093198629091,forced,40,naive,20,expD_symbolic_kv,4,symbolic_key_value_retrieval,20,1.0,8,source-pinned-noise-fifo
1.0,0.996874988079071,0.9996562495231628,0.0012880914209442902,80,500,20,1.4892566468915902e-05,0.0021005790942981548,0.007297252397848555,forced,60,naive,40,expD_symbolic_kv,4,symbolic_key_value_retrieval,20,1.0,8,source-pinned-noise-fifo
1.0,1.0,0.9986750005483628,0.0027175310629724485,80,500,20,1.118752970796777e-05,0.00833945909958493,0.01782545498419737,forced,100,naive,80,expD_symbolic_kv,4,symbolic_key_value_retrieval,20,1.0,8,source-pinned-noise-fifo
0.815625011920929,0.7750000357627869,0.7704562615156174,0.010606548198947893,20,500,20,0.4606338143348694,0.524270117521286,0.019565600422713995,forced,10,naive,,expD_symbolic_kv,5,symbolic_key_value_retrieval,10,0.5,8,source-only
0.949999988079071,0.925000011920929,0.91981876206398,0.008185493551402372,20,500,20,0.09529878199100494,0.14213803604245187,0.011857145110262816,forced,15,naive,,expD_symbolic_kv,5,symbolic_key_value_retrieval,15,0.75,8,source-only
1.0,1.0,0.9994312498569489,0.0018979720673147505,20,500,20,1.0211164408246987e-05,0.0034237494813623925,0.010694967680218714,forced,20,naive,,expD_symbolic_kv,5,symbolic_key_value_retrieval,20,1.0,8,source-only
1.0,1.0,0.9994312498569489,0.0018979720673147505,20,500,20,1.0211164408246987e-05,0.0034237494813623925,0.010694967680218714,forced,25,naive,,expD_symbolic_kv,5,symbolic_key_value_retrieval,20,1.0,8,source-only
1.0,1.0,0.9994312498569489,0.0018979720673147505,20,500,20,1.0211164408246987e-05,0.0034237494813623925,0.010694967680218714,forced,30,naive,,expD_symbolic_kv,5,symbolic_key_value_retrieval,20,1.0,8,source-only
0.39375001192092896,0.35625001788139343,0.31925625491142273,0.018696735422956422,20,500,41,1.4723377227783203,1.5054957098960877,0.010120926635709702,forced,10,naive,,expD_symbolic_kv,5,symbolic_key_value_retrieval,0,0.0,8,prefix-all
0.543749988079071,0.4749999940395355,0.4765250069499016,0.018139504201588955,20,500,41,0.9878347516059875,1.0575451880693436,0.021661448354020226,forced,20,naive,,expD_symbolic_kv,5,symbolic_key_value_retrieval,0,0.0,8,prefix-all
0.984375,0.971875011920929,0.9570125101804733,0.006990831366339183,20,500,41,0.03630754351615906,0.06392137864977121,0.008436982574844612,forced,39,naive,,expD_symbolic_kv,5,symbolic_key_value_retrieval,18,0.9,8,prefix-all
0.8812500238418579,0.8500000238418579,0.8409812611341476,0.0109976040489535,20,500,41,0.23130373656749725,0.29192065796256067,0.016325529724765198,forced,40,naive,,expD_symbolic_kv,5,symbolic_key_value_retrieval,19,0.95,8,prefix-all
0.8812500238418579,0.856249988079071,0.8416437622308731,0.010621196352289218,20,500,41,0.2308458387851715,0.2879162698984146,0.013974687519048418,forced,41,naive,,expD_symbolic_kv,5,symbolic_key_value_retrieval,20,1.0,8,prefix-all
0.8812500238418579,0.856249988079071,0.8416437622308731,0.010621196352289218,20,500,41,0.2308458387851715,0.2879162698984146,0.013974687519048418,forced,42,naive,,expD_symbolic_kv,5,symbolic_key_value_retrieval,20,1.0,8,prefix-all
0.8812500238418579,0.856249988079071,0.8416437622308731,0.010621196352289218,20,500,41,0.2308458387851715,0.2879162698984146,0.013974687519048418,forced,43,naive,,expD_symbolic_kv,5,symbolic_key_value_retrieval,20,1.0,8,prefix-all
0.8812500238418579,0.856249988079071,0.8416437622308731,0.010621196352289218,20,500,41,0.2308458387851715,0.2879162698984146,0.013974687519048418,forced,51,naive,,expD_symbolic_kv,5,symbolic_key_value_retrieval,20,1.0,8,prefix-all
0.8812500238418579,0.856249988079071,0.8416437622308731,0.010621196352289218,20,500,41,0.2308458387851715,0.2879162698984146,0.013974687519048418,forced,61,naive,,expD_symbolic_kv,5,symbolic_key_value_retrieval,20,1.0,8,prefix-all
1.0,1.0,0.9994312498569489,0.0018979720673147505,20,500,20,1.0211164408246987e-05,0.0034237494813623925,0.010694967680218714,forced,20,naive,0,expD_symbolic_kv,5,symbolic_key_value_retrieval,20,1.0,8,source-pinned-noise-fifo
0.9125000238418579,0.890625,0.882212511897087,0.009947684834436664,20,500,20,0.1801619827747345,0.23658425799012184,0.03161847799402329,forced,40,naive,20,expD_symbolic_kv,5,symbolic_key_value_retrieval,20,1.0,8,source-pinned-noise-fifo
0.9125000238418579,0.890625,0.882212511897087,0.009947684834436664,20,500,20,0.1801619827747345,0.23658425799012184,0.03161847799402329,forced,60,naive,40,expD_symbolic_kv,5,symbolic_key_value_retrieval,20,1.0,8,source-pinned-noise-fifo
0.9125000238418579,0.890625,0.882212511897087,0.009947684834436664,20,500,20,0.1801619827747345,0.23658425799012184,0.03161847799402329,forced,100,naive,80,expD_symbolic_kv,5,symbolic_key_value_retrieval,20,1.0,8,source-pinned-noise-fifo
0.8031250238418579,0.7750000357627869,0.7698875125646591,0.0104074719338638,40,500,20,0.4549183249473572,0.5236867862343788,0.01925077400551321,forced,10,naive,,expD_symbolic_kv,5,symbolic_key_value_retrieval,10,0.5,8,source-only
1.0,1.0,0.9976750020980835,0.002750105085793652,40,500,20,0.0011495603248476982,0.009040656776633113,0.0068398729085934135,forced,15,naive,,expD_symbolic_kv,5,symbolic_key_value_retrieval,15,0.75,8,source-only
1.0,1.0,0.9994999998807907,0.001433415893016456,40,500,20,1.714916288619861e-05,0.003226850356102659,0.008272819568317418,forced,20,naive,,expD_symbolic_kv,5,symbolic_key_value_retrieval,20,1.0,8,source-only
1.0,1.0,0.9994999998807907,0.001433415893016456,40,500,20,1.714916288619861e-05,0.003226850356102659,0.008272819568317418,forced,25,naive,,expD_symbolic_kv,5,symbolic_key_value_retrieval,20,1.0,8,source-only
1.0,1.0,0.9994999998807907,0.001433415893016456,40,500,20,1.714916288619861e-05,0.003226850356102659,0.008272819568317418,forced,30,naive,,expD_symbolic_kv,5,symbolic_key_value_retrieval,20,1.0,8,source-only
0.3375000059604645,0.26250001788139343,0.27092500525712965,0.01748648625295179,40,500,61,1.6397254467010498,1.6545587558746337,0.0017038700445339136,forced,10,naive,,expD_symbolic_kv,5,symbolic_key_value_retrieval,0,0.0,8,prefix-all
0.3375000059604645,0.24687500298023224,0.27083125519752504,0.018218092226421286,40,500,61,1.6421003341674805,1.6547105305194856,0.0019331940921308388,forced,20,naive,,expD_symbolic_kv,5,symbolic_key_value_retrieval,0,0.0,8,prefix-all
0.981249988079071,0.9593750238418579,0.9572187608480454,0.007044711116453868,40,500,61,0.03264040872454643,0.06495685567706823,0.019587067670905997,forced,59,naive,,expD_symbolic_kv,5,symbolic_key_value_retrieval,18,0.9,8,prefix-all
0.918749988079071,0.8843750357627869,0.8851687624454498,0.008221471994233114,40,500,61,0.17980262637138367,0.22531087747216225,0.01211467864480856,forced,60,naive,,expD_symbolic_kv,5,symbolic_key_value_retrieval,19,0.95,8,prefix-all
0.9125000238418579,0.890625,0.8856937620639801,0.008738785338630832,40,500,61,0.17524686455726624,0.22619453483819962,0.012813978783556676,forced,61,naive,,expD_symbolic_kv,5,symbolic_key_value_retrieval,20,1.0,8,prefix-all
0.9125000238418579,0.890625,0.8856937620639801,0.008738785338630832,40,500,61,0.17524686455726624,0.22619453483819962,0.012813978783556676,forced,62,naive,,expD_symbolic_kv,5,symbolic_key_value_retrieval,20,1.0,8,prefix-all
0.9125000238418579,0.890625,0.8856937620639801,0.008738785338630832,40,500,61,0.17524686455726624,0.22619453483819962,0.012813978783556676,forced,63,naive,,expD_symbolic_kv,5,symbolic_key_value_retrieval,20,1.0,8,prefix-all
0.9125000238418579,0.890625,0.8856937620639801,0.008738785338630832,40,500,61,0.17524686455726624,0.22619453483819962,0.012813978783556676,forced,71,naive,,expD_symbolic_kv,5,symbolic_key_value_retrieval,20,1.0,8,prefix-all
0.9125000238418579,0.890625,0.8856937620639801,0.008738785338630832,40,500,61,0.17524686455726624,0.22619453483819962,0.012813978783556676,forced,81,naive,,expD_symbolic_kv,5,symbolic_key_value_retrieval,20,1.0,8,prefix-all
1.0,1.0,0.9994999998807907,0.001433415893016456,40,500,20,1.714916288619861e-05,0.003226850356102659,0.008272819568317418,forced,20,naive,0,expD_symbolic_kv,5,symbolic_key_value_retrieval,20,1.0,8,source-pinned-noise-fifo
1.0,1.0,0.9998562496900558,0.0007118150331952533,40,500,20,1.3918693184677977e-05,0.0010755135352155775,0.004166822510007492,forced,40,naive,20,expD_symbolic_kv,5,symbolic_key_value_retrieval,20,1.0,8,source-pinned-noise-fifo
0.9156250357627869,0.890625,0.8857250117063522,0.008554385066028465,40,500,20,0.17878875136375427,0.22562344017624855,0.012537998916782617,forced,60,naive,40,expD_symbolic_kv,5,symbolic_key_value_retrieval,20,1.0,8,source-pinned-noise-fifo
0.9156250357627869,0.890625,0.8857250117063522,0.008554385066028465,40,500,20,0.17878875136375427,0.22562344017624855,0.012537998916782617,forced,100,naive,80,expD_symbolic_kv,5,symbolic_key_value_retrieval,20,1.0,8,source-pinned-noise-fifo
0.809374988079071,0.7875000238418579,0.7700500115156174,0.011155393374289535,80,500,20,0.4579184949398041,0.5233327586650849,0.020485887982002838,forced,10,naive,,expD_symbolic_kv,5,symbolic_key_value_retrieval,10,0.5,8,source-only
0.9468750357627869,0.925000011920929,0.9183375120162964,0.008342390178801378,80,500,20,0.10047080367803574,0.14476768158376216,0.012072848326909453,forced,15,naive,,expD_symbolic_kv,5,symbolic_key_value_retrieval,15,0.75,8,source-only
1.0,1.0,1.0,0.0,80,500,20,5.274483555695042e-06,2.9261351538480085e-05,4.7473343068767565e-05,forced,20,naive,,expD_symbolic_kv,5,symbolic_key_value_retrieval,20,1.0,8,source-only
1.0,1.0,1.0,0.0,80,500,20,5.274483555695042e-06,2.9261351538480085e-05,4.7473343068767565e-05,forced,25,naive,,expD_symbolic_kv,5,symbolic_key_value_retrieval,20,1.0,8,source-only
1.0,1.0,1.0,0.0,80,500,20,5.274483555695042e-06,2.9261351538480085e-05,4.7473343068767565e-05,forced,30,naive,,expD_symbolic_kv,5,symbolic_key_value_retrieval,20,1.0,8,source-only
0.3343749940395355,0.25312501192092896,0.2713375045955181,0.0171932990104599,80,500,101,1.6372531652450562,1.6549763896465302,0.002450353374187655,forced,10,naive,,expD_symbolic_kv,5,symbolic_key_value_retrieval,0,0.0,8,prefix-all
0.34062501788139343,0.25,0.27186875593662263,0.019866251582199672,80,500,101,1.6364797353744507,1.6636940171718597,0.054731863112022945,forced,20,naive,,expD_symbolic_kv,5,symbolic_key_value_retrieval,0,0.0,8,prefix-all
1.0,1.0,0.9995312494039535,0.001353164211648538,80,500,101,1.9222721675760113e-05,0.0029972649790142897,0.009425135713505431,forced,99,naive,,expD_symbolic_kv,5,symbolic_key_value_retrieval,18,0.9,8,prefix-all
0.921875,0.878125011920929,0.8853250118494034,0.00875199911524628,80,500,101,0.1728758066892624,0.2256459396481514,0.013069448785333075,forced,100,naive,,expD_symbolic_kv,5,symbolic_key_value_retrieval,19,0.95,8,prefix-all
0.921875,0.875,0.8849750111103057,0.008532529836466156,80,500,101,0.17953142523765564,0.2253046345412731,0.012959069894954656,forced,101,naive,,expD_symbolic_kv,5,symbolic_key_value_retrieval,20,1.0,8,prefix-all
0.921875,0.875,0.8849750111103057,0.008532529836466156,80,500,101,0.17953142523765564,0.2253046345412731,0.012959069894954656,forced,102,naive,,expD_symbolic_kv,5,symbolic_key_value_retrieval,20,1.0,8,prefix-all
0.921875,0.875,0.8849750111103057,0.008532529836466156,80,500,101,0.17953142523765564,0.2253046345412731,0.012959069894954656,forced,103,naive,,expD_symbolic_kv,5,symbolic_key_value_retrieval,20,1.0,8,prefix-all
0.921875,0.875,0.8849750111103057,0.008532529836466156,80,500,101,0.17953142523765564,0.2253046345412731,0.012959069894954656,forced,111,naive,,expD_symbolic_kv,5,symbolic_key_value_retrieval,20,1.0,8,prefix-all
0.921875,0.875,0.8849750111103057,0.008532529836466156,80,500,101,0.17953142523765564,0.2253046345412731,0.012959069894954656,forced,121,naive,,expD_symbolic_kv,5,symbolic_key_value_retrieval,20,1.0,8,prefix-all
1.0,1.0,1.0,0.0,80,500,20,5.274483555695042e-06,2.9261351538480085e-05,4.7473343068767565e-05,forced,20,naive,0,expD_symbolic_kv,5,symbolic_key_value_retrieval,20,1.0,8,source-pinned-noise-fifo
1.0,1.0,0.9997624995708465,0.0009592480342575862,80,500,20,3.622323492891155e-05,0.0016108219602538156,0.005267793213914828,forced,40,naive,20,expD_symbolic_kv,5,symbolic_key_value_retrieval,20,1.0,8,source-pinned-noise-fifo
1.0,1.0,0.9998062493801116,0.00077909907878958,80,500,20,2.3530781618319452e-05,0.0013288408105581765,0.004564166512156617,forced,60,naive,40,expD_symbolic_kv,5,symbolic_key_value_retrieval,20,1.0,8,source-pinned-noise-fifo
0.953125,0.9000000357627869,0.9192000122070313,0.008054540240406364,80,500,20,0.09843240678310394,0.14314486907422544,0.01477992733064162,forced,100,naive,80,expD_symbolic_kv,5,symbolic_key_value_retrieval,20,1.0,8,source-pinned-noise-fifo
0.9000000357627869,0.8500000238418579,0.8536500118970871,0.01476765785203771,20,500,20,0.23672103881835938,0.3204235488176346,0.031084446168305097,forced,10,naive,,expD_symbolic_kv,6,symbolic_key_value_retrieval,10,0.5,8,source-only
0.949999988079071,0.921875,0.9188000116348266,0.007841038706249722,20,500,20,0.10017027705907822,0.14515004874765872,0.01732686375894246,forced,15,naive,,expD_symbolic_kv,6,symbolic_key_value_retrieval,15,0.75,8,source-only
1.0,1.0,0.9998312495946884,0.0007596010070073368,20,500,20,2.4728400603635237e-05,0.0010467808246612548,0.0035287159276850503,forced,20,naive,,expD_symbolic_kv,6,symbolic_key_value_retrieval,20,1.0,8,source-only
1.0,1.0,0.9998312495946884,0.0007596010070073368,20,500,20,2.4728400603635237e-05,0.0010467808246612548,0.0035287159276850503,forced,25,naive,,expD_symbolic_kv,6,symbolic_key_value_retrieval,20,1.0,8,source-only
1.0,1.0,0.9998312495946884,0.0007596010070073368,20,500,20,2.4728400603635237e-05,0.0010467808246612548,0.0035287159276850503,forced,30,naive,,expD_symbolic_kv,6,symbolic_key_value_retrieval,20,1.0,8,source-only
0.34375,0.30937501788139343,0.27122500467300414,0.017969358460923412,20,500,41,1.6406185626983643,1.6548008191585541,0.002234855580734022,forced,10,naive,,expD_symbolic_kv,6,symbolic_key_value_retrieval,0,0.0,8,prefix-all
0.550000011920929,0.5,0.4839375068545341,0.016247718541531037,20,500,41,1.0010578632354736,1.088111464738846,0.02174532265238978,forced,20,naive,,expD_symbolic_kv,6,symbolic_key_value_retrieval,0,0.0,8,prefix-all
0.9156250357627869,0.890625,0.8844937624931335,0.008779277645391268,20,500,41,0.1775083839893341,0.22659838083386422,0.01255558232962845,forced,39,naive,,expD_symbolic_kv,6,symbolic_key_value_retrieval,18,0.9,8,prefix-all
0.8843750357627869,0.8500000238418579,0.8428562613725662,0.011152441259969302,20,500,41,0.23858967423439026,0.2856413576602936,0.013771090730502377,forced,40,naive,,expD_symbolic_kv,6,symbolic_key_value_retrieval,19,0.95,8,prefix-all
0.8843750357627869,0.84375,0.8428687611818314,0.011107815961693924,20,500,41,0.23649349808692932,0.2856579475700855,0.013877622629320194,forced,41,naive,,expD_symbolic_kv,6,symbolic_key_value_retrieval,20,1.0,8,prefix-all
0.8843750357627869,0.84375,0.8428687611818314,0.011107815961693924,20,500,41,0.23649349808692932,0.2856579475700855,0.013877622629320194,forced,42,naive,,expD_symbolic_kv,6,symbolic_key_value_retrieval,20,1.0,8,prefix-all
0.8843750357627869,0.84375,0.8428687611818314,0.011107815961693924,20,500,41,0.23649349808692932,0.2856579475700855,0.013877622629320194,forced,43,naive,,expD_symbolic_kv,6,symbolic_key_value_retrieval,20,1.0,8,prefix-all
0.8843750357627869,0.84375,0.8428687611818314,0.011107815961693924,20,500,41,0.23649349808692932,0.2856579475700855,0.013877622629320194,forced,51,naive,,expD_symbolic_kv,6,symbolic_key_value_retrieval,20,1.0,8,prefix-all
0.8843750357627869,0.84375,0.8428687611818314,0.011107815961693924,20,500,41,0.23649349808692932,0.2856579475700855,0.013877622629320194,forced,61,naive,,expD_symbolic_kv,6,symbolic_key_value_retrieval,20,1.0,8,prefix-all
1.0,1.0,0.9998312495946884,0.0007596010070073368,20,500,20,2.4728400603635237e-05,0.0010467808246612548,0.0035287159276850503,forced,20,naive,0,expD_symbolic_kv,6,symbolic_key_value_retrieval,20,1.0,8,source-pinned-noise-fifo
0.8843750357627869,0.8500000238418579,0.8411250116825104,0.011245832227545636,20,500,20,0.238213449716568,0.2903112267553806,0.015584889049875485,forced,40,naive,20,expD_symbolic_kv,6,symbolic_key_value_retrieval,20,1.0,8,source-pinned-noise-fifo
0.8843750357627869,0.8500000238418579,0.8411250116825104,0.011245832227545636,20,500,20,0.238213449716568,0.2903112267553806,0.015584889049875485,forced,60,naive,40,expD_symbolic_kv,6,symbolic_key_value_retrieval,20,1.0,8,source-pinned-noise-fifo
0.8843750357627869,0.8500000238418579,0.8411250116825104,0.011245832227545636,20,500,20,0.238213449716568,0.2903112267553806,0.015584889049875485,forced,100,naive,80,expD_symbolic_kv,6,symbolic_key_value_retrieval,20,1.0,8,source-pinned-noise-fifo
0.8375000357627869,0.809374988079071,0.7979937628507614,0.012378248541738563,40,500,20,0.3390725553035736,0.4059718798995018,0.019760355368124833,forced,10,naive,,expD_symbolic_kv,6,symbolic_key_value_retrieval,10,0.5,8,source-only
0.9468750357627869,0.918749988079071,0.9177500113248825,0.009373749296698866,40,500,20,0.0954565554857254,0.1488275180608034,0.025114945588320274,forced,15,naive,,expD_symbolic_kv,6,symbolic_key_value_retrieval,15,0.75,8,source-only
1.0,1.0,0.9997624994516373,0.0009386668347680237,40,500,20,2.6315185095882043e-05,0.001755827387161844,0.006628325928508496,forced,20,naive,,expD_symbolic_kv,6,symbolic_key_value_retrieval,20,1.0,8,source-only
1.0,1.0,0.9997624994516373,0.0009386668347680237,40,500,20,2.6315185095882043e-05,0.001755827387161844,0.006628325928508496,forced,25,naive,,expD_symbolic_kv,6,symbolic_key_value_retrieval,20,1.0,8,source-only
1.0,1.0,0.9997624994516373,0.0009386668347680237,40,500,20,2.6315185095882043e-05,0.001755827387161844,0.006628325928508496,forced,30,naive,,expD_symbolic_kv,6,symbolic_key_value_retrieval,20,1.0,8,source-only
0.3531250059604645,0.2593750059604645,0.27186875569820407,0.01843644056401854,40,500,61,1.6407718658447266,1.6546311526298523,0.001748921678774497,forced,10,naive,,expD_symbolic_kv,6,symbolic_key_value_retrieval,0,0.0,8,prefix-all
0.3531250059604645,0.2562499940395355,0.27243750524520877,0.018647533161897326,40,500,61,1.6394304037094116,1.6545643033981323,0.0016624185577072553,forced,20,naive,,expD_symbolic_kv,6,symbolic_key_value_retrieval,0,0.0,8,prefix-all
0.953125,0.918749988079071,0.9190375117063523,0.00837566330871754,40,500,61,0.0946178063750267,0.14264155623316765,0.011448406771663037,forced,59,naive,,expD_symbolic_kv,6,symbolic_key_value_retrieval,18,0.9,8,prefix-all
0.949999988079071,0.921875,0.9183062609434128,0.008219307335533091,40,500,61,0.09471306949853897,0.14442867408692836,0.0151063405742887,forced,60,naive,,expD_symbolic_kv,6,symbolic_key_value_retrieval,19,0.95,8,prefix-all
0.918749988079071,0.878125011920929,0.8838250122070312,0.009094246375392284,40,500,61,0.17472639679908752,0.22775824451446533,0.013505487021336571,forced,61,naive,,expD_symbolic_kv,6,symbolic_key_value_retrieval,20,1.0,8,prefix-all
0.918749988079071,0.878125011920929,0.8838250122070312,0.009094246375392284,40,500,61,0.17472639679908752,0.22775824451446533,0.013505487021336571,forced,62,naive,,expD_symbolic_kv,6,symbolic_key_value_retrieval,20,1.0,8,prefix-all
0.918749988079071,0.878125011920929,0.8838250122070312,0.009094246375392284,40,500,61,0.17472639679908752,0.22775824451446533,0.013505487021336571,forced,63,naive,,expD_symbolic_kv,6,symbolic_key_value_retrieval,20,1.0,8,prefix-all
0.918749988079071,0.878125011920929,0.8838250122070312,0.009094246375392284,40,500,61,0.17472639679908752,0.22775824451446533,0.013505487021336571,forced,71,naive,,expD_symbolic_kv,6,symbolic_key_value_retrieval,20,1.0,8,prefix-all
0.918749988079071,0.878125011920929,0.8838250122070312,0.009094246375392284,40,500,61,0.17472639679908752,0.22775824451446533,0.013505487021336571,forced,81,naive,,expD_symbolic_kv,6,symbolic_key_value_retrieval,20,1.0,8,prefix-all
1.0,1.0,0.9997624994516373,0.0009386668347680237,40,500,20,2.6315185095882043e-05,0.001755827387161844,0.006628325928508496,forced,20,naive,0,expD_symbolic_kv,6,symbolic_key_value_retrieval,20,1.0,8,source-pinned-noise-fifo
1.0,1.0,0.9999499998092651,0.00039211117431367173,40,500,20,1.4641428606410045e-05,0.00044991288030178113,0.0018515790329102705,forced,40,naive,20,expD_symbolic_kv,6,symbolic_key_value_retrieval,20,1.0,8,source-pinned-noise-fifo
0.918749988079071,0.8812500238418579,0.8842937626838684,0.008962444545345472,40,500,20,0.17554810643196106,0.22647926238179206,0.013005933329142098,forced,60,naive,40,expD_symbolic_kv,6,symbolic_key_value_retrieval,20,1.0,8,source-pinned-noise-fifo
0.918749988079071,0.8812500238418579,0.8842937626838684,0.008962444545345472,40,500,20,0.17554810643196106,0.22647926238179206,0.013005933329142098,forced,100,naive,80,expD_symbolic_kv,6,symbolic_key_value_retrieval,20,1.0,8,source-pinned-noise-fifo
0.84375,0.8062500357627869,0.8055187623500824,0.01165387960087998,80,500,20,0.3825359344482422,0.4362468231320381,0.01975178441101891,forced,10,naive,,expD_symbolic_kv,6,symbolic_key_value_retrieval,10,0.5,8,source-only
0.953125,0.925000011920929,0.9191937620639801,0.007938874708044582,80,500,20,0.09933125972747803,0.14223456037044524,0.011663287099035071,forced,15,naive,,expD_symbolic_kv,6,symbolic_key_value_retrieval,15,0.75,8,source-only
1.0,1.0,0.9992062494754791,0.0023582538958929365,80,500,20,1.4838282368145883e-05,0.005293844658419402,0.018393330127840057,forced,20,naive,,expD_symbolic_kv,6,symbolic_key_value_retrieval,20,1.0,8,source-only
1.0,1.0,0.9992062494754791,0.0023582538958929365,80,500,20,1.4838282368145883e-05,0.005293844658419402,0.018393330127840057,forced,25,naive,,expD_symbolic_kv,6,symbolic_key_value_retrieval,20,1.0,8,source-only
1.0,1.0,0.9992062494754791,0.0023582538958929365,80,500,20,1.4838282368145883e-05,0.005293844658419402,0.018393330127840057,forced,30,naive,,expD_symbolic_kv,6,symbolic_key_value_retrieval,20,1.0,8,source-only
0.34375,0.24375000596046448,0.27007500621676445,0.018658167732723576,80,500,101,1.6388057470321655,1.6546493828296662,0.0019410085197594973,forced,10,naive,,expD_symbolic_kv,6,symbolic_key_value_retrieval,0,0.0,8,prefix-all
0.3499999940395355,0.26875001192092896,0.27000000613927844,0.018142233464918212,80,500,101,1.6366946697235107,1.6546404840946198,0.0019430938953080262,forced,20,naive,,expD_symbolic_kv,6,symbolic_key_value_retrieval,0,0.0,8,prefix-all
0.9468750357627869,0.9312500357627869,0.9189125108718872,0.0075501559072660455,80,500,101,0.1008705347776413,0.14378793694078923,0.012251758220338957,forced,99,naive,,expD_symbolic_kv,6,symbolic_key_value_retrieval,18,0.9,8,prefix-all
0.8843750357627869,0.856249988079071,0.8414562612771987,0.011433932619433328,80,500,101,0.2317604124546051,0.2883660803437233,0.014084512359952785,forced,100,naive,,expD_symbolic_kv,6,symbolic_key_value_retrieval,19,0.95,8,prefix-all
0.8500000238418579,0.824999988079071,0.8051312630176544,0.011803168857208229,80,500,101,0.29676827788352966,0.36393664294481276,0.015716405883796834,forced,101,naive,,expD_symbolic_kv,6,symbolic_key_value_retrieval,20,1.0,8,prefix-all
0.8500000238418579,0.824999988079071,0.8051312630176544,0.011803168857208229,80,500,101,0.29676827788352966,0.36393664294481276,0.015716405883796834,forced,102,naive,,expD_symbolic_kv,6,symbolic_key_value_retrieval,20,1.0,8,prefix-all
0.8500000238418579,0.824999988079071,0.8051312630176544,0.011803168857208229,80,500,101,0.29676827788352966,0.36393664294481276,0.015716405883796834,forced,103,naive,,expD_symbolic_kv,6,symbolic_key_value_retrieval,20,1.0,8,prefix-all
0.8500000238418579,0.824999988079071,0.8051312630176544,0.011803168857208229,80,500,101,0.29676827788352966,0.36393664294481276,0.015716405883796834,forced,111,naive,,expD_symbolic_kv,6,symbolic_key_value_retrieval,20,1.0,8,prefix-all
0.8500000238418579,0.824999988079071,0.8051312630176544,0.011803168857208229,80,500,101,0.29676827788352966,0.36393664294481276,0.015716405883796834,forced,121,naive,,expD_symbolic_kv,6,symbolic_key_value_retrieval,20,1.0,8,prefix-all
1.0,1.0,0.9992062494754791,0.0023582538958929365,80,500,20,1.4838282368145883e-05,0.005293844658419402,0.018393330127840057,forced,20,naive,0,expD_symbolic_kv,6,symbolic_key_value_retrieval,20,1.0,8,source-pinned-noise-fifo
1.0,1.0,0.9995874989032746,0.001275430656152359,80,500,20,1.435223839507671e-05,0.002738932214782835,0.007137837043267035,forced,40,naive,20,expD_symbolic_kv,6,symbolic_key_value_retrieval,20,1.0,8,source-pinned-noise-fifo
1.0,1.0,0.9998499994277954,0.00066802200908638,80,500,20,1.413632526237052e-05,0.0011301836489728885,0.0040360517751344555,forced,60,naive,40,expD_symbolic_kv,6,symbolic_key_value_retrieval,20,1.0,8,source-pinned-noise-fifo
0.890625,0.840624988079071,0.8411875115633011,0.011071326282078034,80,500,20,0.23502567410469055,0.29007354140281677,0.015006503509678528,forced,100,naive,80,expD_symbolic_kv,6,symbolic_key_value_retrieval,20,1.0,8,source-pinned-noise-fifo
0.768750011920929,0.7281250357627869,0.7357375119924545,0.009415488006471478,20,500,20,0.5280588865280151,0.6042228888273239,0.019985481930687873,forced,10,gated,,expD_symbolic_kv,0,symbolic_key_value_retrieval,10,0.5,8,source-only
1.0,1.0,0.9953562580347061,0.0038903371889905326,20,500,20,0.002352624200284481,0.01575551667250693,0.010822022999123534,forced,15,gated,,expD_symbolic_kv,0,symbolic_key_value_retrieval,15,0.75,8,source-only
1.0,1.0,0.9999937499761582,0.00013961495698481725,20,500,20,7.844760148145724e-06,0.00011347636235041136,0.0014039787339883564,forced,20,gated,,expD_symbolic_kv,0,symbolic_key_value_retrieval,20,1.0,8,source-only
1.0,1.0,0.9999937499761582,0.00013961495698481725,20,500,20,7.844760148145724e-06,0.00011347636235041136,0.0014039787339883564,forced,25,gated,,expD_symbolic_kv,0,symbolic_key_value_retrieval,20,1.0,8,source-only
1.0,1.0,0.9999937499761582,0.00013961495698481725,20,500,20,7.844760148145724e-06,0.00011347636235041136,0.0014039787339883564,forced,30,gated,,expD_symbolic_kv,0,symbolic_key_value_retrieval,20,1.0,8,source-only
0.3375000059604645,0.28125,0.27291875490546225,0.01851267659986384,20,500,41,1.6427932977676392,1.6545519213676452,0.0018150948289328485,forced,10,gated,,expD_symbolic_kv,0,symbolic_key_value_retrieval,0,0.0,8,prefix-all
0.44062501192092896,0.390625,0.38657500529289246,0.015925971595128575,20,500,41,1.3170678615570068,1.3828760964870452,0.017931697354655378,forced,20,gated,,expD_symbolic_kv,0,symbolic_key_value_retrieval,0,0.0,8,prefix-all
1.0,1.0,0.9997187490463257,0.0009158996476152333,20,500,41,3.635533357737586e-05,0.0013456008956127335,0.003669316386765118,forced,39,gated,,expD_symbolic_kv,0,symbolic_key_value_retrieval,18,0.9,8,prefix-all
0.981249988079071,0.953125,0.9572062618732452,0.004476905548595921,20,500,41,0.03395025432109833,0.06192443154007196,0.007836881531991254,forced,40,gated,,expD_symbolic_kv,0,symbolic_key_value_retrieval,19,0.95,8,prefix-all
0.9781250357627869,0.953125,0.957237512588501,0.004446019884644365,20,500,41,0.03774014860391617,0.06288067817687988,0.007866094021682061,forced,41,gated,,expD_symbolic_kv,0,symbolic_key_value_retrieval,20,1.0,8,prefix-all
0.9781250357627869,0.953125,0.957237512588501,0.004446019884644365,20,500,41,0.03774014860391617,0.06288067817687988,0.007866094021682061,forced,42,gated,,expD_symbolic_kv,0,symbolic_key_value_retrieval,20,1.0,8,prefix-all
0.9781250357627869,0.953125,0.957237512588501,0.004446019884644365,20,500,41,0.03774014860391617,0.06288067817687988,0.007866094021682061,forced,43,gated,,expD_symbolic_kv,0,symbolic_key_value_retrieval,20,1.0,8,prefix-all
0.9781250357627869,0.953125,0.957237512588501,0.004446019884644365,20,500,41,0.03774014860391617,0.06288067817687988,0.007866094021682061,forced,51,gated,,expD_symbolic_kv,0,symbolic_key_value_retrieval,20,1.0,8,prefix-all
0.9781250357627869,0.953125,0.957237512588501,0.004446019884644365,20,500,41,0.03774014860391617,0.06288067817687988,0.007866094021682061,forced,61,gated,,expD_symbolic_kv,0,symbolic_key_value_retrieval,20,1.0,8,prefix-all
1.0,1.0,0.9999937499761582,0.00013961495698481725,20,500,20,7.844760148145724e-06,0.00011347636235041136,0.0014039787339883564,forced,20,gated,0,expD_symbolic_kv,0,symbolic_key_value_retrieval,20,1.0,8,source-pinned-noise-fifo
0.9750000238418579,0.953125,0.9572750124931335,0.004459477179007166,20,500,20,0.03764479234814644,0.06167073122411966,0.007401319396037975,forced,40,gated,20,expD_symbolic_kv,0,symbolic_key_value_retrieval,20,1.0,8,source-pinned-noise-fifo
0.9750000238418579,0.953125,0.9572750124931335,0.004459477179007166,20,500,20,0.03764479234814644,0.06167073122411966,0.007401319396037975,forced,60,gated,40,expD_symbolic_kv,0,symbolic_key_value_retrieval,20,1.0,8,source-pinned-noise-fifo
0.9750000238418579,0.953125,0.9572750124931335,0.004459477179007166,20,500,20,0.03764479234814644,0.06167073122411966,0.007401319396037975,forced,100,gated,80,expD_symbolic_kv,0,symbolic_key_value_retrieval,20,1.0,8,source-pinned-noise-fifo
0.7718750238418579,0.734375,0.7359187619686127,0.009101191277508053,40,500,20,0.5281366109848022,0.6028575781583786,0.020244187443455727,forced,10,gated,,expD_symbolic_kv,0,symbolic_key_value_retrieval,10,0.5,8,source-only
0.9437500238418579,0.9156250357627869,0.9192062609195709,0.006608973195079846,40,500,20,0.09759674966335297,0.14221803462505342,0.01092448082360416,forced,15,gated,,expD_symbolic_kv,0,symbolic_key_value_retrieval,15,0.75,8,source-only
1.0,1.0,0.9997187492847442,0.0010910693220023123,40,500,20,1.3867727830074728e-05,0.001301247075833089,0.0038914038569066584,forced,20,gated,,expD_symbolic_kv,0,symbolic_key_value_retrieval,20,1.0,8,source-only
1.0,1.0,0.9997187492847442,0.0010910693220023123,40,500,20,1.3867727830074728e-05,0.001301247075833089,0.0038914038569066584,forced,25,gated,,expD_symbolic_kv,0,symbolic_key_value_retrieval,20,1.0,8,source-only
1.0,1.0,0.9997187492847442,0.0010910693220023123,40,500,20,1.3867727830074728e-05,0.001301247075833089,0.0038914038569066584,forced,30,gated,,expD_symbolic_kv,0,symbolic_key_value_retrieval,20,1.0,8,source-only
0.34062501788139343,0.26250001788139343,0.2724125055372715,0.018048983171197523,40,500,61,1.6405807733535767,1.6547562012672423,0.002476168748845525,forced,10,gated,,expD_symbolic_kv,0,symbolic_key_value_retrieval,0,0.0,8,prefix-all
0.3375000059604645,0.25,0.27151250559091566,0.017635233020351117,40,500,61,1.6408042907714844,1.6544810543060302,0.0016000921478697746,forced,20,gated,,expD_symbolic_kv,0,symbolic_key_value_retrieval,0,0.0,8,prefix-all
0.953125,0.9312500357627869,0.9187687629461289,0.007244316052133349,40,500,61,0.09242087602615356,0.1442051371484995,0.016142368343314714,forced,59,gated,,expD_symbolic_kv,0,symbolic_key_value_retrieval,18,0.9,8,prefix-all
0.9781250357627869,0.9625000357627869,0.956862509727478,0.004753278624376769,40,500,61,0.03519205003976822,0.06280141414701938,0.008132928546294011,forced,60,gated,,expD_symbolic_kv,0,symbolic_key_value_retrieval,19,0.95,8,prefix-all
0.9437500238418579,0.921875,0.9189937610626221,0.006661393828489632,40,500,61,0.1010773554444313,0.14198425486683847,0.011664555524792132,forced,61,gated,,expD_symbolic_kv,0,symbolic_key_value_retrieval,20,1.0,8,prefix-all
0.9437500238418579,0.921875,0.9189937610626221,0.006661393828489632,40,500,61,0.1010773554444313,0.14198425486683847,0.011664555524792132,forced,62,gated,,expD_symbolic_kv,0,symbolic_key_value_retrieval,20,1.0,8,prefix-all
0.9437500238418579,0.921875,0.9189937610626221,0.006661393828489632,40,500,61,0.1010773554444313,0.14198425486683847,0.011664555524792132,forced,63,gated,,expD_symbolic_kv,0,symbolic_key_value_retrieval,20,1.0,8,prefix-all
0.9437500238418579,0.921875,0.9189937610626221,0.006661393828489632,40,500,61,0.1010773554444313,0.14198425486683847,0.011664555524792132,forced,71,gated,,expD_symbolic_kv,0,symbolic_key_value_retrieval,20,1.0,8,prefix-all
0.9437500238418579,0.921875,0.9189937610626221,0.006661393828489632,40,500,61,0.1010773554444313,0.14198425486683847,0.011664555524792132,forced,81,gated,,expD_symbolic_kv,0,symbolic_key_value_retrieval,20,1.0,8,prefix-all
1.0,1.0,0.9997187492847442,0.0010910693220023123,40,500,20,1.3867727830074728e-05,0.001301247075833089,0.0038914038569066584,forced,20,gated,0,expD_symbolic_kv,0,symbolic_key_value_retrieval,20,1.0,8,source-pinned-noise-fifo
1.0,1.0,0.9998187493085862,0.0007304510648955063,40,500,20,2.027568370976951e-05,0.0011218818665947765,0.003357895297117301,forced,40,gated,20,expD_symbolic_kv,0,symbolic_key_value_retrieval,20,1.0,8,source-pinned-noise-fifo
0.878125011920929,0.8531250357627869,0.8425750125646592,0.00931576222861098,40,500,20,0.2295064628124237,0.2851803247332573,0.014131573957813838,forced,60,gated,40,expD_symbolic_kv,0,symbolic_key_value_retrieval,20,1.0,8,source-pinned-noise-fifo
0.878125011920929,0.8531250357627869,0.8425750125646592,0.00931576222861098,40,500,20,0.2295064628124237,0.2851803247332573,0.014131573957813838,forced,100,gated,80,expD_symbolic_kv,0,symbolic_key_value_retrieval,20,1.0,8,source-pinned-noise-fifo
0.7718750238418579,0.7406250238418579,0.7356250127553939,0.008845460623517959,80,500,20,0.5273870825767517,0.6053137593269348,0.019656900217970414,forced,10,gated,,expD_symbolic_kv,0,symbolic_key_value_retrieval,10,0.5,8,source-only
0.9437500238418579,0.918749988079071,0.9201750113964081,0.006886398244551773,80,500,20,0.10170869529247284,0.13947838412225247,0.01053784365643559,forced,15,gated,,expD_symbolic_kv,0,symbolic_key_value_retrieval,15,0.75,8,source-only
1.0,1.0,0.9992499998807907,0.001774380706174086,80,500,20,9.542710358800832e-06,0.0046455413033545485,0.01052879804848021,forced,20,gated,,expD_symbolic_kv,0,symbolic_key_value_retrieval,20,1.0,8,source-only
1.0,1.0,0.9992499998807907,0.001774380706174086,80,500,20,9.542710358800832e-06,0.0046455413033545485,0.01052879804848021,forced,25,gated,,expD_symbolic_kv,0,symbolic_key_value_retrieval,20,1.0,8,source-only
1.0,1.0,0.9992499998807907,0.001774380706174086,80,500,20,9.542710358800832e-06,0.0046455413033545485,0.01052879804848021,forced,30,gated,,expD_symbolic_kv,0,symbolic_key_value_retrieval,20,1.0,8,source-only
0.34687501192092896,0.26875001192092896,0.2716125052273273,0.019437637407391475,80,500,101,1.6392061710357666,1.6632900564670563,0.0973662794055279,forced,10,gated,,expD_symbolic_kv,0,symbolic_key_value_retrieval,0,0.0,8,prefix-all
0.34062501788139343,0.2718749940395355,0.27112500587105753,0.01780383664609495,80,500,101,1.641444206237793,1.6546597769260407,0.002155686453881891,forced,20,gated,,expD_symbolic_kv,0,symbolic_key_value_retrieval,0,0.0,8,prefix-all
1.0,1.0,0.999731249332428,0.0009406418871804558,80,500,101,5.6187913287431e-05,0.0016922893243900034,0.005177204850478805,forced,99,gated,,expD_symbolic_kv,0,symbolic_key_value_retrieval,18,0.9,8,prefix-all
1.0,1.0,0.9997749992609024,0.0008316046775619359,80,500,101,2.8228916562511586e-05,0.0013646323066386686,0.0041297811824954865,forced,100,gated,,expD_symbolic_kv,0,symbolic_key_value_retrieval,19,0.95,8,prefix-all
1.0,1.0,0.9997499992847443,0.0008926803563794009,80,500,101,3.2491043384652585e-05,0.0017643711403143242,0.00527007377217551,forced,101,gated,,expD_symbolic_kv,0,symbolic_key_value_retrieval,20,1.0,8,prefix-all
1.0,1.0,0.9997499992847443,0.0008926803563794009,80,500,101,3.2491043384652585e-05,0.0017643711403143242,0.00527007377217551,forced,102,gated,,expD_symbolic_kv,0,symbolic_key_value_retrieval,20,1.0,8,prefix-all
1.0,1.0,0.9997499992847443,0.0008926803563794009,80,500,101,3.2491043384652585e-05,0.0017643711403143242,0.00527007377217551,forced,103,gated,,expD_symbolic_kv,0,symbolic_key_value_retrieval,20,1.0,8,prefix-all
1.0,1.0,0.9997499992847443,0.0008926803563794009,80,500,101,3.2491043384652585e-05,0.0017643711403143242,0.00527007377217551,forced,111,gated,,expD_symbolic_kv,0,symbolic_key_value_retrieval,20,1.0,8,prefix-all
1.0,1.0,0.9997499992847443,0.0008926803563794009,80,500,101,3.2491043384652585e-05,0.0017643711403143242,0.00527007377217551,forced,121,gated,,expD_symbolic_kv,0,symbolic_key_value_retrieval,20,1.0,8,prefix-all
1.0,1.0,0.9992499998807907,0.001774380706174086,80,500,20,9.542710358800832e-06,0.0046455413033545485,0.01052879804848021,forced,20,gated,0,expD_symbolic_kv,0,symbolic_key_value_retrieval,20,1.0,8,source-pinned-noise-fifo
1.0,1.0,0.9998687496185302,0.0006572625232910853,80,500,20,1.7531205230625346e-05,0.000828379328835581,0.0038186508641402444,forced,40,gated,20,expD_symbolic_kv,0,symbolic_key_value_retrieval,20,1.0,8,source-pinned-noise-fifo
1.0,1.0,0.9997187497615814,0.0010730168988767885,80,500,20,4.620990148396231e-05,0.0018459076060607913,0.0057866754453453255,forced,60,gated,40,expD_symbolic_kv,0,symbolic_key_value_retrieval,20,1.0,8,source-pinned-noise-fifo
0.9781250357627869,0.9593750238418579,0.9571062617301941,0.00444028404132036,80,500,20,0.032836247235536575,0.061711483284831045,0.007318703477521598,forced,100,gated,80,expD_symbolic_kv,0,symbolic_key_value_retrieval,20,1.0,8,source-pinned-noise-fifo
0.7750000357627869,0.746874988079071,0.7352125117778778,0.00917291315745709,20,500,20,0.5239130258560181,0.6061610072851181,0.020072411201288113,forced,10,gated,,expD_symbolic_kv,1,symbolic_key_value_retrieval,10,0.5,8,source-only
0.9468750357627869,0.9125000238418579,0.9189812614917755,0.006540531173516124,20,500,20,0.10099685192108154,0.14328702028095722,0.011758134329303234,forced,15,gated,,expD_symbolic_kv,1,symbolic_key_value_retrieval,15,0.75,8,source-only
1.0,1.0,0.9998062497377396,0.0008957144008364784,20,500,20,1.4728658243257087e-05,0.001358203180565397,0.006886357746500222,forced,20,gated,,expD_symbolic_kv,1,symbolic_key_value_retrieval,20,1.0,8,source-only
1.0,1.0,0.9998062497377396,0.0008957144008364784,20,500,20,1.4728658243257087e-05,0.001358203180565397,0.006886357746500222,forced,25,gated,,expD_symbolic_kv,1,symbolic_key_value_retrieval,20,1.0,8,source-only
1.0,1.0,0.9998062497377396,0.0008957144008364784,20,500,20,1.4728658243257087e-05,0.001358203180565397,0.006886357746500222,forced,30,gated,,expD_symbolic_kv,1,symbolic_key_value_retrieval,20,1.0,8,source-only
0.3375000059604645,0.296875,0.2726687554121017,0.01748143177583425,20,500,41,1.6430294513702393,1.6544556798934937,0.0015667340403050362,forced,10,gated,,expD_symbolic_kv,1,symbolic_key_value_retrieval,0,0.0,8,prefix-all
0.4468750059604645,0.40625,0.385118755877018,0.015585373469830969,20,500,41,1.2988107204437256,1.3835651769638062,0.017459456934001874,forced,20,gated,,expD_symbolic_kv,1,symbolic_key_value_retrieval,0,0.0,8,prefix-all
1.0,1.0,0.9997624992132187,0.0008513799660782523,20,500,41,3.03215638268739e-05,0.0012306818593206116,0.0035803482317207863,forced,39,gated,,expD_symbolic_kv,1,symbolic_key_value_retrieval,18,0.9,8,prefix-all
0.9781250357627869,0.956250011920929,0.9566187601089478,0.004702146262060619,20,500,41,0.03229488804936409,0.06338935773074626,0.008820503120185017,forced,40,gated,,expD_symbolic_kv,1,symbolic_key_value_retrieval,19,0.95,8,prefix-all
1.0,1.0,0.9999624998569488,0.00034026773773386217,20,500,41,1.5683464880567044e-05,0.00028040329671057406,0.0011679072468433998,forced,41,gated,,expD_symbolic_kv,1,symbolic_key_value_retrieval,20,1.0,8,prefix-all
1.0,1.0,0.9999624998569488,0.00034026773773386217,20,500,41,1.5683464880567044e-05,0.00028040329671057406,0.0011679072468433998,forced,42,gated,,expD_symbolic_kv,1,symbolic_key_value_retrieval,20,1.0,8,prefix-all
1.0,1.0,0.9999624998569488,0.00034026773773386217,20,500,41,1.5683464880567044e-05,0.00028040329671057406,0.0011679072468433998,forced,43,gated,,expD_symbolic_kv,1,symbolic_key_value_retrieval,20,1.0,8,prefix-all
1.0,1.0,0.9999624998569488,0.00034026773773386217,20,500,41,1.5683464880567044e-05,0.00028040329671057406,0.0011679072468433998,forced,51,gated,,expD_symbolic_kv,1,symbolic_key_value_retrieval,20,1.0,8,prefix-all
1.0,1.0,0.9999624998569488,0.00034026773773386217,20,500,41,1.5683464880567044e-05,0.00028040329671057406,0.0011679072468433998,forced,61,gated,,expD_symbolic_kv,1,symbolic_key_value_retrieval,20,1.0,8,prefix-all
1.0,1.0,0.9998062497377396,0.0008957144008364784,20,500,20,1.4728658243257087e-05,0.001358203180565397,0.006886357746500222,forced,20,gated,0,expD_symbolic_kv,1,symbolic_key_value_retrieval,20,1.0,8,source-pinned-noise-fifo
1.0,1.0,0.9993562492132186,0.0015422554543366386,20,500,20,2.021281761699356e-05,0.003609694405735354,0.00752772822848702,forced,40,gated,20,expD_symbolic_kv,1,symbolic_key_value_retrieval,20,1.0,8,source-pinned-noise-fifo
1.0,1.0,0.9993562492132186,0.0015422554543366386,20,500,20,2.021281761699356e-05,0.003609694405735354,0.00752772822848702,forced,60,gated,40,expD_symbolic_kv,1,symbolic_key_value_retrieval,20,1.0,8,source-pinned-noise-fifo
1.0,1.0,0.9993562492132186,0.0015422554543366386,20,500,20,2.021281761699356e-05,0.003609694405735354,0.00752772822848702,forced,100,gated,80,expD_symbolic_kv,1,symbolic_key_value_retrieval,20,1.0,8,source-pinned-noise-fifo
0.768750011920929,0.731249988079071,0.7358000123500824,0.008907107287672727,40,500,20,0.5103684663772583,0.604532884478569,0.01933183542353739,forced,10,gated,,expD_symbolic_kv,1,symbolic_key_value_retrieval,10,0.5,8,source-only
0.9468750357627869,0.9156250357627869,0.9187875120639801,0.007723147718121813,40,500,20,0.10124914348125458,0.14604978626966478,0.023624840825913263,forced,15,gated,,expD_symbolic_kv,1,symbolic_key_value_retrieval,15,0.75,8,source-only
1.0,1.0,0.999606249332428,0.0011945679369070586,40,500,20,1.9071489077759907e-05,0.0023201647404275717,0.006543119060278028,forced,20,gated,,expD_symbolic_kv,1,symbolic_key_value_retrieval,20,1.0,8,source-only
1.0,1.0,0.999606249332428,0.0011945679369070586,40,500,20,1.9071489077759907e-05,0.0023201647404275717,0.006543119060278028,forced,25,gated,,expD_symbolic_kv,1,symbolic_key_value_retrieval,20,1.0,8,source-only
1.0,1.0,0.999606249332428,0.0011945679369070586,40,500,20,1.9071489077759907e-05,0.0023201647404275717,0.006543119060278028,forced,30,gated,,expD_symbolic_kv,1,symbolic_key_value_retrieval,20,1.0,8,source-only
0.3499999940395355,0.28437501192092896,0.2709937559068203,0.0172341632412914,40,500,61,1.6390323638916016,1.6545102648735046,0.0016183142110182734,forced,10,gated,,expD_symbolic_kv,1,symbolic_key_value_retrieval,0,0.0,8,prefix-all
0.34687501192092896,0.28437501192092896,0.26957500591874123,0.017553019272703432,40,500,61,1.6400558948516846,1.6546123900413514,0.001805302231305158,forced,20,gated,,expD_symbolic_kv,1,symbolic_key_value_retrieval,0,0.0,8,prefix-all
0.840624988079071,0.8125,0.812643761396408,0.007890785620140454,40,500,61,0.35093626379966736,0.41414415419101713,0.017780622552111058,forced,59,gated,,expD_symbolic_kv,1,symbolic_key_value_retrieval,18,0.9,8,prefix-all
0.9781250357627869,0.953125,0.9566062610149384,0.0045853567304375,40,500,61,0.031911466270685196,0.0640062608346343,0.00929045378076279,forced,60,gated,,expD_symbolic_kv,1,symbolic_key_value_retrieval,19,0.95,8,prefix-all
0.9750000238418579,0.953125,0.9569625117778778,0.004489596771617531,40,500,61,0.03636844828724861,0.061303435653448105,0.00628196299956831,forced,61,gated,,expD_symbolic_kv,1,symbolic_key_value_retrieval,20,1.0,8,prefix-all
0.9750000238418579,0.953125,0.9569625117778778,0.004489596771617531,40,500,61,0.03636844828724861,0.061303435653448105,0.00628196299956831,forced,62,gated,,expD_symbolic_kv,1,symbolic_key_value_retrieval,20,1.0,8,prefix-all
0.9750000238418579,0.953125,0.9569625117778778,0.004489596771617531,40,500,61,0.03636844828724861,0.061303435653448105,0.00628196299956831,forced,63,gated,,expD_symbolic_kv,1,symbolic_key_value_retrieval,20,1.0,8,prefix-all
0.9750000238418579,0.953125,0.9569625117778778,0.004489596771617531,40,500,61,0.03636844828724861,0.061303435653448105,0.00628196299956831,forced,71,gated,,expD_symbolic_kv,1,symbolic_key_value_retrieval,20,1.0,8,prefix-all
0.9750000238418579,0.953125,0.9569625117778778,0.004489596771617531,40,500,61,0.03636844828724861,0.061303435653448105,0.00628196299956831,forced,81,gated,,expD_symbolic_kv,1,symbolic_key_value_retrieval,20,1.0,8,prefix-all
1.0,1.0,0.999606249332428,0.0011945679369070586,40,500,20,1.9071489077759907e-05,0.0023201647404275717,0.006543119060278028,forced,20,gated,0,expD_symbolic_kv,1,symbolic_key_value_retrieval,20,1.0,8,source-pinned-noise-fifo
1.0,1.0,0.9998937497138977,0.0005998382847188974,40,500,20,1.4729102076671552e-05,0.0009333172023725637,0.004934499630034944,forced,40,gated,20,expD_symbolic_kv,1,symbolic_key_value_retrieval,20,1.0,8,source-pinned-noise-fifo
1.0,1.0,0.999506248831749,0.0012695207773927052,40,500,20,4.4843174691777676e-05,0.002535375261650188,0.006404121769523893,forced,60,gated,40,expD_symbolic_kv,1,symbolic_key_value_retrieval,20,1.0,8,source-pinned-noise-fifo
1.0,1.0,0.999506248831749,0.0012695207773927052,40,500,20,4.4843174691777676e-05,0.002535375261650188,0.006404121769523893,forced,100,gated,80,expD_symbolic_kv,1,symbolic_key_value_retrieval,20,1.0,8,source-pinned-noise-fifo
0.9625000357627869,0.9375,0.9164187624454498,0.014632704552823193,80,500,20,0.12701205909252167,0.19602846664190293,0.025377525255976002,forced,10,gated,,expD_symbolic_kv,1,symbolic_key_value_retrieval,10,0.5,8,source-only
0.9468750357627869,0.9125000238418579,0.918500011920929,0.006618508789149367,80,500,20,0.101948581635952,0.14416222536563875,0.012717816597771027,forced,15,gated,,expD_symbolic_kv,1,symbolic_key_value_retrieval,15,0.75,8,source-only
1.0,1.0,0.9999187498092651,0.0005351335362031541,80,500,20,1.483117557654623e-05,0.0005357290114679927,0.002320305596435177,forced,20,gated,,expD_symbolic_kv,1,symbolic_key_value_retrieval,20,1.0,8,source-only
1.0,1.0,0.9999187498092651,0.0005351335362031541,80,500,20,1.483117557654623e-05,0.0005357290114679927,0.002320305596435177,forced,25,gated,,expD_symbolic_kv,1,symbolic_key_value_retrieval,20,1.0,8,source-only
1.0,1.0,0.9999187498092651,0.0005351335362031541,80,500,20,1.483117557654623e-05,0.0005357290114679927,0.002320305596435177,forced,30,gated,,expD_symbolic_kv,1,symbolic_key_value_retrieval,20,1.0,8,source-only
0.3531250059604645,0.26875001192092896,0.2715437550842762,0.01774239688721579,80,500,101,1.6421970129013062,1.654606066465378,0.001804489836296518,forced,10,gated,,expD_symbolic_kv,1,symbolic_key_value_retrieval,0,0.0,8,prefix-all
0.3531250059604645,0.26250001788139343,0.27115000593662264,0.017608530332758554,80,500,101,1.6426938772201538,1.6545071737766266,0.0016674694064257715,forced,20,gated,,expD_symbolic_kv,1,symbolic_key_value_retrieval,0,0.0,8,prefix-all
0.8062500357627869,0.765625,0.7746000127792358,0.00824171899111075,80,500,101,0.4291743338108063,0.5077489011883736,0.018300793638131294,forced,99,gated,,expD_symbolic_kv,1,symbolic_key_value_retrieval,18,0.9,8,prefix-all
1.0,1.0,0.9986062502861023,0.0028829407075917387,80,500,101,4.359153535915539e-05,0.006788709784683306,0.014234993941708,forced,100,gated,,expD_symbolic_kv,1,symbolic_key_value_retrieval,19,0.95,8,prefix-all
0.9750000238418579,0.953125,0.9571750116348267,0.004541896060007363,80,500,101,0.03988511487841606,0.06130322076380253,0.007074502457483115,forced,101,gated,,expD_symbolic_kv,1,symbolic_key_value_retrieval,20,1.0,8,prefix-all
0.9750000238418579,0.953125,0.9571750116348267,0.004541896060007363,80,500,101,0.03988511487841606,0.06130322076380253,0.007074502457483115,forced,102,gated,,expD_symbolic_kv,1,symbolic_key_value_retrieval,20,1.0,8,prefix-all
0.9750000238418579,0.953125,0.9571750116348267,0.004541896060007363,80,500,101,0.03988511487841606,0.06130322076380253,0.007074502457483115,forced,103,gated,,expD_symbolic_kv,1,symbolic_key_value_retrieval,20,1.0,8,prefix-all
0.9750000238418579,0.953125,0.9571750116348267,0.004541896060007363,80,500,101,0.03988511487841606,0.06130322076380253,0.007074502457483115,forced,111,gated,,expD_symbolic_kv,1,symbolic_key_value_retrieval,20,1.0,8,prefix-all
0.9750000238418579,0.953125,0.9571750116348267,0.004541896060007363,80,500,101,0.03988511487841606,0.06130322076380253,0.007074502457483115,forced,121,gated,,expD_symbolic_kv,1,symbolic_key_value_retrieval,20,1.0,8,prefix-all
1.0,1.0,0.9999187498092651,0.0005351335362031541,80,500,20,1.483117557654623e-05,0.0005357290114679927,0.002320305596435177,forced,20,gated,0,expD_symbolic_kv,1,symbolic_key_value_retrieval,20,1.0,8,source-pinned-noise-fifo
1.0,1.0,0.999881249666214,0.0006293299987771376,80,500,20,1.2281842828087974e-05,0.00077902483082471,0.0035840700794198374,forced,40,gated,20,expD_symbolic_kv,1,symbolic_key_value_retrieval,20,1.0,8,source-pinned-noise-fifo
1.0,0.996874988079071,0.9993249999284745,0.0017268080703485896,80,500,20,3.94723838326172e-06,0.003836678337648664,0.009595717333993914,forced,60,gated,40,expD_symbolic_kv,1,symbolic_key_value_retrieval,20,1.0,8,source-pinned-noise-fifo
1.0,1.0,0.9994749994277954,0.0013827047631652758,80,500,20,3.057999492739327e-05,0.0031166648442303995,0.008142627863653659,forced,100,gated,80,expD_symbolic_kv,1,symbolic_key_value_retrieval,20,1.0,8,source-pinned-noise-fifo
0.7750000357627869,0.7437500357627869,0.7346187624931335,0.009684433629481851,20,500,20,0.5208103060722351,0.6111034576892853,0.023992518132469325,forced,10,gated,,expD_symbolic_kv,2,symbolic_key_value_retrieval,10,0.5,8,source-only
0.9468750357627869,0.921875,0.9193312621116638,0.006482699661049402,20,500,20,0.09785600751638412,0.14141610008478164,0.010877698749583619,forced,15,gated,,expD_symbolic_kv,2,symbolic_key_value_retrieval,15,0.75,8,source-only
1.0,1.0,0.9997312498092651,0.0010579118577848773,20,500,20,1.728792631183751e-05,0.0017052050260535907,0.005500141940773454,forced,20,gated,,expD_symbolic_kv,2,symbolic_key_value_retrieval,20,1.0,8,source-only
1.0,1.0,0.9997312498092651,0.0010579118577848773,20,500,20,1.728792631183751e-05,0.0017052050260535907,0.005500141940773454,forced,25,gated,,expD_symbolic_kv,2,symbolic_key_value_retrieval,20,1.0,8,source-only
1.0,1.0,0.9997312498092651,0.0010579118577848773,20,500,20,1.728792631183751e-05,0.0017052050260535907,0.005500141940773454,forced,30,gated,,expD_symbolic_kv,2,symbolic_key_value_retrieval,20,1.0,8,source-only
0.34375,0.28437501192092896,0.2703562553822994,0.017833268019952792,20,500,41,1.6433357000350952,1.654608104467392,0.0018402350584365988,forced,10,gated,,expD_symbolic_kv,2,symbolic_key_value_retrieval,0,0.0,8,prefix-all
0.48750001192092896,0.47187501192092896,0.4336000056862831,0.017146683666265133,20,500,41,1.1038634777069092,1.1770947387218476,0.022487109955148934,forced,20,gated,,expD_symbolic_kv,2,symbolic_key_value_retrieval,0,0.0,8,prefix-all
1.0,1.0,0.9998187497854233,0.0008763155902321606,20,500,41,4.556432395474985e-05,0.0011264982618668,0.003185603220954613,forced,39,gated,,expD_symbolic_kv,2,symbolic_key_value_retrieval,18,0.9,8,prefix-all
0.875,0.8531250357627869,0.8423062624931336,0.009308387497181528,20,500,41,0.23225776851177216,0.28797073143720625,0.015989552960283187,forced,40,gated,,expD_symbolic_kv,2,symbolic_key_value_retrieval,19,0.95,8,prefix-all
0.8812500238418579,0.8531250357627869,0.8428625129461288,0.009410010725045494,20,500,41,0.23066620528697968,0.2847949922978878,0.014622728422841631,forced,41,gated,,expD_symbolic_kv,2,symbolic_key_value_retrieval,20,1.0,8,prefix-all
0.8812500238418579,0.8531250357627869,0.8428625129461288,0.009410010725045494,20,500,41,0.23066620528697968,0.2847949922978878,0.014622728422841631,forced,42,gated,,expD_symbolic_kv,2,symbolic_key_value_retrieval,20,1.0,8,prefix-all
0.8812500238418579,0.8531250357627869,0.8428625129461288,0.009410010725045494,20,500,41,0.23066620528697968,0.2847949922978878,0.014622728422841631,forced,43,gated,,expD_symbolic_kv,2,symbolic_key_value_retrieval,20,1.0,8,prefix-all
0.8812500238418579,0.8531250357627869,0.8428625129461288,0.009410010725045494,20,500,41,0.23066620528697968,0.2847949922978878,0.014622728422841631,forced,51,gated,,expD_symbolic_kv,2,symbolic_key_value_retrieval,20,1.0,8,prefix-all
0.8812500238418579,0.8531250357627869,0.8428625129461288,0.009410010725045494,20,500,41,0.23066620528697968,0.2847949922978878,0.014622728422841631,forced,61,gated,,expD_symbolic_kv,2,symbolic_key_value_retrieval,20,1.0,8,prefix-all
1.0,1.0,0.9997312498092651,0.0010579118577848773,20,500,20,1.728792631183751e-05,0.0017052050260535907,0.005500141940773454,forced,20,gated,0,expD_symbolic_kv,2,symbolic_key_value_retrieval,20,1.0,8,source-pinned-noise-fifo
0.84375,0.8062500357627869,0.7996187634468078,0.010405414052168122,20,500,20,0.2741420269012451,0.3486902735829353,0.020415059596677127,forced,40,gated,20,expD_symbolic_kv,2,symbolic_key_value_retrieval,20,1.0,8,source-pinned-noise-fifo
0.84375,0.8062500357627869,0.7996187634468078,0.010405414052168122,20,500,20,0.2741420269012451,0.3486902735829353,0.020415059596677127,forced,60,gated,40,expD_symbolic_kv,2,symbolic_key_value_retrieval,20,1.0,8,source-pinned-noise-fifo
0.84375,0.8062500357627869,0.7996187634468078,0.010405414052168122,20,500,20,0.2741420269012451,0.3486902735829353,0.020415059596677127,forced,100,gated,80,expD_symbolic_kv,2,symbolic_key_value_retrieval,20,1.0,8,source-pinned-noise-fifo
0.768750011920929,0.7281250357627869,0.7349875118732453,0.008855161775282849,40,500,20,0.5149840116500854,0.6071104086637497,0.020103980105281444,forced,10,gated,,expD_symbolic_kv,2,symbolic_key_value_retrieval,10,0.5,8,source-only
0.9468750357627869,0.925000011920929,0.9195562616586686,0.006759999869763731,40,500,20,0.10136575996875763,0.1414029210358858,0.011763581314823395,forced,15,gated,,expD_symbolic_kv,2,symbolic_key_value_retrieval,15,0.75,8,source-only
1.0,1.0,0.9998749996423721,0.0006434782037799897,40,500,20,2.6038416763185523e-05,0.0008719899827847258,0.0028698131324448855,forced,20,gated,,expD_symbolic_kv,2,symbolic_key_value_retrieval,20,1.0,8,source-only
1.0,1.0,0.9998749996423721,0.0006434782037799897,40,500,20,2.6038416763185523e-05,0.0008719899827847258,0.0028698131324448855,forced,25,gated,,expD_symbolic_kv,2,symbolic_key_value_retrieval,20,1.0,8,source-only
1.0,1.0,0.9998749996423721,0.0006434782037799897,40,500,20,2.6038416763185523e-05,0.0008719899827847258,0.0028698131324448855,forced,30,gated,,expD_symbolic_kv,2,symbolic_key_value_retrieval,20,1.0,8,source-only
0.34062501788139343,0.296875,0.27067500552535056,0.018116524956587627,40,500,61,1.6417735815048218,1.6544621036052705,0.001457164316883625,forced,10,gated,,expD_symbolic_kv,2,symbolic_key_value_retrieval,0,0.0,8,prefix-all
0.3499999940395355,0.30000001192092896,0.2708750050961971,0.01846068479617024,40,500,61,1.6387958526611328,1.6545153651237487,0.0015550796883107697,forced,20,gated,,expD_symbolic_kv,2,symbolic_key_value_retrieval,0,0.0,8,prefix-all
0.9125000238418579,0.878125011920929,0.88483751308918,0.007399123678702704,40,500,61,0.1749933511018753,0.22728399536013602,0.013163528959772972,forced,59,gated,,expD_symbolic_kv,2,symbolic_key_value_retrieval,18,0.9,8,prefix-all
0.9156250357627869,0.878125011920929,0.884787512421608,0.007431047623603476,40,500,61,0.175627201795578,0.22718608018755912,0.012821191792937428,forced,60,gated,,expD_symbolic_kv,2,symbolic_key_value_retrieval,19,0.95,8,prefix-all
0.8375000357627869,0.7906250357627869,0.7996875122785568,0.010136759870014136,40,500,61,0.2890198826789856,0.3457670156955719,0.015265918425218915,forced,61,gated,,expD_symbolic_kv,2,symbolic_key_value_retrieval,20,1.0,8,prefix-all
0.8375000357627869,0.7906250357627869,0.7996875122785568,0.010136759870014136,40,500,61,0.2890198826789856,0.3457670156955719,0.015265918425218915,forced,62,gated,,expD_symbolic_kv,2,symbolic_key_value_retrieval,20,1.0,8,prefix-all
0.8375000357627869,0.7906250357627869,0.7996875122785568,0.010136759870014136,40,500,61,0.2890198826789856,0.3457670156955719,0.015265918425218915,forced,63,gated,,expD_symbolic_kv,2,symbolic_key_value_retrieval,20,1.0,8,prefix-all
0.8375000357627869,0.7906250357627869,0.7996875122785568,0.010136759870014136,40,500,61,0.2890198826789856,0.3457670156955719,0.015265918425218915,forced,71,gated,,expD_symbolic_kv,2,symbolic_key_value_retrieval,20,1.0,8,prefix-all
0.8375000357627869,0.7906250357627869,0.7996875122785568,0.010136759870014136,40,500,61,0.2890198826789856,0.3457670156955719,0.015265918425218915,forced,81,gated,,expD_symbolic_kv,2,symbolic_key_value_retrieval,20,1.0,8,prefix-all
1.0,1.0,0.9998749996423721,0.0006434782037799897,40,500,20,2.6038416763185523e-05,0.0008719899827847258,0.0028698131324448855,forced,20,gated,0,expD_symbolic_kv,2,symbolic_key_value_retrieval,20,1.0,8,source-pinned-noise-fifo
1.0,1.0,0.9999187496900559,0.0004972992804022835,40,500,20,1.2861279174103402e-05,0.00040652377368132874,0.002073742641217112,forced,40,gated,20,expD_symbolic_kv,2,symbolic_key_value_retrieval,20,1.0,8,source-pinned-noise-fifo
0.8375000357627869,0.7906250357627869,0.7997562617063523,0.009836513184871644,40,500,20,0.2798749506473541,0.3456710032224655,0.015228559916663543,forced,60,gated,40,expD_symbolic_kv,2,symbolic_key_value_retrieval,20,1.0,8,source-pinned-noise-fifo
0.8375000357627869,0.7906250357627869,0.7997562617063523,0.009836513184871644,40,500,20,0.2798749506473541,0.3456710032224655,0.015228559916663543,forced,100,gated,80,expD_symbolic_kv,2,symbolic_key_value_retrieval,20,1.0,8,source-pinned-noise-fifo
0.778124988079071,0.737500011920929,0.7349375119209289,0.00913205998000248,80,500,20,0.5300472974777222,0.6066995141506195,0.020586069249268073,forced,10,gated,,expD_symbolic_kv,2,symbolic_key_value_retrieval,10,0.5,8,source-only
0.9468750357627869,0.9156250357627869,0.9198250123262406,0.006659742404664763,80,500,20,0.10211952030658722,0.1409497002363205,0.011582972963465304,forced,15,gated,,expD_symbolic_kv,2,symbolic_key_value_retrieval,15,0.75,8,source-only
1.0,1.0,0.9994624996185303,0.0018498719873586314,80,500,20,1.363460069114808e-05,0.0029288091918151624,0.00857960237900259,forced,20,gated,,expD_symbolic_kv,2,symbolic_key_value_retrieval,20,1.0,8,source-only
1.0,1.0,0.9994624996185303,0.0018498719873586314,80,500,20,1.363460069114808e-05,0.0029288091918151624,0.00857960237900259,forced,25,gated,,expD_symbolic_kv,2,symbolic_key_value_retrieval,20,1.0,8,source-only
1.0,1.0,0.9994624996185303,0.0018498719873586314,80,500,20,1.363460069114808e-05,0.0029288091918151624,0.00857960237900259,forced,30,gated,,expD_symbolic_kv,2,symbolic_key_value_retrieval,20,1.0,8,source-only
0.35625001788139343,0.2750000059604645,0.27131875514984133,0.01740440345363559,80,500,101,1.6442406177520752,1.6544422264099121,0.0014345848584279973,forced,10,gated,,expD_symbolic_kv,2,symbolic_key_value_retrieval,0,0.0,8,prefix-all
0.34062501788139343,0.27812501788139343,0.2716250056326389,0.016549405875647207,80,500,101,1.6441437005996704,1.6544615449905395,0.0014152944815828002,forced,20,gated,,expD_symbolic_kv,2,symbolic_key_value_retrieval,0,0.0,8,prefix-all
0.84375,0.800000011920929,0.805093761920929,0.010671360527094723,80,500,101,0.3001177906990051,0.36614432990550994,0.017870759906382268,forced,99,gated,,expD_symbolic_kv,2,symbolic_key_value_retrieval,18,0.9,8,prefix-all
0.878125011920929,0.8531250357627869,0.8424375114440918,0.009351846110648343,80,500,101,0.23057584464550018,0.2866025999188423,0.014728092058661928,forced,100,gated,,expD_symbolic_kv,2,symbolic_key_value_retrieval,19,0.95,8,prefix-all
0.9156250357627869,0.890625,0.8851250116825103,0.008300037187343774,80,500,101,0.17162004113197327,0.22661576536297798,0.017417714773004973,forced,101,gated,,expD_symbolic_kv,2,symbolic_key_value_retrieval,20,1.0,8,prefix-all
0.9156250357627869,0.890625,0.8851250116825103,0.008300037187343774,80,500,101,0.17162004113197327,0.22661576536297798,0.017417714773004973,forced,102,gated,,expD_symbolic_kv,2,symbolic_key_value_retrieval,20,1.0,8,prefix-all
0.9156250357627869,0.890625,0.8851250116825103,0.008300037187343774,80,500,101,0.17162004113197327,0.22661576536297798,0.017417714773004973,forced,103,gated,,expD_symbolic_kv,2,symbolic_key_value_retrieval,20,1.0,8,prefix-all
0.9156250357627869,0.890625,0.8851250116825103,0.008300037187343774,80,500,101,0.17162004113197327,0.22661576536297798,0.017417714773004973,forced,111,gated,,expD_symbolic_kv,2,symbolic_key_value_retrieval,20,1.0,8,prefix-all
0.9156250357627869,0.890625,0.8851250116825103,0.008300037187343774,80,500,101,0.17162004113197327,0.22661576536297798,0.017417714773004973,forced,121,gated,,expD_symbolic_kv,2,symbolic_key_value_retrieval,20,1.0,8,prefix-all
1.0,1.0,0.9994624996185303,0.0018498719873586314,80,500,20,1.363460069114808e-05,0.0029288091918151624,0.00857960237900259,forced,20,gated,0,expD_symbolic_kv,2,symbolic_key_value_retrieval,20,1.0,8,source-pinned-noise-fifo
1.0,1.0,0.9999749999046326,0.00027838928010827564,80,500,20,9.813571523409337e-06,0.00016623405783866473,0.0008326133583147728,forced,40,gated,20,expD_symbolic_kv,2,symbolic_key_value_retrieval,20,1.0,8,source-pinned-noise-fifo
1.0,1.0,0.9997624996900558,0.0009793968326274277,80,500,20,1.0081011168949772e-05,0.0015802492129932944,0.005354834219304416,forced,60,gated,40,expD_symbolic_kv,2,symbolic_key_value_retrieval,20,1.0,8,source-pinned-noise-fifo
0.84375,0.8062500357627869,0.799687512755394,0.010240277710261137,80,500,20,0.27725109457969666,0.34718136847019193,0.017734327466069975,forced,100,gated,80,expD_symbolic_kv,2,symbolic_key_value_retrieval,20,1.0,8,source-pinned-noise-fifo
0.7750000357627869,0.7406250238418579,0.735306262254715,0.009735363910691908,20,500,20,0.5280445218086243,0.6059627336263657,0.021399171378727273,forced,10,gated,,expD_symbolic_kv,3,symbolic_key_value_retrieval,10,0.5,8,source-only
0.9437500238418579,0.925000011920929,0.9190937631130218,0.006636413269711461,20,500,20,0.10107815265655518,0.14125080473721027,0.00999510606188027,forced,15,gated,,expD_symbolic_kv,3,symbolic_key_value_retrieval,15,0.75,8,source-only
1.0,0.996874988079071,0.999443749666214,0.0014997247246805554,20,500,20,2.6543018975644372e-05,0.003408764119776606,0.008333667577381043,forced,20,gated,,expD_symbolic_kv,3,symbolic_key_value_retrieval,20,1.0,8,source-only
1.0,0.996874988079071,0.999443749666214,0.0014997247246805554,20,500,20,2.6543018975644372e-05,0.003408764119776606,0.008333667577381043,forced,25,gated,,expD_symbolic_kv,3,symbolic_key_value_retrieval,20,1.0,8,source-only
1.0,0.996874988079071,0.999443749666214,0.0014997247246805554,20,500,20,2.6543018975644372e-05,0.003408764119776606,0.008333667577381043,forced,30,gated,,expD_symbolic_kv,3,symbolic_key_value_retrieval,20,1.0,8,source-only
0.34687501192092896,0.26250001788139343,0.2714687556624413,0.01830116544735661,20,500,41,1.6447718143463135,1.6545203156471253,0.0016310962517349862,forced,10,gated,,expD_symbolic_kv,3,symbolic_key_value_retrieval,0,0.0,8,prefix-all
0.48125001788139343,0.4281249940395355,0.427587505877018,0.015407998272966052,20,500,41,1.1370054483413696,1.2123295724391938,0.01895159508540423,forced,20,gated,,expD_symbolic_kv,3,symbolic_key_value_retrieval,0,0.0,8,prefix-all
1.0,1.0,0.9997812498807908,0.0009327996559909589,20,500,41,1.884948324004654e-05,0.0011062204269801442,0.003987546948823915,forced,39,gated,,expD_symbolic_kv,3,symbolic_key_value_retrieval,18,0.9,8,prefix-all
1.0,1.0,0.999756249666214,0.000987796399454519,20,500,41,2.4022716388572007e-05,0.0013275947983929655,0.0045782938571144296,forced,40,gated,,expD_symbolic_kv,3,symbolic_key_value_retrieval,19,0.95,8,prefix-all
0.9750000238418579,0.953125,0.9568062611818313,0.004712768111954084,20,500,41,0.0374089851975441,0.06380812160670757,0.008631328799344359,forced,41,gated,,expD_symbolic_kv,3,symbolic_key_value_retrieval,20,1.0,8,prefix-all
0.9750000238418579,0.953125,0.9568062611818313,0.004712768111954084,20,500,41,0.0374089851975441,0.06380812160670757,0.008631328799344359,forced,42,gated,,expD_symbolic_kv,3,symbolic_key_value_retrieval,20,1.0,8,prefix-all
0.9750000238418579,0.953125,0.9568062611818313,0.004712768111954084,20,500,41,0.0374089851975441,0.06380812160670757,0.008631328799344359,forced,43,gated,,expD_symbolic_kv,3,symbolic_key_value_retrieval,20,1.0,8,prefix-all
0.9750000238418579,0.953125,0.9568062611818313,0.004712768111954084,20,500,41,0.0374089851975441,0.06380812160670757,0.008631328799344359,forced,51,gated,,expD_symbolic_kv,3,symbolic_key_value_retrieval,20,1.0,8,prefix-all
0.9750000238418579,0.953125,0.9568062611818313,0.004712768111954084,20,500,41,0.0374089851975441,0.06380812160670757,0.008631328799344359,forced,61,gated,,expD_symbolic_kv,3,symbolic_key_value_retrieval,20,1.0,8,prefix-all
1.0,0.996874988079071,0.999443749666214,0.0014997247246805554,20,500,20,2.6543018975644372e-05,0.003408764119776606,0.008333667577381043,forced,20,gated,0,expD_symbolic_kv,3,symbolic_key_value_retrieval,20,1.0,8,source-pinned-noise-fifo
1.0,1.0,0.9993937491178513,0.0014669665875302997,20,500,20,3.127236777800135e-05,0.0033551230984958237,0.007189805121324356,forced,40,gated,20,expD_symbolic_kv,3,symbolic_key_value_retrieval,20,1.0,8,source-pinned-noise-fifo
1.0,1.0,0.9993937491178513,0.0014669665875302997,20,500,20,3.127236777800135e-05,0.0033551230984958237,0.007189805121324356,forced,60,gated,40,expD_symbolic_kv,3,symbolic_key_value_retrieval,20,1.0,8,source-pinned-noise-fifo
1.0,1.0,0.9993937491178513,0.0014669665875302997,20,500,20,3.127236777800135e-05,0.0033551230984958237,0.007189805121324356,forced,100,gated,80,expD_symbolic_kv,3,symbolic_key_value_retrieval,20,1.0,8,source-pinned-noise-fifo
0.7718750238418579,0.746874988079071,0.7353937624692917,0.009198189417176995,40,500,20,0.5295416712760925,0.6054359266757965,0.019782433724855282,forced,10,gated,,expD_symbolic_kv,3,symbolic_key_value_retrieval,10,0.5,8,source-only
0.9437500238418579,0.918749988079071,0.9198125118017196,0.007076864695627885,40,500,20,0.1008216142654419,0.14275987356901168,0.015004062728115797,forced,15,gated,,expD_symbolic_kv,3,symbolic_key_value_retrieval,15,0.75,8,source-only
1.0,1.0,0.9997874991893768,0.0007867089499230102,40,500,20,1.625900222279597e-05,0.0013914247175162019,0.0036160334643537202,forced,20,gated,,expD_symbolic_kv,3,symbolic_key_value_retrieval,20,1.0,8,source-only
1.0,1.0,0.9997874991893768,0.0007867089499230102,40,500,20,1.625900222279597e-05,0.0013914247175162019,0.0036160334643537202,forced,25,gated,,expD_symbolic_kv,3,symbolic_key_value_retrieval,20,1.0,8,source-only
1.0,1.0,0.9997874991893768,0.0007867089499230102,40,500,20,1.625900222279597e-05,0.0013914247175162019,0.0036160334643537202,forced,30,gated,,expD_symbolic_kv,3,symbolic_key_value_retrieval,20,1.0,8,source-only
0.34062501788139343,0.2562499940395355,0.271175005376339,0.016914833093918273,40,500,61,1.6409412622451782,1.6545747766494752,0.0015425851505199478,forced,10,gated,,expD_symbolic_kv,3,symbolic_key_value_retrieval,0,0.0,8,prefix-all
0.3375000059604645,0.25312501192092896,0.27112500530481337,0.017917563437783335,40,500,61,1.6418434381484985,1.6545841171741487,0.0015701290093408742,forced,20,gated,,expD_symbolic_kv,3,symbolic_key_value_retrieval,0,0.0,8,prefix-all
0.940625011920929,0.909375011920929,0.9142375123500824,0.006292716109413386,40,500,61,0.0869295597076416,0.12154829303920268,0.009856530272222575,forced,59,gated,,expD_symbolic_kv,3,symbolic_key_value_retrieval,18,0.9,8,prefix-all
0.840624988079071,0.809374988079071,0.8001500122547149,0.010119259164760136,40,500,61,0.2928289473056793,0.34515829765796663,0.015327287951564945,forced,60,gated,,expD_symbolic_kv,3,symbolic_key_value_retrieval,19,0.95,8,prefix-all
0.8375000357627869,0.8125,0.8001937619447708,0.010207877477376608,40,500,61,0.29156506061553955,0.3449234076738358,0.01522166159031936,forced,61,gated,,expD_symbolic_kv,3,symbolic_key_value_retrieval,20,1.0,8,prefix-all
0.8375000357627869,0.8125,0.8001937619447708,0.010207877477376608,40,500,61,0.29156506061553955,0.3449234076738358,0.01522166159031936,forced,62,gated,,expD_symbolic_kv,3,symbolic_key_value_retrieval,20,1.0,8,prefix-all
0.8375000357627869,0.8125,0.8001937619447708,0.010207877477376608,40,500,61,0.29156506061553955,0.3449234076738358,0.01522166159031936,forced,63,gated,,expD_symbolic_kv,3,symbolic_key_value_retrieval,20,1.0,8,prefix-all
0.8375000357627869,0.8125,0.8001937619447708,0.010207877477376608,40,500,61,0.29156506061553955,0.3449234076738358,0.01522166159031936,forced,71,gated,,expD_symbolic_kv,3,symbolic_key_value_retrieval,20,1.0,8,prefix-all
0.8375000357627869,0.8125,0.8001937619447708,0.010207877477376608,40,500,61,0.29156506061553955,0.3449234076738358,0.01522166159031936,forced,81,gated,,expD_symbolic_kv,3,symbolic_key_value_retrieval,20,1.0,8,prefix-all
1.0,1.0,0.9997874991893768,0.0007867089499230102,40,500,20,1.625900222279597e-05,0.0013914247175162019,0.0036160334643537202,forced,20,gated,0,expD_symbolic_kv,3,symbolic_key_value_retrieval,20,1.0,8,source-pinned-noise-fifo
1.0,1.0,0.9999062496423722,0.0005330870994716429,40,500,20,1.7008493159664795e-05,0.0006102291852475901,0.002232140185112061,forced,40,gated,20,expD_symbolic_kv,3,symbolic_key_value_retrieval,20,1.0,8,source-pinned-noise-fifo
0.8812500238418579,0.84375,0.8422625119686127,0.009128758146629255,40,500,20,0.22555391490459442,0.2884887289404869,0.016200782968656995,forced,60,gated,40,expD_symbolic_kv,3,symbolic_key_value_retrieval,20,1.0,8,source-pinned-noise-fifo
0.8812500238418579,0.84375,0.8422625119686127,0.009128758146629255,40,500,20,0.22555391490459442,0.2884887289404869,0.016200782968656995,forced,100,gated,80,expD_symbolic_kv,3,symbolic_key_value_retrieval,20,1.0,8,source-pinned-noise-fifo
0.7750000357627869,0.753125011920929,0.7358687628507614,0.009115960655074756,80,500,20,0.5285919904708862,0.6052253742218018,0.02007904074668368,forced,10,gated,,expD_symbolic_kv,3,symbolic_key_value_retrieval,10,0.5,8,source-only
0.949999988079071,0.925000011920929,0.9199562616348267,0.006954794691586453,80,500,20,0.09105361253023148,0.13998534514009953,0.010601586857919457,forced,15,gated,,expD_symbolic_kv,3,symbolic_key_value_retrieval,15,0.75,8,source-only
1.0,1.0,1.0,0.0,80,500,20,5.095670076116221e-06,2.8456318643293344e-05,8.56468908415633e-05,forced,20,gated,,expD_symbolic_kv,3,symbolic_key_value_retrieval,20,1.0,8,source-only
1.0,1.0,1.0,0.0,80,500,20,5.095670076116221e-06,2.8456318643293344e-05,8.56468908415633e-05,forced,25,gated,,expD_symbolic_kv,3,symbolic_key_value_retrieval,20,1.0,8,source-only
1.0,1.0,1.0,0.0,80,500,20,5.095670076116221e-06,2.8456318643293344e-05,8.56468908415633e-05,forced,30,gated,,expD_symbolic_kv,3,symbolic_key_value_retrieval,20,1.0,8,source-only
0.3531250059604645,0.265625,0.2704625051021576,0.018610863431642897,80,500,101,1.6430851221084595,1.6546232993602752,0.0016053940736302022,forced,10,gated,,expD_symbolic_kv,3,symbolic_key_value_retrieval,0,0.0,8,prefix-all
0.34062501788139343,0.265625,0.2700812556743622,0.018220793908870388,80,500,101,1.642276406288147,1.654598801612854,0.0015604224134094977,forced,20,gated,,expD_symbolic_kv,3,symbolic_key_value_retrieval,0,0.0,8,prefix-all
0.875,0.84375,0.84090001142025,0.009493140240062686,80,500,101,0.2333451211452484,0.29269234907627106,0.019057692376161253,forced,99,gated,,expD_symbolic_kv,3,symbolic_key_value_retrieval,18,0.9,8,prefix-all
0.875,0.84375,0.8425250109434128,0.00909924562808343,80,500,101,0.23583069443702698,0.2864725737571716,0.014419943632141954,forced,100,gated,,expD_symbolic_kv,3,symbolic_key_value_retrieval,19,0.95,8,prefix-all
0.871874988079071,0.840624988079071,0.8422312613725662,0.00923531680918302,80,500,101,0.2330257147550583,0.28810048538446426,0.01610251057523222,forced,101,gated,,expD_symbolic_kv,3,symbolic_key_value_retrieval,20,1.0,8,prefix-all
0.871874988079071,0.840624988079071,0.8422312613725662,0.00923531680918302,80,500,101,0.2330257147550583,0.28810048538446426,0.01610251057523222,forced,102,gated,,expD_symbolic_kv,3,symbolic_key_value_retrieval,20,1.0,8,prefix-all
0.871874988079071,0.840624988079071,0.8422312613725662,0.00923531680918302,80,500,101,0.2330257147550583,0.28810048538446426,0.01610251057523222,forced,103,gated,,expD_symbolic_kv,3,symbolic_key_value_retrieval,20,1.0,8,prefix-all
0.871874988079071,0.840624988079071,0.8422312613725662,0.00923531680918302,80,500,101,0.2330257147550583,0.28810048538446426,0.01610251057523222,forced,111,gated,,expD_symbolic_kv,3,symbolic_key_value_retrieval,20,1.0,8,prefix-all
0.871874988079071,0.840624988079071,0.8422312613725662,0.00923531680918302,80,500,101,0.2330257147550583,0.28810048538446426,0.01610251057523222,forced,121,gated,,expD_symbolic_kv,3,symbolic_key_value_retrieval,20,1.0,8,prefix-all
1.0,1.0,1.0,0.0,80,500,20,5.095670076116221e-06,2.8456318643293344e-05,8.56468908415633e-05,forced,20,gated,0,expD_symbolic_kv,3,symbolic_key_value_retrieval,20,1.0,8,source-pinned-noise-fifo
1.0,1.0,0.9997062497138977,0.0011741179793025222,80,500,20,1.7188469428219832e-05,0.001820524509450479,0.00797510344437067,forced,40,gated,20,expD_symbolic_kv,3,symbolic_key_value_retrieval,20,1.0,8,source-pinned-noise-fifo
1.0,1.0,0.9998249995708466,0.0007709582595363976,80,500,20,1.2505168342613615e-05,0.0011002090370420773,0.004109610409988492,forced,60,gated,40,expD_symbolic_kv,3,symbolic_key_value_retrieval,20,1.0,8,source-pinned-noise-fifo
1.0,1.0,0.9997312498092651,0.0010203198752622472,80,500,20,8.905690265237354e-06,0.0020430898891245306,0.006335151643780483,forced,100,gated,80,expD_symbolic_kv,3,symbolic_key_value_retrieval,20,1.0,8,source-pinned-noise-fifo
0.7718750238418579,0.737500011920929,0.7352187629938126,0.009847022726976707,20,500,20,0.5274710655212402,0.604788726568222,0.022127830862905807,forced,10,gated,,expD_symbolic_kv,4,symbolic_key_value_retrieval,10,0.5,8,source-only
0.9437500238418579,0.909375011920929,0.9187187608480454,0.00745422051885278,20,500,20,0.10247530043125153,0.14526085238158704,0.018589458086067094,forced,15,gated,,expD_symbolic_kv,4,symbolic_key_value_retrieval,15,0.75,8,source-only
1.0,1.0,0.9997062492370605,0.0009740996697252753,20,500,20,2.312779542990029e-05,0.0019833759511311655,0.005273380425905882,forced,20,gated,,expD_symbolic_kv,4,symbolic_key_value_retrieval,20,1.0,8,source-only
1.0,1.0,0.9997062492370605,0.0009740996697252753,20,500,20,2.312779542990029e-05,0.0019833759511311655,0.005273380425905882,forced,25,gated,,expD_symbolic_kv,4,symbolic_key_value_retrieval,20,1.0,8,source-only
1.0,1.0,0.9997062492370605,0.0009740996697252753,20,500,20,2.312779542990029e-05,0.0019833759511311655,0.005273380425905882,forced,30,gated,,expD_symbolic_kv,4,symbolic_key_value_retrieval,20,1.0,8,source-only
0.34375,0.2874999940395355,0.2715937559604645,0.018434296345403355,20,500,41,1.6429014205932617,1.6546528446674347,0.0017928105367045074,forced,10,gated,,expD_symbolic_kv,4,symbolic_key_value_retrieval,0,0.0,8,prefix-all
0.45000001788139343,0.40625,0.3866625055670738,0.015232629245180793,20,500,41,1.3201572895050049,1.3831419792175292,0.01725289814939265,forced,20,gated,,expD_symbolic_kv,4,symbolic_key_value_retrieval,0,0.0,8,prefix-all
1.0,1.0,0.9993312482833863,0.0014121560969486927,20,500,41,1.6933297956711613e-05,0.0033152585078350966,0.006313696000166628,forced,39,gated,,expD_symbolic_kv,4,symbolic_key_value_retrieval,18,0.9,8,prefix-all
1.0,1.0,0.9996562498807907,0.001193650171229205,20,500,41,1.7868214854388498e-05,0.002192272535437951,0.006143706401282071,forced,40,gated,,expD_symbolic_kv,4,symbolic_key_value_retrieval,19,0.95,8,prefix-all
1.0,1.0,0.9992312502861023,0.001950266706451212,20,500,41,3.7330151826608926e-05,0.004592839700992044,0.011972963260651318,forced,41,gated,,expD_symbolic_kv,4,symbolic_key_value_retrieval,20,1.0,8,prefix-all
1.0,1.0,0.9992312502861023,0.001950266706451212,20,500,41,3.7330151826608926e-05,0.004592839700992044,0.011972963260651318,forced,42,gated,,expD_symbolic_kv,4,symbolic_key_value_retrieval,20,1.0,8,prefix-all
1.0,1.0,0.9992312502861023,0.001950266706451212,20,500,41,3.7330151826608926e-05,0.004592839700992044,0.011972963260651318,forced,43,gated,,expD_symbolic_kv,4,symbolic_key_value_retrieval,20,1.0,8,prefix-all
1.0,1.0,0.9992312502861023,0.001950266706451212,20,500,41,3.7330151826608926e-05,0.004592839700992044,0.011972963260651318,forced,51,gated,,expD_symbolic_kv,4,symbolic_key_value_retrieval,20,1.0,8,prefix-all
1.0,1.0,0.9992312502861023,0.001950266706451212,20,500,41,3.7330151826608926e-05,0.004592839700992044,0.011972963260651318,forced,61,gated,,expD_symbolic_kv,4,symbolic_key_value_retrieval,20,1.0,8,prefix-all
1.0,1.0,0.9997062492370605,0.0009740996697252753,20,500,20,2.312779542990029e-05,0.0019833759511311655,0.005273380425905882,forced,20,gated,0,expD_symbolic_kv,4,symbolic_key_value_retrieval,20,1.0,8,source-pinned-noise-fifo
1.0,1.0,0.9999062497615814,0.0005685447967258129,20,500,20,1.0769648724817671e-05,0.0004769600665731559,0.0017462202510652716,forced,40,gated,20,expD_symbolic_kv,4,symbolic_key_value_retrieval,20,1.0,8,source-pinned-noise-fifo
1.0,1.0,0.9999062497615814,0.0005685447967258129,20,500,20,1.0769648724817671e-05,0.0004769600665731559,0.0017462202510652716,forced,60,gated,40,expD_symbolic_kv,4,symbolic_key_value_retrieval,20,1.0,8,source-pinned-noise-fifo
1.0,1.0,0.9999062497615814,0.0005685447967258129,20,500,20,1.0769648724817671e-05,0.0004769600665731559,0.0017462202510652716,forced,100,gated,80,expD_symbolic_kv,4,symbolic_key_value_retrieval,20,1.0,8,source-pinned-noise-fifo
0.7718750238418579,0.737500011920929,0.7348500107526779,0.009029516927507237,40,500,20,0.5286146402359009,0.6074656443595886,0.022240285301741675,forced,10,gated,,expD_symbolic_kv,4,symbolic_key_value_retrieval,10,0.5,8,source-only
0.9437500238418579,0.921875,0.9196625109910965,0.0069335110606889485,40,500,20,0.10467900335788727,0.14020090629160403,0.010527036014199558,forced,15,gated,,expD_symbolic_kv,4,symbolic_key_value_retrieval,15,0.75,8,source-only
1.0,0.996874988079071,0.9998999996185303,0.0005500020980834961,40,500,20,6.4267196648870595e-06,0.0004991375428944593,0.002342925687557137,forced,20,gated,,expD_symbolic_kv,4,symbolic_key_value_retrieval,20,1.0,8,source-only
1.0,0.996874988079071,0.9998999996185303,0.0005500020980834961,40,500,20,6.4267196648870595e-06,0.0004991375428944593,0.002342925687557137,forced,25,gated,,expD_symbolic_kv,4,symbolic_key_value_retrieval,20,1.0,8,source-only
1.0,0.996874988079071,0.9998999996185303,0.0005500020980834961,40,500,20,6.4267196648870595e-06,0.0004991375428944593,0.002342925687557137,forced,30,gated,,expD_symbolic_kv,4,symbolic_key_value_retrieval,20,1.0,8,source-only
0.34375,0.2750000059604645,0.2695937551259994,0.017948794367385685,40,500,61,1.6432632207870483,1.655459526538849,0.008140731882034319,forced,10,gated,,expD_symbolic_kv,4,symbolic_key_value_retrieval,0,0.0,8,prefix-all
0.34687501192092896,0.26250001788139343,0.2701000058352947,0.017622722405669332,40,500,61,1.6438982486724854,1.654622720003128,0.0018224485549905103,forced,20,gated,,expD_symbolic_kv,4,symbolic_key_value_retrieval,0,0.0,8,prefix-all
0.9468750357627869,0.925000011920929,0.9191937623023987,0.006864931165811033,40,500,61,0.10078096389770508,0.1411832340657711,0.010963090721294184,forced,59,gated,,expD_symbolic_kv,4,symbolic_key_value_retrieval,18,0.9,8,prefix-all
0.9781250357627869,0.9593750238418579,0.9565750102996826,0.004711594734993011,40,500,61,0.032829515635967255,0.0627738863825798,0.007287877291967145,forced,60,gated,,expD_symbolic_kv,4,symbolic_key_value_retrieval,19,0.95,8,prefix-all
1.0,0.996874988079071,0.9992749996185303,0.001706419393163357,40,500,61,1.946740121638868e-05,0.003776931575444905,0.008285216355196356,forced,61,gated,,expD_symbolic_kv,4,symbolic_key_value_retrieval,20,1.0,8,prefix-all
1.0,0.996874988079071,0.9992749996185303,0.001706419393163357,40,500,61,1.946740121638868e-05,0.003776931575444905,0.008285216355196356,forced,62,gated,,expD_symbolic_kv,4,symbolic_key_value_retrieval,20,1.0,8,prefix-all
1.0,0.996874988079071,0.9992749996185303,0.001706419393163357,40,500,61,1.946740121638868e-05,0.003776931575444905,0.008285216355196356,forced,63,gated,,expD_symbolic_kv,4,symbolic_key_value_retrieval,20,1.0,8,prefix-all
1.0,0.996874988079071,0.9992749996185303,0.001706419393163357,40,500,61,1.946740121638868e-05,0.003776931575444905,0.008285216355196356,forced,71,gated,,expD_symbolic_kv,4,symbolic_key_value_retrieval,20,1.0,8,prefix-all
1.0,0.996874988079071,0.9992749996185303,0.001706419393163357,40,500,61,1.946740121638868e-05,0.003776931575444905,0.008285216355196356,forced,81,gated,,expD_symbolic_kv,4,symbolic_key_value_retrieval,20,1.0,8,prefix-all
1.0,0.996874988079071,0.9998999996185303,0.0005500020980834961,40,500,20,6.4267196648870595e-06,0.0004991375428944593,0.002342925687557137,forced,20,gated,0,expD_symbolic_kv,4,symbolic_key_value_retrieval,20,1.0,8,source-pinned-noise-fifo
1.0,1.0,0.9996562496423721,0.001241769081408292,40,500,20,8.321605491801165e-06,0.001954156926347423,0.0058392166596298554,forced,40,gated,20,expD_symbolic_kv,4,symbolic_key_value_retrieval,20,1.0,8,source-pinned-noise-fifo
1.0,1.0,0.9995874997377395,0.0012754274210659475,40,500,20,3.0671995773445815e-05,0.002157854009863513,0.005678452732518002,forced,60,gated,40,expD_symbolic_kv,4,symbolic_key_value_retrieval,20,1.0,8,source-pinned-noise-fifo
1.0,1.0,0.9995874997377395,0.0012754274210659475,40,500,20,3.0671995773445815e-05,0.002157854009863513,0.005678452732518002,forced,100,gated,80,expD_symbolic_kv,4,symbolic_key_value_retrieval,20,1.0,8,source-pinned-noise-fifo
0.7718750238418579,0.737500011920929,0.7350187638998031,0.0087430582798142,80,500,20,0.5371006727218628,0.605923590183258,0.020232024100561838,forced,10,gated,,expD_symbolic_kv,4,symbolic_key_value_retrieval,10,0.5,8,source-only
0.9437500238418579,0.925000011920929,0.9195500119924546,0.00707000533577978,80,500,20,0.10096368938684464,0.1419588751345873,0.011537844471141858,forced,15,gated,,expD_symbolic_kv,4,symbolic_key_value_retrieval,15,0.75,8,source-only
1.0,1.0,0.9998499999046325,0.0007762079484981106,80,500,20,1.2792955203622114e-05,0.0011687996814180224,0.004962167280131283,forced,20,gated,,expD_symbolic_kv,4,symbolic_key_value_retrieval,20,1.0,8,source-only
1.0,1.0,0.9998499999046325,0.0007762079484981106,80,500,20,1.2792955203622114e-05,0.0011687996814180224,0.004962167280131283,forced,25,gated,,expD_symbolic_kv,4,symbolic_key_value_retrieval,20,1.0,8,source-only
1.0,1.0,0.9998499999046325,0.0007762079484981106,80,500,20,1.2792955203622114e-05,0.0011687996814180224,0.004962167280131283,forced,30,gated,,expD_symbolic_kv,4,symbolic_key_value_retrieval,20,1.0,8,source-only
0.34687501192092896,0.2593750059604645,0.27118750536441805,0.017337302866965512,80,500,101,1.6420238018035889,1.6563151535987855,0.02018309258739901,forced,10,gated,,expD_symbolic_kv,4,symbolic_key_value_retrieval,0,0.0,8,prefix-all
0.34687501192092896,0.2750000059604645,0.2712687559425831,0.017527981651753795,80,500,101,1.6432243585586548,1.654545812368393,0.0018941423826721237,forced,20,gated,,expD_symbolic_kv,4,symbolic_key_value_retrieval,0,0.0,8,prefix-all
1.0,1.0,0.9993812490701676,0.001539822615072541,80,500,101,3.6933819501427934e-05,0.0036881123362254584,0.008693475748450486,forced,99,gated,,expD_symbolic_kv,4,symbolic_key_value_retrieval,18,0.9,8,prefix-all
1.0,1.0,0.9998562495708465,0.00068382695128293,80,500,101,1.7368485714541748e-05,0.0008603158758451173,0.0024389889472139475,forced,100,gated,,expD_symbolic_kv,4,symbolic_key_value_retrieval,19,0.95,8,prefix-all
1.0,1.0,0.9997062493562698,0.000993947455604978,80,500,101,3.564778307918459e-05,0.0013780137018766254,0.0037264428104324177,forced,101,gated,,expD_symbolic_kv,4,symbolic_key_value_retrieval,20,1.0,8,prefix-all
1.0,1.0,0.9997062493562698,0.000993947455604978,80,500,101,3.564778307918459e-05,0.0013780137018766254,0.0037264428104324177,forced,102,gated,,expD_symbolic_kv,4,symbolic_key_value_retrieval,20,1.0,8,prefix-all
1.0,1.0,0.9997062493562698,0.000993947455604978,80,500,101,3.564778307918459e-05,0.0013780137018766254,0.0037264428104324177,forced,103,gated,,expD_symbolic_kv,4,symbolic_key_value_retrieval,20,1.0,8,prefix-all
1.0,1.0,0.9997062493562698,0.000993947455604978,80,500,101,3.564778307918459e-05,0.0013780137018766254,0.0037264428104324177,forced,111,gated,,expD_symbolic_kv,4,symbolic_key_value_retrieval,20,1.0,8,prefix-all
1.0,1.0,0.9997062493562698,0.000993947455604978,80,500,101,3.564778307918459e-05,0.0013780137018766254,0.0037264428104324177,forced,121,gated,,expD_symbolic_kv,4,symbolic_key_value_retrieval,20,1.0,8,prefix-all
1.0,1.0,0.9998499999046325,0.0007762079484981106,80,500,20,1.2792955203622114e-05,0.0011687996814180224,0.004962167280131283,forced,20,gated,0,expD_symbolic_kv,4,symbolic_key_value_retrieval,20,1.0,8,source-pinned-noise-fifo
1.0,0.996874988079071,0.9996249995231629,0.0012716864382945451,80,500,20,6.631182714045281e-06,0.002067143040603696,0.005766548674816884,forced,40,gated,20,expD_symbolic_kv,4,symbolic_key_value_retrieval,20,1.0,8,source-pinned-noise-fifo
1.0,1.0,0.9996812497377395,0.0011675785991365737,80,500,20,2.205477539973799e-05,0.0017806278626594577,0.004666703143993585,forced,60,gated,40,expD_symbolic_kv,4,symbolic_key_value_retrieval,20,1.0,8,source-pinned-noise-fifo
0.9750000238418579,0.9625000357627869,0.9570625113248825,0.00449436212897253,80,500,20,0.03622908517718315,0.061781489744782446,0.0069186864900772855,forced,100,gated,80,expD_symbolic_kv,4,symbolic_key_value_retrieval,20,1.0,8,source-pinned-noise-fifo
0.768750011920929,0.731249988079071,0.7356000128984451,0.009203820796708107,20,500,20,0.5273588299751282,0.6053865664005279,0.019334414185697733,forced,10,gated,,expD_symbolic_kv,5,symbolic_key_value_retrieval,10,0.5,8,source-only
0.9468750357627869,0.9281250238418579,0.9193062628507614,0.007067141073850933,20,500,20,0.09459908306598663,0.14236315517127515,0.01282193475624752,forced,15,gated,,expD_symbolic_kv,5,symbolic_key_value_retrieval,15,0.75,8,source-only
1.0,1.0,0.9996312495470047,0.001369577144749053,20,500,20,1.256991527043283e-05,0.002030641111512523,0.006028808875225737,forced,20,gated,,expD_symbolic_kv,5,symbolic_key_value_retrieval,20,1.0,8,source-only
1.0,1.0,0.9996312495470047,0.001369577144749053,20,500,20,1.256991527043283e-05,0.002030641111512523,0.006028808875225737,forced,25,gated,,expD_symbolic_kv,5,symbolic_key_value_retrieval,20,1.0,8,source-only
1.0,1.0,0.9996312495470047,0.001369577144749053,20,500,20,1.256991527043283e-05,0.002030641111512523,0.006028808875225737,forced,30,gated,,expD_symbolic_kv,5,symbolic_key_value_retrieval,20,1.0,8,source-only
0.41875001788139343,0.34375,0.3570375064611435,0.017856988516562908,20,500,41,1.4019489288330078,1.425531439781189,0.0076480951040468585,forced,10,gated,,expD_symbolic_kv,5,symbolic_key_value_retrieval,0,0.0,8,prefix-all
0.4124999940395355,0.3375000059604645,0.345725005865097,0.01677067704472499,20,500,41,1.3830660581588745,1.4612750265598298,0.019349063940284364,forced,20,gated,,expD_symbolic_kv,5,symbolic_key_value_retrieval,0,0.0,8,prefix-all
0.840624988079071,0.809374988079071,0.7988250114917755,0.010246294802046033,20,500,41,0.2866361737251282,0.3477043930888176,0.015003594059956032,forced,39,gated,,expD_symbolic_kv,5,symbolic_key_value_retrieval,18,0.9,8,prefix-all
0.84375,0.762499988079071,0.7856937601566315,0.025773184714666074,20,500,41,0.3207727372646332,0.4254626169800758,0.06860233275613373,forced,40,gated,,expD_symbolic_kv,5,symbolic_key_value_retrieval,19,0.95,8,prefix-all
0.84375,0.8125,0.8076250125169754,0.008956489879369742,20,500,41,0.3217957615852356,0.37802997893095014,0.016251868586703758,forced,41,gated,,expD_symbolic_kv,5,symbolic_key_value_retrieval,20,1.0,8,prefix-all
0.84375,0.8125,0.8076250125169754,0.008956489879369742,20,500,41,0.3217957615852356,0.37802997893095014,0.016251868586703758,forced,42,gated,,expD_symbolic_kv,5,symbolic_key_value_retrieval,20,1.0,8,prefix-all
0.84375,0.8125,0.8076250125169754,0.008956489879369742,20,500,41,0.3217957615852356,0.37802997893095014,0.016251868586703758,forced,43,gated,,expD_symbolic_kv,5,symbolic_key_value_retrieval,20,1.0,8,prefix-all
0.84375,0.8125,0.8076250125169754,0.008956489879369742,20,500,41,0.3217957615852356,0.37802997893095014,0.016251868586703758,forced,51,gated,,expD_symbolic_kv,5,symbolic_key_value_retrieval,20,1.0,8,prefix-all
0.84375,0.8125,0.8076250125169754,0.008956489879369742,20,500,41,0.3217957615852356,0.37802997893095014,0.016251868586703758,forced,61,gated,,expD_symbolic_kv,5,symbolic_key_value_retrieval,20,1.0,8,prefix-all
1.0,1.0,0.9996312495470047,0.001369577144749053,20,500,20,1.256991527043283e-05,0.002030641111512523,0.006028808875225737,forced,20,gated,0,expD_symbolic_kv,5,symbolic_key_value_retrieval,20,1.0,8,source-pinned-noise-fifo
0.9750000238418579,0.956250011920929,0.956818762421608,0.004773054362208814,20,500,20,0.040651991963386536,0.06296608076244593,0.0071567602939687155,forced,40,gated,20,expD_symbolic_kv,5,symbolic_key_value_retrieval,20,1.0,8,source-pinned-noise-fifo
0.9750000238418579,0.956250011920929,0.956818762421608,0.004773054362208814,20,500,20,0.040651991963386536,0.06296608076244593,0.0071567602939687155,forced,60,gated,40,expD_symbolic_kv,5,symbolic_key_value_retrieval,20,1.0,8,source-pinned-noise-fifo
0.9750000238418579,0.956250011920929,0.956818762421608,0.004773054362208814,20,500,20,0.040651991963386536,0.06296608076244593,0.0071567602939687155,forced,100,gated,80,expD_symbolic_kv,5,symbolic_key_value_retrieval,20,1.0,8,source-pinned-noise-fifo
0.7718750238418579,0.731249988079071,0.7358375114202499,0.008929505812479746,40,500,20,0.5324246287345886,0.605959279179573,0.020584033676264837,forced,10,gated,,expD_symbolic_kv,5,symbolic_key_value_retrieval,10,0.5,8,source-only
0.9468750357627869,0.918749988079071,0.9197437608242035,0.006501857092992854,40,500,20,0.103546641767025,0.14023958356678487,0.010154777606367432,forced,15,gated,,expD_symbolic_kv,5,symbolic_key_value_retrieval,15,0.75,8,source-only
1.0,1.0,0.999712499499321,0.0010804369755683919,40,500,20,9.861524449661374e-05,0.0018829775616759435,0.004901849668998902,forced,20,gated,,expD_symbolic_kv,5,symbolic_key_value_retrieval,20,1.0,8,source-only
1.0,1.0,0.999712499499321,0.0010804369755683919,40,500,20,9.861524449661374e-05,0.0018829775616759435,0.004901849668998902,forced,25,gated,,expD_symbolic_kv,5,symbolic_key_value_retrieval,20,1.0,8,source-only
1.0,1.0,0.999712499499321,0.0010804369755683919,40,500,20,9.861524449661374e-05,0.0018829775616759435,0.004901849668998902,forced,30,gated,,expD_symbolic_kv,5,symbolic_key_value_retrieval,20,1.0,8,source-only
0.3531250059604645,0.2562499940395355,0.27056250593066217,0.017526654624294796,40,500,61,1.6395633220672607,1.6544488310813903,0.001672479455601754,forced,10,gated,,expD_symbolic_kv,5,symbolic_key_value_retrieval,0,0.0,8,prefix-all
0.34375,0.28437501192092896,0.2711875050961971,0.017888434371243846,40,500,61,1.6424751281738281,1.6544837110042572,0.001685335516973486,forced,20,gated,,expD_symbolic_kv,5,symbolic_key_value_retrieval,0,0.0,8,prefix-all
0.846875011920929,0.8125,0.8133750123977661,0.007799738417438954,40,500,61,0.3470267355442047,0.4108971059918404,0.01749128806577157,forced,59,gated,,expD_symbolic_kv,5,symbolic_key_value_retrieval,18,0.9,8,prefix-all
0.9125000238418579,0.893750011920929,0.8859812607765197,0.007524571774125131,40,500,61,0.17725805938243866,0.22574291595816612,0.012679436257475321,forced,60,gated,,expD_symbolic_kv,5,symbolic_key_value_retrieval,19,0.95,8,prefix-all
1.0,1.0,0.9996124991178512,0.0011207570408509498,40,500,61,2.3412727387039922e-05,0.002266566406862694,0.005596469757153925,forced,61,gated,,expD_symbolic_kv,5,symbolic_key_value_retrieval,20,1.0,8,prefix-all
1.0,1.0,0.9996124991178512,0.0011207570408509498,40,500,61,2.3412727387039922e-05,0.002266566406862694,0.005596469757153925,forced,62,gated,,expD_symbolic_kv,5,symbolic_key_value_retrieval,20,1.0,8,prefix-all
1.0,1.0,0.9996124991178512,0.0011207570408509498,40,500,61,2.3412727387039922e-05,0.002266566406862694,0.005596469757153925,forced,63,gated,,expD_symbolic_kv,5,symbolic_key_value_retrieval,20,1.0,8,prefix-all
1.0,1.0,0.9996124991178512,0.0011207570408509498,40,500,61,2.3412727387039922e-05,0.002266566406862694,0.005596469757153925,forced,71,gated,,expD_symbolic_kv,5,symbolic_key_value_retrieval,20,1.0,8,prefix-all
1.0,1.0,0.9996124991178512,0.0011207570408509498,40,500,61,2.3412727387039922e-05,0.002266566406862694,0.005596469757153925,forced,81,gated,,expD_symbolic_kv,5,symbolic_key_value_retrieval,20,1.0,8,prefix-all
1.0,1.0,0.999712499499321,0.0010804369755683919,40,500,20,9.861524449661374e-05,0.0018829775616759435,0.004901849668998902,forced,20,gated,0,expD_symbolic_kv,5,symbolic_key_value_retrieval,20,1.0,8,source-pinned-noise-fifo
1.0,1.0,0.9996624994277954,0.0014126101092312982,40,500,20,2.8219026717124507e-05,0.002314876285963692,0.007483275389932068,forced,40,gated,20,expD_symbolic_kv,5,symbolic_key_value_retrieval,20,1.0,8,source-pinned-noise-fifo
0.9750000238418579,0.953125,0.9570062611103057,0.004549469082071059,40,500,20,0.03547916188836098,0.06241588677465916,0.006680877842851242,forced,60,gated,40,expD_symbolic_kv,5,symbolic_key_value_retrieval,20,1.0,8,source-pinned-noise-fifo
0.9750000238418579,0.953125,0.9570062611103057,0.004549469082071059,40,500,20,0.03547916188836098,0.06241588677465916,0.006680877842851242,forced,100,gated,80,expD_symbolic_kv,5,symbolic_key_value_retrieval,20,1.0,8,source-pinned-noise-fifo
0.778124988079071,0.746874988079071,0.7354625115394592,0.009182872859336543,80,500,20,0.5325433611869812,0.6061201603412628,0.020067793583855967,forced,10,gated,,expD_symbolic_kv,5,symbolic_key_value_retrieval,10,0.5,8,source-only
0.9437500238418579,0.925000011920929,0.9193250128030777,0.006721396782953454,80,500,20,0.09861131757497787,0.14231636016070842,0.013962269130340923,forced,15,gated,,expD_symbolic_kv,5,symbolic_key_value_retrieval,15,0.75,8,source-only
1.0,1.0,0.9998562499284744,0.0007647243463146574,80,500,20,3.0994553526397794e-05,0.0011206376689806348,0.004304735423310905,forced,20,gated,,expD_symbolic_kv,5,symbolic_key_value_retrieval,20,1.0,8,source-only
1.0,1.0,0.9998562499284744,0.0007647243463146574,80,500,20,3.0994553526397794e-05,0.0011206376689806348,0.004304735423310905,forced,25,gated,,expD_symbolic_kv,5,symbolic_key_value_retrieval,20,1.0,8,source-only
1.0,1.0,0.9998562499284744,0.0007647243463146574,80,500,20,3.0994553526397794e-05,0.0011206376689806348,0.004304735423310905,forced,30,gated,,expD_symbolic_kv,5,symbolic_key_value_retrieval,20,1.0,8,source-only
0.3375000059604645,0.25,0.27123750546574593,0.017793955508993545,80,500,101,1.6357967853546143,1.654603744506836,0.0019404723837216896,forced,10,gated,,expD_symbolic_kv,5,symbolic_key_value_retrieval,0,0.0,8,prefix-all
0.3375000059604645,0.24687500298023224,0.2714062551259995,0.01799508979254304,80,500,101,1.6419681310653687,1.6559027080535889,0.011971845829492647,forced,20,gated,,expD_symbolic_kv,5,symbolic_key_value_retrieval,0,0.0,8,prefix-all
0.84375,0.800000011920929,0.8083312622308731,0.009357506455062493,80,500,101,0.32060688734054565,0.37599714839458465,0.01697298942366195,forced,99,gated,,expD_symbolic_kv,5,symbolic_key_value_retrieval,18,0.9,8,prefix-all
0.871874988079071,0.8375000357627869,0.8409500116109848,0.009858957729017967,80,500,101,0.22354862093925476,0.27543152126669884,0.013982334751361182,forced,100,gated,,expD_symbolic_kv,5,symbolic_key_value_retrieval,19,0.95,8,prefix-all
0.9781250357627869,0.956250011920929,0.9567750107049942,0.004828891414091657,80,500,101,0.03153231739997864,0.06372912402451038,0.010084413338441525,forced,101,gated,,expD_symbolic_kv,5,symbolic_key_value_retrieval,20,1.0,8,prefix-all
0.9781250357627869,0.956250011920929,0.9567750107049942,0.004828891414091657,80,500,101,0.03153231739997864,0.06372912402451038,0.010084413338441525,forced,102,gated,,expD_symbolic_kv,5,symbolic_key_value_retrieval,20,1.0,8,prefix-all
0.9781250357627869,0.956250011920929,0.9567750107049942,0.004828891414091657,80,500,101,0.03153231739997864,0.06372912402451038,0.010084413338441525,forced,103,gated,,expD_symbolic_kv,5,symbolic_key_value_retrieval,20,1.0,8,prefix-all
0.9781250357627869,0.956250011920929,0.9567750107049942,0.004828891414091657,80,500,101,0.03153231739997864,0.06372912402451038,0.010084413338441525,forced,111,gated,,expD_symbolic_kv,5,symbolic_key_value_retrieval,20,1.0,8,prefix-all
0.9781250357627869,0.956250011920929,0.9567750107049942,0.004828891414091657,80,500,101,0.03153231739997864,0.06372912402451038,0.010084413338441525,forced,121,gated,,expD_symbolic_kv,5,symbolic_key_value_retrieval,20,1.0,8,prefix-all
1.0,1.0,0.9998562499284744,0.0007647243463146574,80,500,20,3.0994553526397794e-05,0.0011206376689806348,0.004304735423310905,forced,20,gated,0,expD_symbolic_kv,5,symbolic_key_value_retrieval,20,1.0,8,source-pinned-noise-fifo
1.0,1.0,0.999762499332428,0.0008740189993204302,80,500,20,4.359738522907719e-05,0.0014263237060440587,0.004173744014919033,forced,40,gated,20,expD_symbolic_kv,5,symbolic_key_value_retrieval,20,1.0,8,source-pinned-noise-fifo
1.0,1.0,0.9994249994754791,0.001562948645854907,80,500,20,3.0880572012392804e-05,0.0036653619267599425,0.008826343058494005,forced,60,gated,40,expD_symbolic_kv,5,symbolic_key_value_retrieval,20,1.0,8,source-pinned-noise-fifo
1.0,1.0,0.9996999995708465,0.0010401320793694087,80,500,20,2.3232802050188184e-05,0.0015946320833827485,0.004701261145185404,forced,100,gated,80,expD_symbolic_kv,5,symbolic_key_value_retrieval,20,1.0,8,source-pinned-noise-fifo
0.7718750238418579,0.7437500357627869,0.7338687620162964,0.009635828411303268,20,500,20,0.5121181607246399,0.6105179233551026,0.023624681008945356,forced,10,gated,,expD_symbolic_kv,6,symbolic_key_value_retrieval,10,0.5,8,source-only
0.9468750357627869,0.9281250238418579,0.9189812613725662,0.006477517104436061,20,500,20,0.10057900100946426,0.14426193428039552,0.011334730503182197,forced,15,gated,,expD_symbolic_kv,6,symbolic_key_value_retrieval,15,0.75,8,source-only
1.0,1.0,0.9993875004053115,0.0022132031844164673,20,500,20,2.1233907318674028e-05,0.003405736462398636,0.011549594204473601,forced,20,gated,,expD_symbolic_kv,6,symbolic_key_value_retrieval,20,1.0,8,source-only
1.0,1.0,0.9993875004053115,0.0022132031844164673,20,500,20,2.1233907318674028e-05,0.003405736462398636,0.011549594204473601,forced,25,gated,,expD_symbolic_kv,6,symbolic_key_value_retrieval,20,1.0,8,source-only
1.0,1.0,0.9993875004053115,0.0022132031844164673,20,500,20,2.1233907318674028e-05,0.003405736462398636,0.011549594204473601,forced,30,gated,,expD_symbolic_kv,6,symbolic_key_value_retrieval,20,1.0,8,source-only
0.34375,0.3031249940395355,0.2719875055551529,0.017963370612426758,20,500,41,1.6431602239608765,1.654671366930008,0.00196668557607019,forced,10,gated,,expD_symbolic_kv,6,symbolic_key_value_retrieval,0,0.0,8,prefix-all
0.503125011920929,0.46875,0.4415375058054924,0.015368753526008302,20,500,41,1.0727598667144775,1.1674860818386077,0.021149069162711604,forced,20,gated,,expD_symbolic_kv,6,symbolic_key_value_retrieval,0,0.0,8,prefix-all
1.0,1.0,0.9997562493085861,0.0009265838487174684,20,500,41,1.2625663657672703e-05,0.0013339514648614567,0.003563147625997504,forced,39,gated,,expD_symbolic_kv,6,symbolic_key_value_retrieval,18,0.9,8,prefix-all
1.0,1.0,0.9994312496185302,0.0019386975380755078,20,500,41,2.836394742189441e-05,0.0028465245139377656,0.007872680720862182,forced,40,gated,,expD_symbolic_kv,6,symbolic_key_value_retrieval,19,0.95,8,prefix-all
1.0,1.0,0.9997062491178512,0.0010512474916076142,20,500,41,1.3445785043586511e-05,0.0016534375427363556,0.005003879367431528,forced,41,gated,,expD_symbolic_kv,6,symbolic_key_value_retrieval,20,1.0,8,prefix-all
1.0,1.0,0.9997062491178512,0.0010512474916076142,20,500,41,1.3445785043586511e-05,0.0016534375427363556,0.005003879367431528,forced,42,gated,,expD_symbolic_kv,6,symbolic_key_value_retrieval,20,1.0,8,prefix-all
1.0,1.0,0.9997062491178512,0.0010512474916076142,20,500,41,1.3445785043586511e-05,0.0016534375427363556,0.005003879367431528,forced,43,gated,,expD_symbolic_kv,6,symbolic_key_value_retrieval,20,1.0,8,prefix-all
1.0,1.0,0.9997062491178512,0.0010512474916076142,20,500,41,1.3445785043586511e-05,0.0016534375427363556,0.005003879367431528,forced,51,gated,,expD_symbolic_kv,6,symbolic_key_value_retrieval,20,1.0,8,prefix-all
1.0,1.0,0.9997062491178512,0.0010512474916076142,20,500,41,1.3445785043586511e-05,0.0016534375427363556,0.005003879367431528,forced,61,gated,,expD_symbolic_kv,6,symbolic_key_value_retrieval,20,1.0,8,prefix-all
1.0,1.0,0.9993875004053115,0.0022132031844164673,20,500,20,2.1233907318674028e-05,0.003405736462398636,0.011549594204473601,forced,20,gated,0,expD_symbolic_kv,6,symbolic_key_value_retrieval,20,1.0,8,source-pinned-noise-fifo
1.0,1.0,0.9993625000715256,0.001648812727524328,20,500,20,1.2970871466677636e-05,0.0037029352266763453,0.008674854134236779,forced,40,gated,20,expD_symbolic_kv,6,symbolic_key_value_retrieval,20,1.0,8,source-pinned-noise-fifo
1.0,1.0,0.9993625000715256,0.001648812727524328,20,500,20,1.2970871466677636e-05,0.0037029352266763453,0.008674854134236779,forced,60,gated,40,expD_symbolic_kv,6,symbolic_key_value_retrieval,20,1.0,8,source-pinned-noise-fifo
1.0,1.0,0.9993625000715256,0.001648812727524328,20,500,20,1.2970871466677636e-05,0.0037029352266763453,0.008674854134236779,forced,100,gated,80,expD_symbolic_kv,6,symbolic_key_value_retrieval,20,1.0,8,source-pinned-noise-fifo
0.7750000357627869,0.7093750238418579,0.7353812625408173,0.009359526397406729,40,500,20,0.5196971893310547,0.6053047623634339,0.019963975195349974,forced,10,gated,,expD_symbolic_kv,6,symbolic_key_value_retrieval,10,0.5,8,source-only
0.949999988079071,0.918749988079071,0.9196500101089478,0.006878589190725343,40,500,20,0.094638392329216,0.14123256339132786,0.011105862386288341,forced,15,gated,,expD_symbolic_kv,6,symbolic_key_value_retrieval,15,0.75,8,source-only
1.0,1.0,0.9996937490701675,0.001066153851643848,40,500,20,2.7439420591690578e-05,0.0017311075230027199,0.004834074147459784,forced,20,gated,,expD_symbolic_kv,6,symbolic_key_value_retrieval,20,1.0,8,source-only
1.0,1.0,0.9996937490701675,0.001066153851643848,40,500,20,2.7439420591690578e-05,0.0017311075230027199,0.004834074147459784,forced,25,gated,,expD_symbolic_kv,6,symbolic_key_value_retrieval,20,1.0,8,source-only
1.0,1.0,0.9996937490701675,0.001066153851643848,40,500,20,2.7439420591690578e-05,0.0017311075230027199,0.004834074147459784,forced,30,gated,,expD_symbolic_kv,6,symbolic_key_value_retrieval,20,1.0,8,source-only
0.35625001788139343,0.2593750059604645,0.27166875568032267,0.018962762863482086,40,500,61,1.641060471534729,1.654622330904007,0.001753199637629205,forced,10,gated,,expD_symbolic_kv,6,symbolic_key_value_retrieval,0,0.0,8,prefix-all
0.3531250059604645,0.2593750059604645,0.27145625510811805,0.018444396503345062,40,500,61,1.6423921585083008,1.6546465556621552,0.001775435168491308,forced,20,gated,,expD_symbolic_kv,6,symbolic_key_value_retrieval,0,0.0,8,prefix-all
0.9781250357627869,0.956250011920929,0.9568000109195709,0.004521035738699023,40,500,61,0.035929124802351,0.06219946468621492,0.007333843059198497,forced,59,gated,,expD_symbolic_kv,6,symbolic_key_value_retrieval,18,0.9,8,prefix-all
0.9125000238418579,0.878125011920929,0.8756000120639801,0.00891317480438102,40,500,61,0.1502830684185028,0.20490108385682107,0.016549351369058427,forced,60,gated,,expD_symbolic_kv,6,symbolic_key_value_retrieval,19,0.95,8,prefix-all
0.909375011920929,0.8687500357627869,0.8767750115394592,0.008089693317882415,40,500,61,0.1469780057668686,0.20101038363575935,0.012581202671862461,forced,61,gated,,expD_symbolic_kv,6,symbolic_key_value_retrieval,20,1.0,8,prefix-all
0.909375011920929,0.8687500357627869,0.8767750115394592,0.008089693317882415,40,500,61,0.1469780057668686,0.20101038363575935,0.012581202671862461,forced,62,gated,,expD_symbolic_kv,6,symbolic_key_value_retrieval,20,1.0,8,prefix-all
0.909375011920929,0.8687500357627869,0.8767750115394592,0.008089693317882415,40,500,61,0.1469780057668686,0.20101038363575935,0.012581202671862461,forced,63,gated,,expD_symbolic_kv,6,symbolic_key_value_retrieval,20,1.0,8,prefix-all
0.909375011920929,0.8687500357627869,0.8767750115394592,0.008089693317882415,40,500,61,0.1469780057668686,0.20101038363575935,0.012581202671862461,forced,71,gated,,expD_symbolic_kv,6,symbolic_key_value_retrieval,20,1.0,8,prefix-all
0.909375011920929,0.8687500357627869,0.8767750115394592,0.008089693317882415,40,500,61,0.1469780057668686,0.20101038363575935,0.012581202671862461,forced,81,gated,,expD_symbolic_kv,6,symbolic_key_value_retrieval,20,1.0,8,prefix-all
1.0,1.0,0.9996937490701675,0.001066153851643848,40,500,20,2.7439420591690578e-05,0.0017311075230027199,0.004834074147459784,forced,20,gated,0,expD_symbolic_kv,6,symbolic_key_value_retrieval,20,1.0,8,source-pinned-noise-fifo
1.0,1.0,0.9998937495946885,0.0005663432127017668,40,500,20,1.7593691154615954e-05,0.0008553371502748633,0.003761388240419495,forced,40,gated,20,expD_symbolic_kv,6,symbolic_key_value_retrieval,20,1.0,8,source-pinned-noise-fifo
0.9437500238418579,0.918749988079071,0.9195250117778778,0.0068966241026270705,40,500,20,0.10145187377929688,0.13991954571008683,0.01094393940848649,forced,60,gated,40,expD_symbolic_kv,6,symbolic_key_value_retrieval,20,1.0,8,source-pinned-noise-fifo
0.9437500238418579,0.918749988079071,0.9195250117778778,0.0068966241026270705,40,500,20,0.10145187377929688,0.13991954571008683,0.01094393940848649,forced,100,gated,80,expD_symbolic_kv,6,symbolic_key_value_retrieval,20,1.0,8,source-pinned-noise-fifo
0.7718750238418579,0.7406250238418579,0.7348187605142593,0.008982315594333509,80,500,20,0.5296043753623962,0.6059145625829697,0.019101392587013013,forced,10,gated,,expD_symbolic_kv,6,symbolic_key_value_retrieval,10,0.5,8,source-only
0.9468750357627869,0.918749988079071,0.9194562610387802,0.0073387092134538845,80,500,20,0.09930842369794846,0.1438662154972553,0.017385571983314436,forced,15,gated,,expD_symbolic_kv,6,symbolic_key_value_retrieval,15,0.75,8,source-only
1.0,1.0,0.9991312506198883,0.002998557901584711,80,500,20,8.237415386247449e-06,0.0052205448677996175,0.01627706744492942,forced,20,gated,,expD_symbolic_kv,6,symbolic_key_value_retrieval,20,1.0,8,source-only
1.0,1.0,0.9991312506198883,0.002998557901584711,80,500,20,8.237415386247449e-06,0.0052205448677996175,0.01627706744492942,forced,25,gated,,expD_symbolic_kv,6,symbolic_key_value_retrieval,20,1.0,8,source-only
1.0,1.0,0.9991312506198883,0.002998557901584711,80,500,20,8.237415386247449e-06,0.0052205448677996175,0.01627706744492942,forced,30,gated,,expD_symbolic_kv,6,symbolic_key_value_retrieval,20,1.0,8,source-only
0.34375,0.28125,0.27056875577569006,0.017626572966544705,80,500,101,1.6401077508926392,1.6544875807762145,0.0016920726758284683,forced,10,gated,,expD_symbolic_kv,6,symbolic_key_value_retrieval,0,0.0,8,prefix-all
0.34375,0.28437501192092896,0.2702375057041645,0.017892208186031988,80,500,101,1.6410070657730103,1.654636110305786,0.0018853413754204317,forced,20,gated,,expD_symbolic_kv,6,symbolic_key_value_retrieval,0,0.0,8,prefix-all
1.0,1.0,0.9996937491893768,0.0009901681252710802,80,500,101,2.7190317268832587e-05,0.0014672480132248893,0.003829848496522762,forced,99,gated,,expD_symbolic_kv,6,symbolic_key_value_retrieval,18,0.9,8,prefix-all
0.840624988079071,0.824999988079071,0.80502501142025,0.010322124201372384,80,500,101,0.30295783281326294,0.3662177038192749,0.01736047550089632,forced,100,gated,,expD_symbolic_kv,6,symbolic_key_value_retrieval,19,0.95,8,prefix-all
0.815625011920929,0.7750000357627869,0.7702312624454498,0.010524025942641823,80,500,101,0.3784180283546448,0.45585689508914945,0.01856359062980371,forced,101,gated,,expD_symbolic_kv,6,symbolic_key_value_retrieval,20,1.0,8,prefix-all
0.815625011920929,0.7750000357627869,0.7702312624454498,0.010524025942641823,80,500,101,0.3784180283546448,0.45585689508914945,0.01856359062980371,forced,102,gated,,expD_symbolic_kv,6,symbolic_key_value_retrieval,20,1.0,8,prefix-all
0.815625011920929,0.7750000357627869,0.7702312624454498,0.010524025942641823,80,500,101,0.3784180283546448,0.45585689508914945,0.01856359062980371,forced,103,gated,,expD_symbolic_kv,6,symbolic_key_value_retrieval,20,1.0,8,prefix-all
0.815625011920929,0.7750000357627869,0.7702312624454498,0.010524025942641823,80,500,101,0.3784180283546448,0.45585689508914945,0.01856359062980371,forced,111,gated,,expD_symbolic_kv,6,symbolic_key_value_retrieval,20,1.0,8,prefix-all
0.815625011920929,0.7750000357627869,0.7702312624454498,0.010524025942641823,80,500,101,0.3784180283546448,0.45585689508914945,0.01856359062980371,forced,121,gated,,expD_symbolic_kv,6,symbolic_key_value_retrieval,20,1.0,8,prefix-all
1.0,1.0,0.9991312506198883,0.002998557901584711,80,500,20,8.237415386247449e-06,0.0052205448677996175,0.01627706744492942,forced,20,gated,0,expD_symbolic_kv,6,symbolic_key_value_retrieval,20,1.0,8,source-pinned-noise-fifo
1.0,1.0,0.9997812496423721,0.0008899395923827758,80,500,20,1.5505251212744042e-05,0.0013853406488051406,0.004251723092251717,forced,40,gated,20,expD_symbolic_kv,6,symbolic_key_value_retrieval,20,1.0,8,source-pinned-noise-fifo
1.0,1.0,0.9999124997854233,0.0005521273462931066,80,500,20,2.377490818616934e-05,0.0006710356218245579,0.003348888193762802,forced,60,gated,40,expD_symbolic_kv,6,symbolic_key_value_retrieval,20,1.0,8,source-pinned-noise-fifo
0.9781250357627869,0.953125,0.9567750098705292,0.004853099081873811,80,500,20,0.03226366266608238,0.06212724534422159,0.007408356914540504,forced,100,gated,80,expD_symbolic_kv,6,symbolic_key_value_retrieval,20,1.0,8,source-pinned-noise-fifo
